{
    "measurements": [
        {
            "value": {"presence": true},
            "context": {
                "cell-type": " mouse embryo fibroblasts",
                "double-promoter-construct": {
                    "55B0E01A-3BAF-2AE3-41FF-A35DF06F0E5E": " RasV12",
                    "7EF50CCE-419E-51D4-5617-A35E0813FB9B": "none"
                },
                "feature": "ruffles",
                "primary-antibody": "Ras"
            }
        },
        {
            "value": {"presence": true},
            "context": {
                "cell-type": " mouse embryo fibroblasts",
                "double-promoter-construct": {
                    "55B0E01A-3BAF-2AE3-41FF-A35DF06F0E5E": " RacQL",
                    "7EF50CCE-419E-51D4-5617-A35E0813FB9B": "none"
                },
                "feature": "ruffles",
                "primary-antibody": "Rac"
            }
        },
        {
            "value": {"presence": false},
            "context": {
                "cell-type": " mouse embryo fibroblasts",
                "double-promoter-construct": {
                    "55B0E01A-3BAF-2AE3-41FF-A35DF06F0E5E": "E3b1WT",
                    "7EF50CCE-419E-51D4-5617-A35E0813FB9B": "none"
                },
                "feature": "ruffles",
                "primary-antibody": "ECFP"
            }
        },
        {
            "value": {"presence": false},
            "context": {
                "cell-type": " mouse embryo fibroblasts",
                "double-promoter-construct": {
                    "55B0E01A-3BAF-2AE3-41FF-A35DF06F0E5E": "E3b1DY",
                    "7EF50CCE-419E-51D4-5617-A35E0813FB9B": "none"
                },
                "feature": "ruffles",
                "primary-antibody": "ECFP"
            }
        },
        {
            "value": {"presence": true},
            "context": {
                "cell-type": " mouse embryo fibroblasts",
                "double-promoter-construct": {
                    "55B0E01A-3BAF-2AE3-41FF-A35DF06F0E5E": " RasV12",
                    "7EF50CCE-419E-51D4-5617-A35E0813FB9B": "E3b1WT"
                },
                "feature": "ruffles",
                "primary-antibody": "ECFP"
            }
        },
        {
            "value": {"presence": false},
            "context": {
                "cell-type": " mouse embryo fibroblasts",
                "double-promoter-construct": {
                    "55B0E01A-3BAF-2AE3-41FF-A35DF06F0E5E": " RasV12",
                    "7EF50CCE-419E-51D4-5617-A35E0813FB9B": "E3b1DY"
                },
                "feature": "ruffles",
                "primary-antibody": "ECFP"
            }
        },
        {
            "value": {"presence": true},
            "context": {
                "cell-type": " mouse embryo fibroblasts",
                "double-promoter-construct": {
                    "55B0E01A-3BAF-2AE3-41FF-A35DF06F0E5E": " RacQL",
                    "7EF50CCE-419E-51D4-5617-A35E0813FB9B": "E3b1WT"
                },
                "feature": "ruffles",
                "primary-antibody": "ECFP"
            }
        },
        {
            "value": {"presence": true},
            "context": {
                "cell-type": " mouse embryo fibroblasts",
                "double-promoter-construct": {
                    "55B0E01A-3BAF-2AE3-41FF-A35DF06F0E5E": " RacQL",
                    "7EF50CCE-419E-51D4-5617-A35E0813FB9B": "E3b1DY"
                },
                "feature": "ruffles",
                "primary-antibody": "ECFP"
            }
        }
    ],
    "type": "2Tfx-fix+stain_score",
    "name": "11777939-FIg6"
}
