{
    "measurements": [
        {
            "value": {"percentage-of-[3H]GDP-released": "13"},
            "context": {
                "immunoprecipitate": "control",
                "target-molecule": "Ras-GEF",
                "cell-type": "Cos-7",
                "promoter-construct": {
                    "EB0AE5F4-F762-8D2F-79EF-A392D46FF836": "none",
                    "53492923-70F3-2726-833F-A392D46F9446": "none",
                    "E92D6E2B-19A1-D523-F7C0-A392D46FDF84": "Sos-1"
                }
            }
        },
        {
            "value": {"percentage-of-[3H]GDP-released": "11"},
            "context": {
                "immunoprecipitate": "control",
                "target-molecule": "Rac-GEF",
                "cell-type": "Cos-7",
                "promoter-construct": {
                    "EB0AE5F4-F762-8D2F-79EF-A392D46FF836": "none",
                    "53492923-70F3-2726-833F-A392D46F9446": "none",
                    "E92D6E2B-19A1-D523-F7C0-A392D46FDF84": "Sos-1"
                }
            }
        },
        {
            "value": {"percentage-of-[3H]GDP-released": "29"},
            "context": {
                "immunoprecipitate": "Sos-1",
                "target-molecule": "Ras-GEF",
                "cell-type": "Cos-7",
                "promoter-construct": {
                    "EB0AE5F4-F762-8D2F-79EF-A392D46FF836": "none",
                    "53492923-70F3-2726-833F-A392D46F9446": "none",
                    "E92D6E2B-19A1-D523-F7C0-A392D46FDF84": "Sos-1"
                }
            }
        },
        {
            "value": {"percentage-of-[3H]GDP-released": "13"},
            "context": {
                "immunoprecipitate": "Sos-1",
                "target-molecule": "Rac-GEF",
                "cell-type": "Cos-7",
                "promoter-construct": {
                    "EB0AE5F4-F762-8D2F-79EF-A392D46FF836": "none",
                    "53492923-70F3-2726-833F-A392D46F9446": "none",
                    "E92D6E2B-19A1-D523-F7C0-A392D46FDF84": "Sos-1"
                }
            }
        },
        {
            "value": {"percentage-of-[3H]GDP-released": "12"},
            "context": {
                "immunoprecipitate": "control",
                "target-molecule": "Ras-GEF",
                "cell-type": "Cos-7",
                "promoter-construct": {
                    "EB0AE5F4-F762-8D2F-79EF-A392D46FF836": "E3b1",
                    "53492923-70F3-2726-833F-A392D46F9446": "Eps8",
                    "E92D6E2B-19A1-D523-F7C0-A392D46FDF84": "Sos-1"
                }
            }
        },
        {
            "value": {"percentage-of-[3H]GDP-released": "9"},
            "context": {
                "immunoprecipitate": "control",
                "target-molecule": "Rac-GEF",
                "cell-type": "Cos-7",
                "promoter-construct": {
                    "EB0AE5F4-F762-8D2F-79EF-A392D46FF836": "E3b1",
                    "53492923-70F3-2726-833F-A392D46F9446": "Eps8",
                    "E92D6E2B-19A1-D523-F7C0-A392D46FDF84": "Sos-1"
                }
            }
        },
        {
            "value": {"percentage-of-[3H]GDP-released": "35"},
            "context": {
                "immunoprecipitate": "Sos-1",
                "target-molecule": "Ras-GEF",
                "cell-type": "Cos-7",
                "promoter-construct": {
                    "EB0AE5F4-F762-8D2F-79EF-A392D46FF836": "E3b1",
                    "53492923-70F3-2726-833F-A392D46F9446": "Eps8",
                    "E92D6E2B-19A1-D523-F7C0-A392D46FDF84": "Sos-1"
                }
            }
        },
        {
            "value": {"percentage-of-[3H]GDP-released": "28"},
            "context": {
                "immunoprecipitate": "Sos-1",
                "target-molecule": "Rac-GEF",
                "cell-type": "Cos-7",
                "promoter-construct": {
                    "EB0AE5F4-F762-8D2F-79EF-A392D46FF836": "E3b1",
                    "53492923-70F3-2726-833F-A392D46F9446": "Eps8",
                    "E92D6E2B-19A1-D523-F7C0-A392D46FDF84": "Sos-1"
                }
            }
        },
        {
            "value": {"percentage-of-[3H]GDP-released": "13"},
            "context": {
                "immunoprecipitate": "Eps8",
                "target-molecule": "Ras-GEF",
                "cell-type": "Cos-7",
                "promoter-construct": {
                    "EB0AE5F4-F762-8D2F-79EF-A392D46FF836": "E3b1",
                    "53492923-70F3-2726-833F-A392D46F9446": "Eps8",
                    "E92D6E2B-19A1-D523-F7C0-A392D46FDF84": "Sos-1"
                }
            }
        },
        {
            "value": {"percentage-of-[3H]GDP-released": "26"},
            "context": {
                "immunoprecipitate": "Eps8",
                "target-molecule": "Rac-GEF",
                "cell-type": "Cos-7",
                "promoter-construct": {
                    "EB0AE5F4-F762-8D2F-79EF-A392D46FF836": "E3b1",
                    "53492923-70F3-2726-833F-A392D46F9446": "Eps8",
                    "E92D6E2B-19A1-D523-F7C0-A392D46FDF84": "Sos-1"
                }
            }
        }
    ],
    "type": "3Tfx_IP_ActivityAssay",
    "name": "11777939-Fig7B"
}