{
    "measurements": [
        {
            "value": {"mobility-shift": "0"},
            "context": {
                "reagent-treatment": {
                    "EE982CB1-5942-4FE4-713E-A7EF1C2DEDE0": "\"0,1,3,4,10,15\"",
                    "04215A11-F5BD-654F-DA9A-A7EB049FF103": "PDGF"
                },
                "immunoprecipitate": "control",
                "cell-type": "mouse wmbryo fibroblast",
                "primary-antibody": "PDGFR"
            }
        },
        {
            "value": {"mobility-shift": true},
            "context": {
                "reagent-treatment": {
                    "EE982CB1-5942-4FE4-713E-A7EF1C2DEDE0": "\"0,1,3,4,10,15\"",
                    "04215A11-F5BD-654F-DA9A-A7EB049FF103": "PDGF / control"
                },
                "immunoprecipitate": "control",
                "cell-type": "mouse wmbryo fibroblast",
                "primary-antibody": "Sos-1"
            }
        },
        {
            "value": {"mobility-shift": "0"},
            "context": {
                "reagent-treatment": {
                    "EE982CB1-5942-4FE4-713E-A7EF1C2DEDE0": "\"0,1,3,4,10,15\"",
                    "04215A11-F5BD-654F-DA9A-A7EB049FF103": "PDGF / control"
                },
                "immunoprecipitate": "PDGFR",
                "cell-type": "mouse wmbryo fibroblast",
                "primary-antibody": "PDGFR"
            }
        },
        {
            "value": {"mobility-shift": "0"},
            "context": {
                "reagent-treatment": {
                    "EE982CB1-5942-4FE4-713E-A7EF1C2DEDE0": "\"0,1,3,4,10,15\"",
                    "04215A11-F5BD-654F-DA9A-A7EB049FF103": "PDGF / control"
                },
                "immunoprecipitate": "PDGFR",
                "cell-type": "mouse wmbryo fibroblast",
                "primary-antibody": "Sos-1"
            }
        }
    ],
    "type": "TimedIncubation_IP_WB_MobiltyShift",
    "name": "11777939-Fig8B"
}