{
    "measurements": [
        {
            "value": {"protein-concentration": "7/7: very high"},
            "context": {
                "primary-antibody": " Sos-1",
                "blocking-peptide": "control",
                "reagent": "control",
                "modified-cell-type": {
                    "441BBB0F-1F8F-C77C-E873-A79A792435BA": "eps8",
                    "7D5FBFDE-C38F-F3AF-BA21-A79A6112EB58": "fibroblast",
                    "2FD9E45A-20C6-30B6-3B00-A79A99757381": "-/-"
                },
                "promoter-construct": "Eps8-myc"
            }
        },
        {
            "value": {"protein-concentration": "7/7: very high"},
            "context": {
                "primary-antibody": " Sos-1",
                "blocking-peptide": "control",
                "reagent": "control",
                "modified-cell-type": {
                    "441BBB0F-1F8F-C77C-E873-A79A792435BA": "eps8",
                    "7D5FBFDE-C38F-F3AF-BA21-A79A6112EB58": "fibroblast",
                    "2FD9E45A-20C6-30B6-3B00-A79A99757381": "-/-"
                },
                "promoter-construct": "control"
            }
        },
        {
            "value": {"protein-concentration": "0/7: none"},
            "context": {
                "primary-antibody": "Sos-1",
                "blocking-peptide": "control",
                "reagent": "GST",
                "modified-cell-type": {
                    "441BBB0F-1F8F-C77C-E873-A79A792435BA": "eps8",
                    "7D5FBFDE-C38F-F3AF-BA21-A79A6112EB58": "fibroblast",
                    "2FD9E45A-20C6-30B6-3B00-A79A99757381": "-/-"
                },
                "promoter-construct": "Eps8-myc"
            }
        },
        {
            "value": {"protein-concentration": "0/7: none"},
            "context": {
                "primary-antibody": "Sos-1",
                "blocking-peptide": "control",
                "reagent": "Cdc42",
                "modified-cell-type": {
                    "441BBB0F-1F8F-C77C-E873-A79A792435BA": "eps8",
                    "7D5FBFDE-C38F-F3AF-BA21-A79A6112EB58": "fibroblast",
                    "2FD9E45A-20C6-30B6-3B00-A79A99757381": "-/-"
                },
                "promoter-construct": "Eps8-myc"
            }
        },
        {
            "value": {"protein-concentration": "6/7: high"},
            "context": {
                "primary-antibody": "Sos-1",
                "blocking-peptide": "control",
                "reagent": "Rac (GTP-Rac depleted of GTP)",
                "modified-cell-type": {
                    "441BBB0F-1F8F-C77C-E873-A79A792435BA": "eps8",
                    "7D5FBFDE-C38F-F3AF-BA21-A79A6112EB58": "fibroblast",
                    "2FD9E45A-20C6-30B6-3B00-A79A99757381": "-/-"
                },
                "promoter-construct": "Eps8-myc"
            }
        },
        {
            "value": {"protein-concentration": "1/7: very low"},
            "context": {
                "primary-antibody": "Sos-1",
                "blocking-peptide": "PPPPPVDYTEDEE (PXXDY)",
                "reagent": "Rac (GTP-Rac depleted of GTP)",
                "modified-cell-type": {
                    "441BBB0F-1F8F-C77C-E873-A79A792435BA": "eps8",
                    "7D5FBFDE-C38F-F3AF-BA21-A79A6112EB58": "fibroblast",
                    "2FD9E45A-20C6-30B6-3B00-A79A99757381": "-/-"
                },
                "promoter-construct": "Eps8-myc"
            }
        },
        {
            "value": {"protein-concentration": "6/7: high"},
            "context": {
                "primary-antibody": "Sos-1",
                "blocking-peptide": "PPPPPPVDATEDEE (PXXDA)",
                "reagent": "Rac (GTP-Rac depleted of GTP)",
                "modified-cell-type": {
                    "441BBB0F-1F8F-C77C-E873-A79A792435BA": "eps8",
                    "7D5FBFDE-C38F-F3AF-BA21-A79A6112EB58": "fibroblast",
                    "2FD9E45A-20C6-30B6-3B00-A79A99757381": "-/-"
                },
                "promoter-construct": "Eps8-myc"
            }
        },
        {
            "value": {"protein-concentration": "1/7: very low"},
            "context": {
                "primary-antibody": "Sos-1",
                "blocking-peptide": "VPVPPPVPPRRR (PXXP)",
                "reagent": "Rac (GTP-Rac depleted of GTP)",
                "modified-cell-type": {
                    "441BBB0F-1F8F-C77C-E873-A79A792435BA": "eps8",
                    "7D5FBFDE-C38F-F3AF-BA21-A79A6112EB58": "fibroblast",
                    "2FD9E45A-20C6-30B6-3B00-A79A99757381": "-/-"
                },
                "promoter-construct": "Eps8-myc"
            }
        }
    ],
    "type": "Incubate_Competition_WB",
    "name": "11777939-Fig7C"
}