{
    "measurements": [
        {
            "value": {"protein-concentration": "low"},
            "context": {
                "primary-antibody": "Sos-1",
                "immunoprecipitate": "Grb2",
                "cell-type": "293T",
                "promoter-construct": "E3b1"
            }
        },
        {
            "value": {"protein-concentration": "high"},
            "context": {
                "primary-antibody": "Sos-1",
                "immunoprecipitate": "Grb2",
                "cell-type": "293T",
                "promoter-construct": "control"
            }
        },
        {
            "value": {"protein-concentration": "high"},
            "context": {
                "primary-antibody": "Grb2",
                "immunoprecipitate": "Grb2",
                "cell-type": "293T",
                "promoter-construct": "E3b1"
            }
        },
        {
            "value": {"protein-concentration": "high"},
            "context": {
                "primary-antibody": "Grb2",
                "immunoprecipitate": "Grb2",
                "cell-type": "293T",
                "promoter-construct": "control"
            }
        },
        {
            "value": {"protein-concentration": "none"},
            "context": {
                "primary-antibody": "Sos-1",
                "immunoprecipitate": "control",
                "cell-type": "293T",
                "promoter-construct": "control"
            }
        },
        {
            "value": {"protein-concentration": "none"},
            "context": {
                "primary-antibody": "Grb2",
                "immunoprecipitate": "control",
                "cell-type": "293T",
                "promoter-construct": "control"
            }
        }
    ],
    "type": "Transfect_IP_WB",
    "name": "11777939-Fig3B"
}