{
    "measurements": [
        {
            "value": {"band-density": "moderate"},
            "context": {
                "competing-molecular-fragment": {
                    "CAD08E1E-7836-4DA3-8E1D-79FCD79844C3": "NH2 terminal SH3 domain of Grb2",
                    "B64B17F7-B42A-4312-41E7-79FCF4A9F3DB": {"value": "0", "units": "pM"}
                },
                "primary-molecular-fragment": {
                    "E3131488-F16A-1D51-F1AE-79BE0E0A5234": {"value": "60", "units": "pM"},
                    "D15F9F4F-8F5D-4A93-8FD1-79BDD4599723": "GST-E3b1",
                    "7D1FF38D-2AF0-D4F7-629F-79BDFB06B524": "480",
                    "FA3552B5-B3B9-F86B-6A8E-79BDE6C23087": "331"
                },
                "tagged-molecular-fragment": {
                    "CD225F82-270F-416A-3876-79B9F4722EF2": "Sos-1",
                    "21B5B5B0-34BB-625E-B925-79BA1172D3A3": "1131",
                    "88B9BEE7-B70A-2502-E96E-79BA39B82ABB": "1133",
                    "5D996428-7B23-0BA5-747A-79B9D86C305C": "His",
                    "016D9680-3A67-6D21-648B-79BA8F04D5B9": {"value": "10", "units": "pM"}
                },
                "antibody": "His"
            }
        },
        {
            "value": {"band-density": "moderate"},
            "context": {
                "competing-molecular-fragment": {
                    "CAD08E1E-7836-4DA3-8E1D-79FCD79844C3": "NH2 terminal SH3 domain of Grb2",
                    "B64B17F7-B42A-4312-41E7-79FCF4A9F3DB": {"value": "10", "units": "pM"}
                },
                "primary-molecular-fragment": {
                    "E3131488-F16A-1D51-F1AE-79BE0E0A5234": {"value": "60", "units": "pM"},
                    "D15F9F4F-8F5D-4A93-8FD1-79BDD4599723": "GST-E3b1",
                    "7D1FF38D-2AF0-D4F7-629F-79BDFB06B524": "480",
                    "FA3552B5-B3B9-F86B-6A8E-79BDE6C23087": "331"
                },
                "tagged-molecular-fragment": {
                    "CD225F82-270F-416A-3876-79B9F4722EF2": "Sos-1",
                    "21B5B5B0-34BB-625E-B925-79BA1172D3A3": "1131",
                    "88B9BEE7-B70A-2502-E96E-79BA39B82ABB": "1133",
                    "5D996428-7B23-0BA5-747A-79B9D86C305C": "His",
                    "016D9680-3A67-6D21-648B-79BA8F04D5B9": {"value": "10", "units": "pM"}
                },
                "antibody": "His"
            }
        },
        {
            "value": {"band-density": "very low"},
            "context": {
                "competing-molecular-fragment": {
                    "CAD08E1E-7836-4DA3-8E1D-79FCD79844C3": "NH2 terminal SH3 domain of Grb2",
                    "B64B17F7-B42A-4312-41E7-79FCF4A9F3DB": {"value": "100", "units": "pM"}
                },
                "primary-molecular-fragment": {
                    "E3131488-F16A-1D51-F1AE-79BE0E0A5234": {"value": "60", "units": "pM"},
                    "D15F9F4F-8F5D-4A93-8FD1-79BDD4599723": "GST-E3b1",
                    "7D1FF38D-2AF0-D4F7-629F-79BDFB06B524": "480",
                    "FA3552B5-B3B9-F86B-6A8E-79BDE6C23087": "331"
                },
                "tagged-molecular-fragment": {
                    "CD225F82-270F-416A-3876-79B9F4722EF2": "Sos-1",
                    "21B5B5B0-34BB-625E-B925-79BA1172D3A3": "1131",
                    "88B9BEE7-B70A-2502-E96E-79BA39B82ABB": "1133",
                    "5D996428-7B23-0BA5-747A-79B9D86C305C": "His",
                    "016D9680-3A67-6D21-648B-79BA8F04D5B9": {"value": "10", "units": "pM"}
                },
                "antibody": "His"
            }
        },
        {
            "value": {"band-density": "none"},
            "context": {
                "competing-molecular-fragment": {
                    "CAD08E1E-7836-4DA3-8E1D-79FCD79844C3": "NH2 terminal SH3 domain of Grb2",
                    "B64B17F7-B42A-4312-41E7-79FCF4A9F3DB": {"value": "1000", "units": "pM"}
                },
                "primary-molecular-fragment": {
                    "E3131488-F16A-1D51-F1AE-79BE0E0A5234": {"value": "60", "units": "pM"},
                    "D15F9F4F-8F5D-4A93-8FD1-79BDD4599723": "GST-E3b1",
                    "7D1FF38D-2AF0-D4F7-629F-79BDFB06B524": "480",
                    "FA3552B5-B3B9-F86B-6A8E-79BDE6C23087": "331"
                },
                "tagged-molecular-fragment": {
                    "CD225F82-270F-416A-3876-79B9F4722EF2": "Sos-1",
                    "21B5B5B0-34BB-625E-B925-79BA1172D3A3": "1131",
                    "88B9BEE7-B70A-2502-E96E-79BA39B82ABB": "1133",
                    "5D996428-7B23-0BA5-747A-79B9D86C305C": "His",
                    "016D9680-3A67-6D21-648B-79BA8F04D5B9": {"value": "10", "units": "pM"}
                },
                "antibody": "His"
            }
        },
        {
            "value": {"band-density": "moderate"},
            "context": {
                "competing-molecular-fragment": {
                    "CAD08E1E-7836-4DA3-8E1D-79FCD79844C3": "NH2 terminal SH3 domain of Eps8",
                    "B64B17F7-B42A-4312-41E7-79FCF4A9F3DB": {"value": "0", "units": "pM"}
                },
                "primary-molecular-fragment": {
                    "E3131488-F16A-1D51-F1AE-79BE0E0A5234": {"value": "60", "units": "pM"},
                    "D15F9F4F-8F5D-4A93-8FD1-79BDD4599723": "GST-E3b1",
                    "7D1FF38D-2AF0-D4F7-629F-79BDFB06B524": "480",
                    "FA3552B5-B3B9-F86B-6A8E-79BDE6C23087": "331"
                },
                "tagged-molecular-fragment": {
                    "CD225F82-270F-416A-3876-79B9F4722EF2": "Sos-1",
                    "21B5B5B0-34BB-625E-B925-79BA1172D3A3": "1131",
                    "88B9BEE7-B70A-2502-E96E-79BA39B82ABB": "1133",
                    "5D996428-7B23-0BA5-747A-79B9D86C305C": "His",
                    "016D9680-3A67-6D21-648B-79BA8F04D5B9": {"value": "10", "units": "pM"}
                },
                "antibody": "His"
            }
        },
        {
            "value": {"band-density": "moderate"},
            "context": {
                "competing-molecular-fragment": {
                    "CAD08E1E-7836-4DA3-8E1D-79FCD79844C3": "NH2 terminal SH3 domain of Eps8",
                    "B64B17F7-B42A-4312-41E7-79FCF4A9F3DB": {"value": "10", "units": "pM"}
                },
                "primary-molecular-fragment": {
                    "E3131488-F16A-1D51-F1AE-79BE0E0A5234": {"value": "60", "units": "pM"},
                    "D15F9F4F-8F5D-4A93-8FD1-79BDD4599723": "GST-E3b1",
                    "7D1FF38D-2AF0-D4F7-629F-79BDFB06B524": "480",
                    "FA3552B5-B3B9-F86B-6A8E-79BDE6C23087": "331"
                },
                "tagged-molecular-fragment": {
                    "CD225F82-270F-416A-3876-79B9F4722EF2": "Sos-1",
                    "21B5B5B0-34BB-625E-B925-79BA1172D3A3": "1131",
                    "88B9BEE7-B70A-2502-E96E-79BA39B82ABB": "1133",
                    "5D996428-7B23-0BA5-747A-79B9D86C305C": "His",
                    "016D9680-3A67-6D21-648B-79BA8F04D5B9": {"value": "10", "units": "pM"}
                },
                "antibody": "His"
            }
        },
        {
            "value": {"band-density": "moderate"},
            "context": {
                "competing-molecular-fragment": {
                    "CAD08E1E-7836-4DA3-8E1D-79FCD79844C3": "NH2 terminal SH3 domain of Eps8",
                    "B64B17F7-B42A-4312-41E7-79FCF4A9F3DB": {"value": "100", "units": "pM"}
                },
                "primary-molecular-fragment": {
                    "E3131488-F16A-1D51-F1AE-79BE0E0A5234": {"value": "60", "units": "pM"},
                    "D15F9F4F-8F5D-4A93-8FD1-79BDD4599723": "GST-E3b1",
                    "7D1FF38D-2AF0-D4F7-629F-79BDFB06B524": "480",
                    "FA3552B5-B3B9-F86B-6A8E-79BDE6C23087": "331"
                },
                "tagged-molecular-fragment": {
                    "CD225F82-270F-416A-3876-79B9F4722EF2": "Sos-1",
                    "21B5B5B0-34BB-625E-B925-79BA1172D3A3": "1131",
                    "88B9BEE7-B70A-2502-E96E-79BA39B82ABB": "1133",
                    "5D996428-7B23-0BA5-747A-79B9D86C305C": "His",
                    "016D9680-3A67-6D21-648B-79BA8F04D5B9": {"value": "10", "units": "pM"}
                },
                "antibody": "His"
            }
        },
        {
            "value": {"band-density": "moderate"},
            "context": {
                "competing-molecular-fragment": {
                    "CAD08E1E-7836-4DA3-8E1D-79FCD79844C3": "NH2 terminal SH3 domain of Eps8",
                    "B64B17F7-B42A-4312-41E7-79FCF4A9F3DB": {"value": "1000", "units": "pM"}
                },
                "primary-molecular-fragment": {
                    "E3131488-F16A-1D51-F1AE-79BE0E0A5234": {"value": "60", "units": "pM"},
                    "D15F9F4F-8F5D-4A93-8FD1-79BDD4599723": "GST-E3b1",
                    "7D1FF38D-2AF0-D4F7-629F-79BDFB06B524": "480",
                    "FA3552B5-B3B9-F86B-6A8E-79BDE6C23087": "331"
                },
                "tagged-molecular-fragment": {
                    "CD225F82-270F-416A-3876-79B9F4722EF2": "Sos-1",
                    "21B5B5B0-34BB-625E-B925-79BA1172D3A3": "1131",
                    "88B9BEE7-B70A-2502-E96E-79BA39B82ABB": "1133",
                    "5D996428-7B23-0BA5-747A-79B9D86C305C": "His",
                    "016D9680-3A67-6D21-648B-79BA8F04D5B9": {"value": "10", "units": "pM"}
                },
                "antibody": "His"
            }
        },
        {
            "value": {"band-density": "moderate"},
            "context": {
                "competing-molecular-fragment": {
                    "CAD08E1E-7836-4DA3-8E1D-79FCD79844C3": "NH2 terminal SH3 domain of Eps8",
                    "B64B17F7-B42A-4312-41E7-79FCF4A9F3DB": {"value": "1000", "units": "pM"}
                },
                "primary-molecular-fragment": {
                    "E3131488-F16A-1D51-F1AE-79BE0E0A5234": {"value": "60", "units": "pM"},
                    "D15F9F4F-8F5D-4A93-8FD1-79BDD4599723": "immobilized GST",
                    "7D1FF38D-2AF0-D4F7-629F-79BDFB06B524": "-1",
                    "FA3552B5-B3B9-F86B-6A8E-79BDE6C23087": "0"
                },
                "tagged-molecular-fragment": {
                    "CD225F82-270F-416A-3876-79B9F4722EF2": "Sos-1",
                    "21B5B5B0-34BB-625E-B925-79BA1172D3A3": "1131",
                    "88B9BEE7-B70A-2502-E96E-79BA39B82ABB": "1133",
                    "5D996428-7B23-0BA5-747A-79B9D86C305C": "His",
                    "016D9680-3A67-6D21-648B-79BA8F04D5B9": {"value": "10", "units": "pM"}
                },
                "antibody": "His"
            }
        }
    ],
    "type": "In Vitro Competitive Binding Assay",
    "name": "11777939-Fig2BC"
}