{
    "measurements": [
        {
            "value": {"protein-concentration": " high"},
            "context": {
                "promoter-construct": " Sos-1",
                "primary-antibody": " Sos-1",
                "cell-type": " Cos-7",
                "molecular-fragment": {
                    "4B7787C7-45FD-4D78-AF39-7995B86A8655": "E3b1-fragment",
                    "7B7EA2A0-7306-4EF4-6A53-7996471DC2EA": "480",
                    "8EE37F4D-183E-D77D-E671-7995E491E525": "2"
                }
            }
        },
        {
            "value": {"protein-concentration": "none"},
            "context": {
                "promoter-construct": " Sos-1",
                "primary-antibody": " Sos-1",
                "cell-type": " Cos-7",
                "molecular-fragment": {
                    "4B7787C7-45FD-4D78-AF39-7995B86A8655": "E3b1-fragment",
                    "7B7EA2A0-7306-4EF4-6A53-7996471DC2EA": "330",
                    "8EE37F4D-183E-D77D-E671-7995E491E525": "2"
                }
            }
        },
        {
            "value": {"protein-concentration": "high"},
            "context": {
                "promoter-construct": " Sos-1",
                "primary-antibody": " Sos-1",
                "cell-type": " Cos-7",
                "molecular-fragment": {
                    "4B7787C7-45FD-4D78-AF39-7995B86A8655": "E3b1-fragment",
                    "7B7EA2A0-7306-4EF4-6A53-7996471DC2EA": "480",
                    "8EE37F4D-183E-D77D-E671-7995E491E525": "331"
                }
            }
        },
        {
            "value": {"protein-concentration": "high"},
            "context": {
                "promoter-construct": " Sos-1",
                "primary-antibody": " Sos-1",
                "cell-type": " Cos-7",
                "molecular-fragment": {
                    "4B7787C7-45FD-4D78-AF39-7995B86A8655": "E3b1-fragment",
                    "7B7EA2A0-7306-4EF4-6A53-7996471DC2EA": "480",
                    "8EE37F4D-183E-D77D-E671-7995E491E525": "371"
                }
            }
        },
        {
            "value": {"protein-concentration": "high"},
            "context": {
                "promoter-construct": " Sos-1",
                "primary-antibody": " Sos-1",
                "cell-type": " Cos-7",
                "molecular-fragment": {
                    "4B7787C7-45FD-4D78-AF39-7995B86A8655": "E3b1-fragment",
                    "7B7EA2A0-7306-4EF4-6A53-7996471DC2EA": "480",
                    "8EE37F4D-183E-D77D-E671-7995E491E525": "398"
                }
            }
        },
        {
            "value": {"protein-concentration": "none"},
            "context": {
                "promoter-construct": " Sos-1",
                "primary-antibody": " Sos-1",
                "cell-type": " Cos-7",
                "molecular-fragment": {
                    "4B7787C7-45FD-4D78-AF39-7995B86A8655": "E3b1-fragment",
                    "7B7EA2A0-7306-4EF4-6A53-7996471DC2EA": "424",
                    "8EE37F4D-183E-D77D-E671-7995E491E525": "331"
                }
            }
        },
        {
            "value": {"protein-concentration": "strong"},
            "context": {
                "promoter-construct": " Sos-1",
                "primary-antibody": " Sos-1",
                "cell-type": " Cos-7",
                "molecular-fragment": {
                    "4B7787C7-45FD-4D78-AF39-7995B86A8655": "E3b1-fragment",
                    "7B7EA2A0-7306-4EF4-6A53-7996471DC2EA": "480",
                    "8EE37F4D-183E-D77D-E671-7995E491E525": "416"
                }
            }
        },
        {
            "value": {"protein-concentration": "none"},
            "context": {
                "promoter-construct": " Sos-1",
                "primary-antibody": " Sos-1",
                "cell-type": " Cos-7",
                "molecular-fragment": {
                    "4B7787C7-45FD-4D78-AF39-7995B86A8655": "E3b1-fragment",
                    "7B7EA2A0-7306-4EF4-6A53-7996471DC2EA": "480",
                    "8EE37F4D-183E-D77D-E671-7995E491E525": "425"
                }
            }
        }
    ],
    "type": "Map_Complex_Binding",
    "name": "11777939-Fig2A"
}