{
    "measurements": [
        {
            "value": {"protein-concentration": "present"},
            "context": {
                "primary-antibody": "Sos-1",
                "immunoprecipitate": "myc",
                "cell-type": " Eps8(-/-) fibroblasts",
                "promoter-construct": "Eps8myc"
            }
        },
        {
            "value": {"protein-concentration": "present"},
            "context": {
                "primary-antibody": "E3b-1",
                "immunoprecipitate": "myc",
                "cell-type": " Eps8(-/-) fibroblasts",
                "promoter-construct": "Eps8myc"
            }
        },
        {
            "value": {"protein-concentration": "absent"},
            "context": {
                "primary-antibody": "Sos-1",
                "immunoprecipitate": "myc",
                "cell-type": " Eps8(-/-) fibroblasts",
                "promoter-construct": "control"
            }
        },
        {
            "value": {"protein-concentration": "absent"},
            "context": {
                "primary-antibody": "E3b-1",
                "immunoprecipitate": "myc",
                "cell-type": " Eps8(-/-) fibroblasts",
                "promoter-construct": "control"
            }
        }
    ],
    "type": "KO_Transfect_IP_WB",
    "name": "11777939-Fig1A"
}