{
    "measurements": [
        {
            "value": {"protein-concentration": "none"},
            "context": {
                "primary-antibody": " Sos-1",
                "blocking-peptide": " PPPPPVDYTEDEE (PXXDY)",
                "immunoprecipitate": "myc",
                "cell-type": "  Eps8(-/-) fibroblasts",
                "promoter-construct": "Eps8myc"
            }
        },
        {
            "value": {"protein-concentration": "none"},
            "context": {
                "primary-antibody": " E3b-1",
                "blocking-peptide": " PPPPPVDYTEDEE (PXXDY)",
                "immunoprecipitate": "myc",
                "cell-type": "  Eps8(-/-) fibroblasts",
                "promoter-construct": "Eps8myc"
            }
        },
        {
            "value": {"protein-concentration": "low"},
            "context": {
                "primary-antibody": " Sos-1",
                "blocking-peptide": "PPPPPVDATEDEE (PXXDA), control",
                "immunoprecipitate": "myc",
                "cell-type": "  Eps8(-/-) fibroblasts",
                "promoter-construct": "Eps8myc"
            }
        },
        {
            "value": {"protein-concentration": "low"},
            "context": {
                "primary-antibody": "E3b-1",
                "blocking-peptide": "PPPPPVDATEDEE (PXXDA), control",
                "immunoprecipitate": "myc",
                "cell-type": "  Eps8(-/-) fibroblasts",
                "promoter-construct": "Eps8myc"
            }
        }
    ],
    "type": "IP_Competition_WB",
    "name": "11777939-Fig1C"
}