{
    "measurements": [
        {
            "value": {"protein-concentration": "0/7: none"},
            "context": {
                "immunoprecipitate": "IgC",
                "reagent": "VEGF",
                "cell-type": "HMVE",
                "primary-antibody": "IQGAP1"
            }
        },
        {
            "value": {"protein-concentration": "0/7: none"},
            "context": {
                "immunoprecipitate": "c-Src",
                "reagent": "control",
                "cell-type": "HMVE",
                "primary-antibody": "IQGAP1"
            }
        },
        {
            "value": {"protein-concentration": "1/7: very low"},
            "context": {
                "immunoprecipitate": "c-Src",
                "reagent": "VEGF",
                "cell-type": "HMVE",
                "primary-antibody": "IQGAP1"
            }
        }
    ],
    "type": "Incubate_IP_WB",
    "name": "19050761-Fig5J"
}