{
    "measurements": [
        {
            "value": {"protein-concentration": "1/7: very low"},
            "context": {
                "primary-antibody": "phospho-Ser445",
                "immunoprecipitate": "b-Raf",
                "reagent": "control",
                "cell-type": "HMVE",
                "promoter-construct": "control siRNA"
            }
        },
        {
            "value": {"protein-concentration": "2/7: low"},
            "context": {
                "primary-antibody": "phospho-Ser445",
                "immunoprecipitate": "b-Raf",
                "reagent": "VEGF",
                "cell-type": "HMVE",
                "promoter-construct": "control siRNA"
            }
        },
        {
            "value": {"protein-concentration": "1/7: very low"},
            "context": {
                "primary-antibody": "phospho-Ser445",
                "immunoprecipitate": "b-Raf",
                "reagent": "control",
                "cell-type": "HMVE",
                "promoter-construct": "IQGAP1-siRNA"
            }
        },
        {
            "value": {"protein-concentration": "1/7: very low"},
            "context": {
                "primary-antibody": "phospho-Ser445",
                "immunoprecipitate": "b-Raf",
                "reagent": "VEGF",
                "cell-type": "HMVE",
                "promoter-construct": "IQGAP1-siRNA"
            }
        }
    ],
    "type": "Tfx_Incubate_IP_WB",
    "name": "19050761-Fig5N"
}