{"modelName":"16520382-Fig2D","_type":"KefedExperiment","citeKey":"16520382-Fig2D","nodes":[{"nameValue":"Cell-Line","_type":"KefedObject","did":"DFF1519B-E662-2239-5408-78B34E1F7CF0","compositions":0,"master":"","uid":"A59145A4-5B2F-CCEA-C6E0-78B34E34221B","notes":null,"ontologyIds":[],"type":"sprite","spriteid":"Experimental Object","dataTable":[]},{"nameValue":"Transfection","_type":"KefedObject","did":"F2E9789C-0676-7E11-E301-78B5C7270EEA","compositions":0,"master":"","uid":"6608D9E1-5571-4D01-4034-78B5CD538AC6","notes":null,"ontologyIds":[],"type":"sprite","spriteid":"Activity","dataTable":[]},{"nameValue":"Cell Lysing","_type":"KefedObject","did":"2F5159C8-6BEA-DDE8-0619-78B63B8C42B3","compositions":0,"master":"","uid":"2F97B725-19AE-D4CF-F07D-78B645F9B87D","notes":null,"ontologyIds":[],"type":"sprite","spriteid":"Activity","dataTable":[]},{"nameValue":"Lysate","_type":"KefedObject","did":"4FA20054-2D27-18F6-2330-78B690D31E41","compositions":0,"master":"","uid":"B8B2B48B-D415-5610-E9F6-78B699B986CD","notes":null,"ontologyIds":[],"type":"sprite","spriteid":"Experimental Object","dataTable":[]},{"nameValue":"Immunoprecipitation","_type":"KefedObject","did":"B979AC95-52F7-E99F-79C7-78B70D0DE64F","compositions":0,"master":"","uid":"0C5252E7-D513-6009-4573-78B716B99507","notes":null,"ontologyIds":[],"type":"sprite","spriteid":"Activity","dataTable":[]},{"nameValue":"Western\rBlot","_type":"KefedObject","did":"866C1DBF-FC2E-C8FB-5971-78B7A57BD34E","compositions":0,"master":"","uid":"0DE161F8-BA78-90A6-3782-78B7AB0D0A11","notes":null,"ontologyIds":[],"type":"sprite","spriteid":"Activity","dataTable":[]},{"nameValue":"protein-concentration","_type":"KefedObject","did":"753B260A-35F5-C45D-42E3-78B81A04B708","ontologyIds":[],"valueType":{"nameValue":"","_type":"KefedFullValueTemplate","allowedUnits":[],"valueTypeName":"Text","allowedPatterns":[],"allowedValues":[],"allowFreeValueInput":true,"termLookupFunction":"","allowFreeUnitInput":true,"minimumValue":"","allowFreePatternInput":false,"maximumValue":"","multipleSlotFields":[],"orderedValues":false},"compositions":0,"notes":null,"master":"","uid":"542EAF8D-6CFE-13AF-1FBE-78B821C30E37","type":"sprite","spriteid":"Measurement Specification","dataTable":[]},{"nameValue":"immunoprecipitate","_type":"KefedObject","did":"D90CD077-51BE-C12E-678F-78BB84F3525C","ontologyIds":[],"valueType":{"nameValue":"","_type":"KefedFullValueTemplate","allowedUnits":[],"valueTypeName":"Text","allowedPatterns":[],"allowedValues":[],"allowFreeValueInput":true,"termLookupFunction":"","allowFreeUnitInput":true,"minimumValue":"","allowFreePatternInput":false,"maximumValue":"","multipleSlotFields":[],"orderedValues":false},"compositions":0,"notes":null,"master":"","uid":"06E9065C-E78D-6BCA-74E9-78BB84F92899","type":"sprite","spriteid":"Parameter Specification","dataTable":[]},{"nameValue":"primary-antibody","_type":"KefedObject","did":"D465C8EB-57E1-D1B6-435D-78BC55090D20","ontologyIds":[],"valueType":{"nameValue":"","_type":"KefedFullValueTemplate","allowedUnits":[],"valueTypeName":"Text","allowedPatterns":[],"allowedValues":[],"allowFreeValueInput":true,"termLookupFunction":"","allowFreeUnitInput":true,"minimumValue":"","allowFreePatternInput":false,"maximumValue":"","multipleSlotFields":[],"orderedValues":false},"compositions":0,"notes":null,"master":"","uid":"75624B6F-4E7D-C8E9-EE04-78BC551071CF","type":"sprite","spriteid":"Parameter Specification","dataTable":[]},{"nameValue":"cell-type","_type":"KefedObject","did":"00A2C59A-C7D7-9598-559F-790EDD07191D","ontologyIds":[],"valueType":{"nameValue":"","_type":"KefedFullValueTemplate","allowedUnits":[],"valueTypeName":"Text","allowedPatterns":[],"allowedValues":[],"allowFreeValueInput":true,"termLookupFunction":"","allowFreeUnitInput":true,"minimumValue":"","allowFreePatternInput":true,"maximumValue":"","multipleSlotFields":[],"orderedValues":false},"compositions":0,"notes":null,"master":"","uid":"22321349-041C-CA51-53F4-790EDD0C0318","type":"sprite","spriteid":"Constant Specification","dataTable":[]},{"nameValue":"promoter-construct","_type":"KefedObject","did":"14C70219-FB94-D44F-0821-791D2F328CB4","ontologyIds":[],"valueType":{"nameValue":"","_type":"KefedFullValueTemplate","allowedUnits":[],"valueTypeName":"Text","allowedPatterns":[],"allowedValues":[],"allowFreeValueInput":true,"termLookupFunction":"","allowFreeUnitInput":true,"minimumValue":"","allowFreePatternInput":false,"maximumValue":"","multipleSlotFields":[],"orderedValues":false},"compositions":0,"notes":null,"master":"","uid":"EC679854-FC06-DF49-2A52-791D2F386022","type":"sprite","spriteid":"Parameter Specification","dataTable":[]}],"source":"16520382-Fig2D","dateTime":"Mon Jan 12 10:56:38 GMT-0800 2015","kefedVersion":"2.0","edges":[{"_type":"KefedLink","end":"B8B2B48B-D415-5610-E9F6-78B699B986CD","start":"2F97B725-19AE-D4CF-F07D-78B645F9B87D","uid":"965835BC-5323-9DB5-3A05-78B699B9F646"},{"_type":"KefedLink","end":"0C5252E7-D513-6009-4573-78B716B99507","start":"B8B2B48B-D415-5610-E9F6-78B699B986CD","uid":"5D94C0CE-A643-8EAD-64A8-78B716BA88A9"},{"_type":"KefedLink","end":"0DE161F8-BA78-90A6-3782-78B7AB0D0A11","start":"0C5252E7-D513-6009-4573-78B716B99507","uid":"199E68D5-79C8-2EEC-452B-78B7AB0F8C93"},{"_type":"KefedLink","end":"542EAF8D-6CFE-13AF-1FBE-78B821C30E37","start":"0DE161F8-BA78-90A6-3782-78B7AB0D0A11","uid":"BB89F14F-D850-D262-EAA9-78B821C4BAC9"},{"_type":"KefedLink","end":"0C5252E7-D513-6009-4573-78B716B99507","start":"06E9065C-E78D-6BCA-74E9-78BB84F92899","uid":"ADB8BB46-470F-5A76-E8A9-78BBA1B5FC4F"},{"_type":"KefedLink","end":"0DE161F8-BA78-90A6-3782-78B7AB0D0A11","start":"75624B6F-4E7D-C8E9-EE04-78BC551071CF","uid":"B7BF7488-7EBB-C7AA-3580-78BC9CD276D2"},{"_type":"KefedLink","end":"A59145A4-5B2F-CCEA-C6E0-78B34E34221B","start":"22321349-041C-CA51-53F4-790EDD0C0318","uid":"C9029B14-FD42-753D-DB03-790EE8F644EE"},{"_type":"KefedLink","end":"6608D9E1-5571-4D01-4034-78B5CD538AC6","start":"A59145A4-5B2F-CCEA-C6E0-78B34E34221B","uid":"1D9B6EF8-07A6-B3BC-5908-791C8E320063"},{"_type":"KefedLink","end":"6608D9E1-5571-4D01-4034-78B5CD538AC6","start":"EC679854-FC06-DF49-2A52-791D2F386022","uid":"415C366D-E775-E492-E58B-791D3C26D4BF"},{"_type":"KefedLink","end":"2F97B725-19AE-D4CF-F07D-78B645F9B87D","start":"6608D9E1-5571-4D01-4034-78B5CD538AC6","uid":"68C7A678-521D-A4C4-A1FE-791D989F7144"}],"diagramXML":"<diagram version=\"0\" width=\"2879\" height=\"2879\" id=\"763ED148-E7F3-705B-6502-78B2A5814AF7\">\n  <columns id=\"9EBAA77A-0695-1C85-BED8-78B2A5816E1C\" multicolumn=\"false\">\n    <column id=\"79A41F92-E438-694F-5A01-78B2A5811B1E\" width=\"2817\" height=\"30\" title=\"Default column\"/>\n    <column id=\"3C1FF556-5D8D-D501-81AE-78B33A0757DE\" width=\"80\" height=\"30\" title=\"Default column\"/>\n    <column id=\"B9A5FD4C-5072-CAE9-F93D-790B332BEF61\" width=\"80\" height=\"30\" title=\"Default column\"/>\n    <column id=\"5E976005-5475-C96E-ECB5-791BEA35651F\" width=\"80\" height=\"30\" title=\"Default column\"/>\n    <column id=\"6AC18DA9-0A13-5A90-7460-791ED295BD9D\" width=\"80\" height=\"30\" title=\"Default column\"/>\n    <column id=\"2678AE3D-88E0-30D3-A325-797EDB9ED621\" width=\"80\" height=\"30\" title=\"Default column\"/>\n    <column id=\"74668D96-7EE2-08FB-7FE1-D0B6F191DD26\" width=\"80\" height=\"30\" title=\"Default column\"/>\n  </columns>\n  <panels id=\"1FA1B5C8-4194-5F7D-AC26-78B2A58171EE\" multipanel=\"false\">\n    <panel id=\"B6A21531-A056-009A-6310-78B2A581C5D2\" height=\"2879\" title=\"KO_Transfect_IP_WB\">\n      <lane id=\"E6F2BB19-0507-F848-30A3-78B2A581CE35\" height=\"2879\" title=\"Transfect_IP_WB\">\n        <links id=\"07B16B61-0816-17C3-B755-78B2A581CCE7\">\n          <link id=\"8B76C99A-EADD-CB84-1C5C-78B690D8E45E\" dataid=\"965835BC-5323-9DB5-3A05-78B699B9F646\" master=\"D7125A79-A71C-855D-F380-78B690D88CED\" behaviour=\"0\" geometry=\"0\" styleclass=\".lanescope-link\" x=\"319\" y=\"470\" points=\"4,-222.05 5,-222.05 5,-130.05\" target=\"7DBF3BF1-41EE-1958-9CE5-78B690D81DC3\"/>\n          <link id=\"EF7593BD-93E0-C222-8253-78B70D12D0D0\" dataid=\"5D94C0CE-A643-8EAD-64A8-78B716BA88A9\" master=\"9EFDB32A-4680-9E77-19D2-78B70D12112D\" behaviour=\"0\" geometry=\"0\" styleclass=\".lanescope-link\" x=\"318.95\" y=\"538\" points=\"5,-198.05 5.25,-198.05 5.25,-116.9\" target=\"355D3AC9-6EEF-37E6-64FC-78B70D12FDBA\"/>\n          <link id=\"C51B735D-D39F-97CB-FF4D-78B7A581BDEE\" dataid=\"199E68D5-79C8-2EEC-452B-78B7AB0F8C93\" master=\"D9BFFCD3-90A0-0B39-E6A9-78B7A5817E8D\" behaviour=\"0\" geometry=\"0\" styleclass=\".lanescope-link\" x=\"319.2\" y=\"623\" points=\"5,-201.9 3.55,-201.9 3.55,-112\" target=\"CADD2A6B-A27D-71CF-9CAC-78B7A581CE74\"/>\n          <link id=\"1F980322-F1E9-DB4F-C9CE-78B81A0CA554\" dataid=\"BB89F14F-D850-D262-EAA9-78B821C4BAC9\" master=\"99BE2DEB-B71C-B38F-22B9-78B81A0CDD82\" behaviour=\"0\" geometry=\"0\" styleclass=\".lanescope-link\" x=\"320.75\" y=\"712\" points=\"2,-201.05 0.25,-201.05 0.25,-113\" target=\"726CD328-14D6-F79C-B6C0-78B81A0C8D5A\"/>\n          <link id=\"39ABBD3A-FB0E-4A36-6088-78BC9CD0A43E\" dataid=\"B7BF7488-7EBB-C7AA-3580-78BC9CD276D2\" master=\"4549DB9F-3D8F-FC2F-7927-78BC9CD0DAFA\" behaviour=\"0\" geometry=\"0\" styleclass=\".lanescope-link\" x=\"201\" y=\"754\" points=\"2,-246.05 65.25,-246.05 65.25,-236\" target=\"AC4529D3-491B-1465-5B77-78BC9CD0F029\"/>\n          <link id=\"19E83F7B-906F-EF2B-ADE6-790EE8F347D2\" dataid=\"C9029B14-FD42-753D-DB03-790EE8F644EE\" master=\"CA1569CB-6F46-4D30-D361-790EE8F4D3AB\" behaviour=\"0\" geometry=\"0\" styleclass=\".lanescope-link\" x=\"194.3\" y=\"76\" points=\"-1,-13 70.7,-13 70.7,1.1\" target=\"91085053-B47A-E7D3-E3B9-790EE8F4212C\"/>\n          <link id=\"65414C50-4715-5E4D-C168-791C8E3066D9\" dataid=\"1D9B6EF8-07A6-B3BC-5908-791C8E320063\" master=\"A20D6DC9-1343-DE79-2DB0-791C8E309118\" behaviour=\"0\" geometry=\"0\" styleclass=\".lanescope-link\" x=\"319\" y=\"95.1\" points=\"0,0 0,31.5 1,31.5\" target=\"D5CF77A2-144F-76EC-6A33-791C8E300A83\"/>\n          <link id=\"90D33B27-8984-46C5-7A14-78BBA1B3F850\" dataid=\"ADB8BB46-470F-5A76-E8A9-78BBA1B5FC4F\" master=\"CE0EC47B-37B5-570C-49C9-78BBA1B3A53D\" behaviour=\"0\" geometry=\"0\" styleclass=\".lanescope-link\" x=\"199\" y=\"646.6\" points=\"5,-227.05 70.2,-227.05 70.2,-247\" target=\"7B7B9A8B-D411-00A0-F197-78BBA1B34ACE\"/>\n          <link id=\"0E1B5F88-FF9E-A34A-B200-791D3C25C633\" dataid=\"415C366D-E775-E492-E58B-791D3C26D4BF\" master=\"CD533CC0-B94F-7C71-41E9-791D3C25D13E\" behaviour=\"0\" geometry=\"0\" styleclass=\".lanescope-link\" x=\"194\" y=\"161\" points=\"0,0 66.25,0 66.25,0\" target=\"03BD6C7A-E8A6-9001-AB6B-791D3C259EA0\"/>\n          <link id=\"6AAC6975-95EB-0A26-4770-791D989D4D94\" dataid=\"68C7A678-521D-A4C4-A1FE-791D989F7144\" master=\"77254254-3D9D-EBFC-764B-791D989DCE4B\" behaviour=\"0\" geometry=\"0\" styleclass=\".lanescope-link\" x=\"323.25\" y=\"191.6\" points=\"0,0 0,25 3,25\" target=\"8BC5B18E-F6AD-D607-D1E4-791D989D2668\"/>\n        </links>\n        <sprites id=\"97820F67-3B85-C08C-9115-78B2A5818D9B\">\n          <sprite id=\"DFF1519B-E662-2239-5408-78B34E1F7CF0\" dataid=\"A59145A4-5B2F-CCEA-C6E0-78B34E34221B\" annotation=\"673445AD-AD67-80DD-7777-78B418040B76\" dx=\"NaN\" dy=\"NaN\" box=\"264,32.1,119.85,63\" spriteid=\"Experimental Object\">\n            <anchor id=\"83AFD6A0-8F17-9AD5-95BA-78B4180F0C3E\" dx=\"0\" dy=\"0\" target=\"673445AD-AD67-80DD-7777-78B418040B76\"/>\n            <anchor id=\"A20D6DC9-1343-DE79-2DB0-791C8E309118\" dx=\"55\" dy=\"63\" target=\"65414C50-4715-5E4D-C168-791C8E3066D9\"/>\n            <anchor id=\"91085053-B47A-E7D3-E3B9-790EE8F4212C\" dx=\"1\" dy=\"45\" target=\"19E83F7B-906F-EF2B-ADE6-790EE8F347D2\"/>\n          </sprite>\n          <sprite id=\"00A2C59A-C7D7-9598-559F-790EDD07191D\" dataid=\"22321349-041C-CA51-53F4-790EDD0C0318\" annotation=\"F496DCDB-716C-1E16-AFA9-790EEDA21105\" dx=\"NaN\" dy=\"NaN\" box=\"166.3,52,25.05,28.3\" spriteid=\"Constant Specification\">\n            <anchor id=\"CA1569CB-6F46-4D30-D361-790EE8F4D3AB\" dx=\"27\" dy=\"11\" target=\"19E83F7B-906F-EF2B-ADE6-790EE8F347D2\"/>\n            <anchor id=\"1B38143D-FEB5-7CD8-723F-790EEDA8F038\" dx=\"0\" dy=\"0\" target=\"F496DCDB-716C-1E16-AFA9-790EEDA21105\"/>\n          </sprite>\n          <sprite id=\"F2E9789C-0676-7E11-E301-78B5C7270EEA\" dataid=\"6608D9E1-5571-4D01-4034-78B5CD538AC6\" annotation=\"5FFB6DF2-80E2-5A7D-E885-78B5CF6385A7\" dx=\"NaN\" dy=\"NaN\" box=\"261.25,128.6,119.5,62.75\" spriteid=\"Activity\">\n            <anchor id=\"D5CF77A2-144F-76EC-6A33-791C8E300A83\" dx=\"58.75\" dy=\"-2\" target=\"65414C50-4715-5E4D-C168-791C8E3066D9\"/>\n            <anchor id=\"77254254-3D9D-EBFC-764B-791D989DCE4B\" dx=\"62\" dy=\"63\" target=\"6AAC6975-95EB-0A26-4770-791D989D4D94\"/>\n            <anchor id=\"7F669E25-5DBB-24BA-C8ED-78B5CF69A57B\" dx=\"0\" dy=\"0\" target=\"5FFB6DF2-80E2-5A7D-E885-78B5CF6385A7\"/>\n            <anchor id=\"03BD6C7A-E8A6-9001-AB6B-791D3C259EA0\" dx=\"-1\" dy=\"32.4\" target=\"0E1B5F88-FF9E-A34A-B200-791D3C25C633\"/>\n          </sprite>\n          <sprite id=\"14C70219-FB94-D44F-0821-791D2F328CB4\" dataid=\"EC679854-FC06-DF49-2A52-791D2F386022\" annotation=\"85C48DD1-E4E2-A81E-5D93-791D3FF3B2A7\" dx=\"NaN\" dy=\"NaN\" box=\"166,132,25.049999999999997,76.3\" spriteid=\"Parameter Specification\">\n            <anchor id=\"D1EE648D-09CD-068B-59BA-791D3FFA1F18\" dx=\"0\" dy=\"0\" target=\"85C48DD1-E4E2-A81E-5D93-791D3FF3B2A7\"/>\n            <anchor id=\"CD533CC0-B94F-7C71-41E9-791D3C25D13E\" dx=\"28\" dy=\"29\" target=\"0E1B5F88-FF9E-A34A-B200-791D3C25C633\"/>\n          </sprite>\n          <sprite id=\"2F5159C8-6BEA-DDE8-0619-78B63B8C42B3\" dataid=\"2F97B725-19AE-D4CF-F07D-78B645F9B87D\" annotation=\"318BE034-16DC-698F-0C77-78B6472499AA\" dx=\"NaN\" dy=\"NaN\" box=\"263.25,216.6,119.5,62.75\" spriteid=\"Activity\">\n            <anchor id=\"8BC5B18E-F6AD-D607-D1E4-791D989D2668\" dx=\"63\" dy=\"0\" target=\"6AAC6975-95EB-0A26-4770-791D989D4D94\"/>\n            <anchor id=\"D7125A79-A71C-855D-F380-78B690D88CED\" dx=\"59.75\" dy=\"31.35\" target=\"8B76C99A-EADD-CB84-1C5C-78B690D8E45E\"/>\n            <anchor id=\"1F5E5889-B55D-9566-77F9-78B64729C8A5\" dx=\"0\" dy=\"0\" target=\"318BE034-16DC-698F-0C77-78B6472499AA\"/>\n          </sprite>\n          <sprite id=\"4FA20054-2D27-18F6-2330-78B690D31E41\" dataid=\"B8B2B48B-D415-5610-E9F6-78B699B986CD\" annotation=\"BBAEDB4C-FBB7-DB45-BEFB-78B69ACDEAA7\" dx=\"NaN\" dy=\"NaN\" box=\"264.05,308.45,119.85,63\" spriteid=\"Experimental Object\">\n            <anchor id=\"7DBF3BF1-41EE-1958-9CE5-78B690D81DC3\" dx=\"59.95\" dy=\"31.5\" target=\"8B76C99A-EADD-CB84-1C5C-78B690D8E45E\"/>\n            <anchor id=\"7D5F4DCC-1B6D-E820-C9F7-78B69AD3AACD\" dx=\"0\" dy=\"0\" target=\"BBAEDB4C-FBB7-DB45-BEFB-78B69ACDEAA7\"/>\n            <anchor id=\"9EFDB32A-4680-9E77-19D2-78B70D12112D\" dx=\"59.9\" dy=\"31.5\" target=\"EF7593BD-93E0-C222-8253-78B70D12D0D0\"/>\n          </sprite>\n          <sprite id=\"B979AC95-52F7-E99F-79C7-78B70D0DE64F\" dataid=\"0C5252E7-D513-6009-4573-78B716B99507\" annotation=\"FB0B50E2-DA94-D8CF-0902-78B71855BE92\" dx=\"NaN\" dy=\"NaN\" box=\"243.2,391.6,162,59\" spriteid=\"Activity\">\n            <anchor id=\"7B7B9A8B-D411-00A0-F197-78BBA1B34ACE\" dx=\"26\" dy=\"8\" target=\"90D33B27-8984-46C5-7A14-78BBA1B3F850\"/>\n            <anchor id=\"355D3AC9-6EEF-37E6-64FC-78B70D12FDBA\" dx=\"81\" dy=\"29.523505976095617\" target=\"EF7593BD-93E0-C222-8253-78B70D12D0D0\"/>\n            <anchor id=\"D9BFFCD3-90A0-0B39-E6A9-78B7A5817E8D\" dx=\"81\" dy=\"29.5\" target=\"C51B735D-D39F-97CB-FF4D-78B7A581BDEE\"/>\n            <anchor id=\"8EE5990B-5120-4953-F518-78B7185CEFD1\" dx=\"0\" dy=\"0\" target=\"FB0B50E2-DA94-D8CF-0902-78B71855BE92\"/>\n          </sprite>\n          <sprite id=\"D90CD077-51BE-C12E-678F-78BB84F3525C\" dataid=\"06E9065C-E78D-6BCA-74E9-78BB84F92899\" annotation=\"33DB63C2-D005-5A44-56B7-78BBF17F66D0\" dx=\"NaN\" dy=\"NaN\" box=\"178,381.95,25.049999999999997,76.3\" spriteid=\"Parameter Specification\">\n            <anchor id=\"CE0EC47B-37B5-570C-49C9-78BBA1B3A53D\" dx=\"26\" dy=\"37.6\" target=\"90D33B27-8984-46C5-7A14-78BBA1B3F850\"/>\n            <anchor id=\"D1B5C0BD-099B-2232-E4BF-78BBF185F70D\" dx=\"0\" dy=\"0\" target=\"33DB63C2-D005-5A44-56B7-78BBF17F66D0\"/>\n          </sprite>\n          <sprite id=\"866C1DBF-FC2E-C8FB-5971-78B7A57BD34E\" dataid=\"0DE161F8-BA78-90A6-3782-78B7AB0D0A11\" annotation=\"36956BDF-7695-4B12-2222-78B7AC89A75B\" dx=\"NaN\" dy=\"NaN\" box=\"262.25,479.6,121,62.75\" spriteid=\"Activity\">\n            <anchor id=\"99BE2DEB-B71C-B38F-22B9-78B81A0CDD82\" dx=\"60.5\" dy=\"31.35\" target=\"1F980322-F1E9-DB4F-C9CE-78B81A0CA554\"/>\n            <anchor id=\"CADD2A6B-A27D-71CF-9CAC-78B7A581CE74\" dx=\"60.50000000000001\" dy=\"31.4\" target=\"C51B735D-D39F-97CB-FF4D-78B7A581BDEE\"/>\n            <anchor id=\"AC4529D3-491B-1465-5B77-78BC9CD0F029\" dx=\"4\" dy=\"38.4\" target=\"39ABBD3A-FB0E-4A36-6088-78BC9CD0A43E\"/>\n            <anchor id=\"7B26B4EB-2384-1FB6-91AB-78B7AC8F4802\" dx=\"0\" dy=\"0\" target=\"36956BDF-7695-4B12-2222-78B7AC89A75B\"/>\n          </sprite>\n          <sprite id=\"D465C8EB-57E1-D1B6-435D-78BC55090D20\" dataid=\"75624B6F-4E7D-C8E9-EE04-78BC551071CF\" annotation=\"378DB40B-FE53-C180-C2FB-78BC5904D3D6\" dx=\"NaN\" dy=\"NaN\" box=\"176,480.95,25.049999999999997,76.3\" spriteid=\"Parameter Specification\">\n            <anchor id=\"2FC1C6A2-0685-49E7-50CB-78BC590AC4BB\" dx=\"0\" dy=\"0\" target=\"378DB40B-FE53-C180-C2FB-78BC5904D3D6\"/>\n            <anchor id=\"4549DB9F-3D8F-FC2F-7927-78BC9CD0DAFA\" dx=\"27\" dy=\"27\" target=\"39ABBD3A-FB0E-4A36-6088-78BC9CD0A43E\"/>\n          </sprite>\n          <sprite id=\"753B260A-35F5-C45D-42E3-78B81A04B708\" dataid=\"542EAF8D-6CFE-13AF-1FBE-78B821C30E37\" selected=\"true\" annotation=\"53B5F940-2CB5-03D3-F34B-78B842B5A4BA\" dx=\"NaN\" dy=\"NaN\" box=\"289,567.45,64,63.1\" spriteid=\"Measurement Specification\">\n            <anchor id=\"F430C836-941D-6C50-A0E7-78B842BD391A\" dx=\"0\" dy=\"0\" target=\"53B5F940-2CB5-03D3-F34B-78B842B5A4BA\"/>\n            <anchor id=\"726CD328-14D6-F79C-B6C0-78B81A0C8D5A\" dx=\"32\" dy=\"31.55\" target=\"1F980322-F1E9-DB4F-C9CE-78B81A0CA554\"/>\n          </sprite>\n        </sprites>\n        <annotations id=\"90825723-95AD-BE89-0ABB-78B2A581DD4C\">\n          <annotation id=\"673445AD-AD67-80DD-7777-78B418040B76\" master=\"83AFD6A0-8F17-9AD5-95BA-78B4180F0C3E\" dx=\"8.899999999999977\" dy=\"21\" box=\"272.9,53.1,100,16\" spriteid=\"annotation\"><![CDATA[Cell-Line]]></annotation>\n          <annotation id=\"F496DCDB-716C-1E16-AFA9-790EEDA21105\" master=\"1B38143D-FEB5-7CD8-723F-790EEDA8F038\" dx=\"-37.5\" dy=\"28.30000000000001\" box=\"128.8,80.3,100,16\" spriteid=\"annotation\"><![CDATA[cell-type]]></annotation>\n          <annotation id=\"5FFB6DF2-80E2-5A7D-E885-78B5CF6385A7\" master=\"7F669E25-5DBB-24BA-C8ED-78B5CF69A57B\" dx=\"6.75\" dy=\"18.75\" box=\"268,147.35,100,16\" spriteid=\"annotation\"><![CDATA[Transfection]]></annotation>\n          <annotation id=\"85C48DD1-E4E2-A81E-5D93-791D3FF3B2A7\" master=\"D1EE648D-09CD-068B-59BA-791D3FFA1F18\" dx=\"-108.5\" dy=\"12.300000000000011\" box=\"57.5,144.3,100,35.7\" spriteid=\"annotation\"><![CDATA[promoter-construct]]></annotation>\n          <annotation id=\"318BE034-16DC-698F-0C77-78B6472499AA\" master=\"1F5E5889-B55D-9566-77F9-78B64729C8A5\" dx=\"6.75\" dy=\"19.75\" box=\"270,236.35,100,23.25\" spriteid=\"annotation\"><![CDATA[Cell Lysing]]></annotation>\n          <annotation id=\"BBAEDB4C-FBB7-DB45-BEFB-78B69ACDEAA7\" master=\"7D5F4DCC-1B6D-E820-C9F7-78B69AD3AACD\" dx=\"8.899999999999977\" dy=\"16\" box=\"272.95,324.45,100,30\" spriteid=\"annotation\"><![CDATA[Lysate]]></annotation>\n          <annotation id=\"FB0B50E2-DA94-D8CF-0902-78B71855BE92\" master=\"8EE5990B-5120-4953-F518-78B7185CEFD1\" dx=\"-0.8499999999999659\" dy=\"15.549999999999956\" box=\"242.35,407.15,155,20\" spriteid=\"annotation\"><![CDATA[Immunoprecipitation]]></annotation>\n          <annotation id=\"33DB63C2-D005-5A44-56B7-78BBF17F66D0\" master=\"D1B5C0BD-099B-2232-E4BF-78BBF185F70D\" dx=\"-141\" dy=\"3.3000000000000114\" box=\"37,385.25,127.5,19.700000000000003\" spriteid=\"annotation\"><![CDATA[immunoprecipitate]]></annotation>\n          <annotation id=\"36956BDF-7695-4B12-2222-78B7AC89A75B\" master=\"7B26B4EB-2384-1FB6-91AB-78B7AC8F4802\" dx=\"4.800000000000011\" dy=\"12.75\" box=\"267.05,492.35,106.95,36.65\" spriteid=\"annotation\"><![CDATA[Western\rBlot]]></annotation>\n          <annotation id=\"53B5F940-2CB5-03D3-F34B-78B842B5A4BA\" master=\"F430C836-941D-6C50-A0E7-78B842BD391A\" dx=\"-108\" dy=\"10.100000000000025\" box=\"181,577.55,100,40.45\" spriteid=\"annotation\"><![CDATA[protein-concentration]]></annotation>\n          <annotation id=\"378DB40B-FE53-C180-C2FB-78BC5904D3D6\" master=\"2FC1C6A2-0685-49E7-50CB-78BC590AC4BB\" dx=\"-112.5\" dy=\"1.3000000000000114\" box=\"63.5,482.25,100,46.7\" spriteid=\"annotation\"><![CDATA[primary-antibody]]></annotation>\n        </annotations>\n      </lane>\n      <links id=\"B7F89C45-B289-8DEA-7D19-78B2A58131B8\"/>\n      <annotations id=\"649A418C-9F74-BB70-D074-78B2A5813F09\"/>\n    </panel>\n    <links id=\"C73AA95D-2530-67D0-FA39-78B2A581D58C\"/>\n    <annotations id=\"06224632-CEE2-619F-86DD-78B2A5815401\"/>\n  </panels>\n</diagram>","uid":"87C1B560-6DDC-BF9D-0725-D0AAF2BD76C6","description":"","designUid":"10933788-888F-0727-F564-78B2A5807C46","type":"Transfect_IP_WB","experimentData":{"542EAF8D-6CFE-13AF-1FBE-78B821C30E37":[{"EC679854-FC06-DF49-2A52-791D2F386022":"p66shc","542EAF8D-6CFE-13AF-1FBE-78B821C30E37":"4/7: moderate","06E9065C-E78D-6BCA-74E9-78BB84F92899":"grb2","75624B6F-4E7D-C8E9-EE04-78BC551071CF":"sos1","22321349-041C-CA51-53F4-790EDD0C0318":"HEK293","mx_internal_uid":"2C687240-39E0-C4FB-EF79-D0BB6C20A93B"},{"EC679854-FC06-DF49-2A52-791D2F386022":"p66shc","542EAF8D-6CFE-13AF-1FBE-78B821C30E37":"6/7: high","06E9065C-E78D-6BCA-74E9-78BB84F92899":"grb2","75624B6F-4E7D-C8E9-EE04-78BC551071CF":"shc","22321349-041C-CA51-53F4-790EDD0C0318":"HEK293","mx_internal_uid":"7A99F961-8B43-D968-6F4C-D0BB6C4F455D"},{"EC679854-FC06-DF49-2A52-791D2F386022":"p66shc","542EAF8D-6CFE-13AF-1FBE-78B821C30E37":"7/7: very high","06E9065C-E78D-6BCA-74E9-78BB84F92899":"grb2","75624B6F-4E7D-C8E9-EE04-78BC551071CF":"grb2","22321349-041C-CA51-53F4-790EDD0C0318":"HEK293","mx_internal_uid":"26B1FA98-EF9B-75FA-722A-D0BB6C52FFD2"},{"EC679854-FC06-DF49-2A52-791D2F386022":"p66shc-Y3F","542EAF8D-6CFE-13AF-1FBE-78B821C30E37":"6/7: high","06E9065C-E78D-6BCA-74E9-78BB84F92899":"grb2","75624B6F-4E7D-C8E9-EE04-78BC551071CF":"sos1","22321349-041C-CA51-53F4-790EDD0C0318":"HEK293","mx_internal_uid":"92FF00ED-4094-5209-2CC2-D0BB6C54754C"},{"EC679854-FC06-DF49-2A52-791D2F386022":"p66shc-Y3F","542EAF8D-6CFE-13AF-1FBE-78B821C30E37":"2/7: low","06E9065C-E78D-6BCA-74E9-78BB84F92899":"grb2","75624B6F-4E7D-C8E9-EE04-78BC551071CF":"shc","22321349-041C-CA51-53F4-790EDD0C0318":"HEK293","mx_internal_uid":"A6FBAF35-2C3D-E41F-189C-D0BB6C573A92"},{"EC679854-FC06-DF49-2A52-791D2F386022":"p66shc-Y3F","542EAF8D-6CFE-13AF-1FBE-78B821C30E37":"7/7: very high","06E9065C-E78D-6BCA-74E9-78BB84F92899":"grb2","75624B6F-4E7D-C8E9-EE04-78BC551071CF":"grb2","22321349-041C-CA51-53F4-790EDD0C0318":"HEK293","mx_internal_uid":"BBFDEEB0-80BF-1258-79DA-D0BB6C5F75EB"},{"EC679854-FC06-DF49-2A52-791D2F386022":"p66shc","542EAF8D-6CFE-13AF-1FBE-78B821C30E37":"6/7: high","06E9065C-E78D-6BCA-74E9-78BB84F92899":"lysate","75624B6F-4E7D-C8E9-EE04-78BC551071CF":"sos1","22321349-041C-CA51-53F4-790EDD0C0318":"HEK293","mx_internal_uid":"936358CE-BEC1-6EC7-1174-D0BB6C623D3E"},{"EC679854-FC06-DF49-2A52-791D2F386022":"p66shc","542EAF8D-6CFE-13AF-1FBE-78B821C30E37":"7/7: very high","06E9065C-E78D-6BCA-74E9-78BB84F92899":"lysate","75624B6F-4E7D-C8E9-EE04-78BC551071CF":"shc","22321349-041C-CA51-53F4-790EDD0C0318":"HEK293","mx_internal_uid":"557DFF70-3446-105B-7083-D0BB6C65A273"},{"EC679854-FC06-DF49-2A52-791D2F386022":"p66shc","542EAF8D-6CFE-13AF-1FBE-78B821C30E37":"7/7: very high","06E9065C-E78D-6BCA-74E9-78BB84F92899":"lysate","75624B6F-4E7D-C8E9-EE04-78BC551071CF":"grb2","22321349-041C-CA51-53F4-790EDD0C0318":"HEK293","mx_internal_uid":"879591E3-5648-359C-2ABF-D0BB6C687C36"},{"EC679854-FC06-DF49-2A52-791D2F386022":"p66shc-Y3F","542EAF8D-6CFE-13AF-1FBE-78B821C30E37":"6/7: high","06E9065C-E78D-6BCA-74E9-78BB84F92899":"lysate","75624B6F-4E7D-C8E9-EE04-78BC551071CF":"sos1","22321349-041C-CA51-53F4-790EDD0C0318":"HEK293","mx_internal_uid":"AD6BD894-97FC-BF35-420F-D0BB6C6B27F6"},{"EC679854-FC06-DF49-2A52-791D2F386022":"p66shc-Y3F","542EAF8D-6CFE-13AF-1FBE-78B821C30E37":"7/7: very high","06E9065C-E78D-6BCA-74E9-78BB84F92899":"lysate","75624B6F-4E7D-C8E9-EE04-78BC551071CF":"shc","22321349-041C-CA51-53F4-790EDD0C0318":"HEK293","mx_internal_uid":"12766F51-A919-B0BD-EBF8-D0BB6C6E596C"},{"EC679854-FC06-DF49-2A52-791D2F386022":"p66shc-Y3F","542EAF8D-6CFE-13AF-1FBE-78B821C30E37":"7/7: very high","06E9065C-E78D-6BCA-74E9-78BB84F92899":"lysate","75624B6F-4E7D-C8E9-EE04-78BC551071CF":"grb2","22321349-041C-CA51-53F4-790EDD0C0318":"HEK293","mx_internal_uid":"2A070A71-884A-50A8-A85B-D0BB6C70AA9F"}]}}