{"modelName":"16520382-Fig2A","_type":"KefedExperiment","citeKey":"16520382-Fig2A","nodes":[{"nameValue":"Cell-Line","_type":"KefedObject","did":"DFF1519B-E662-2239-5408-78B34E1F7CF0","compositions":0,"master":"","uid":"1DEE4112-E028-6B49-99EF-D048D08A372B","notes":null,"ontologyIds":[],"type":"sprite","spriteid":"Experimental Object","dataTable":[]},{"nameValue":"Triple Transfection","_type":"KefedObject","did":"F2E9789C-0676-7E11-E301-78B5C7270EEA","compositions":0,"master":"","uid":"88C76F8D-EC04-46FF-DDFA-D048D08C5BE6","notes":null,"ontologyIds":[],"type":"sprite","spriteid":"Activity","dataTable":[]},{"nameValue":"Cell Lysing","_type":"KefedObject","did":"2F5159C8-6BEA-DDE8-0619-78B63B8C42B3","compositions":0,"master":"","uid":"E3740DDE-AED9-D119-2AF1-D048D08CEEC3","notes":null,"ontologyIds":[],"type":"sprite","spriteid":"Activity","dataTable":[]},{"nameValue":"Lysate","_type":"KefedObject","did":"4FA20054-2D27-18F6-2330-78B690D31E41","compositions":0,"master":"","uid":"70F55C2F-3687-FCCE-8E8C-D048D08C8A41","notes":null,"ontologyIds":[],"type":"sprite","spriteid":"Experimental Object","dataTable":[]},{"nameValue":"Immunoprecipitation","_type":"KefedObject","did":"B979AC95-52F7-E99F-79C7-78B70D0DE64F","compositions":0,"master":"","uid":"4FB95367-9F6B-F89E-4C33-D048D08CD70B","notes":null,"ontologyIds":[],"type":"sprite","spriteid":"Activity","dataTable":[]},{"nameValue":"Western\rBlot","_type":"KefedObject","did":"866C1DBF-FC2E-C8FB-5971-78B7A57BD34E","compositions":0,"master":"","uid":"49CD594C-78A9-3015-FF7F-D048D08C0D8C","notes":null,"ontologyIds":[],"type":"sprite","spriteid":"Activity","dataTable":[]},{"nameValue":"protein-concentration","_type":"KefedObject","did":"753B260A-35F5-C45D-42E3-78B81A04B708","ontologyIds":[],"valueType":{"nameValue":"","_type":"KefedFullValueTemplate","allowedUnits":[],"valueTypeName":"Text","allowedPatterns":[],"allowedValues":[],"allowFreeValueInput":true,"termLookupFunction":"","allowFreeUnitInput":true,"minimumValue":"","allowFreePatternInput":true,"maximumValue":"","multipleSlotFields":[],"orderedValues":false},"compositions":0,"notes":null,"master":"","uid":"1228B888-DE90-D146-5113-D048D08CE1A2","type":"sprite","spriteid":"Measurement Specification","dataTable":[]},{"nameValue":"immunoprecipitate","_type":"KefedObject","did":"D90CD077-51BE-C12E-678F-78BB84F3525C","ontologyIds":[],"valueType":{"nameValue":"","_type":"KefedFullValueTemplate","allowedUnits":[],"valueTypeName":"Text","allowedPatterns":[],"allowedValues":[],"allowFreeValueInput":true,"termLookupFunction":"","allowFreeUnitInput":true,"minimumValue":"","allowFreePatternInput":true,"maximumValue":"","multipleSlotFields":[{"nameValue":"molecule","_type":"KefedFieldTemplate","ontologyIds":[],"uid":"EEC877AA-0C43-4A1E-5A60-D048D08DCC5C","valueType":{"nameValue":"","_type":"KefedBaseValueTemplate","allowedUnits":[],"valueTypeName":"Text","allowedPatterns":[],"allowedValues":[],"allowFreeValueInput":true,"termLookupFunction":"","allowFreeUnitInput":true,"minimumValue":"","allowFreePatternInput":true,"maximumValue":"","orderedValues":false},"notes":null},{"nameValue":"fragment-start-pos","_type":"KefedFieldTemplate","ontologyIds":[],"uid":"CCA2C673-4954-34A9-5DDD-D048D08D7E69","valueType":{"nameValue":"","_type":"KefedBaseValueTemplate","allowedUnits":[],"valueTypeName":"Integer","allowedPatterns":[],"allowedValues":[],"allowFreeValueInput":true,"termLookupFunction":"","allowFreeUnitInput":true,"minimumValue":"","allowFreePatternInput":true,"maximumValue":"","orderedValues":false},"notes":null},{"nameValue":"fragment-end-pos","_type":"KefedFieldTemplate","ontologyIds":[],"uid":"918279CF-3440-69B9-BC36-D048D08DC689","valueType":{"nameValue":"","_type":"KefedBaseValueTemplate","allowedUnits":[],"valueTypeName":"Integer","allowedPatterns":[],"allowedValues":[],"allowFreeValueInput":true,"termLookupFunction":"","allowFreeUnitInput":true,"minimumValue":"","allowFreePatternInput":true,"maximumValue":"","orderedValues":false},"notes":null}],"orderedValues":false},"compositions":0,"notes":null,"master":"","uid":"06C130CA-4C37-1358-2174-D048D08C0F29","type":"sprite","spriteid":"Parameter Specification","dataTable":[]},{"nameValue":"primary-antibody","_type":"KefedObject","did":"D465C8EB-57E1-D1B6-435D-78BC55090D20","ontologyIds":[],"valueType":{"nameValue":"","_type":"KefedFullValueTemplate","allowedUnits":[],"valueTypeName":"Text","allowedPatterns":[],"allowedValues":[],"allowFreeValueInput":true,"termLookupFunction":"","allowFreeUnitInput":true,"minimumValue":"","allowFreePatternInput":true,"maximumValue":"","multipleSlotFields":[],"orderedValues":false},"compositions":0,"notes":null,"master":"","uid":"0E19EE6B-07B7-2564-A516-D048D08DE768","type":"sprite","spriteid":"Parameter Specification","dataTable":[]},{"nameValue":"triple-promoter-construct","_type":"KefedObject","did":"14C70219-FB94-D44F-0821-791D2F328CB4","ontologyIds":[],"valueType":{"nameValue":"","_type":"KefedFullValueTemplate","allowedUnits":[],"valueTypeName":"Table","allowedPatterns":[],"allowedValues":[],"allowFreeValueInput":true,"termLookupFunction":"","allowFreeUnitInput":true,"minimumValue":"","allowFreePatternInput":true,"maximumValue":"","multipleSlotFields":[{"nameValue":"promoter-construct-1","_type":"KefedFieldTemplate","ontologyIds":[],"uid":"F42BD0A7-7177-C2C5-4D29-D048D08D7550","valueType":{"nameValue":"","_type":"KefedBaseValueTemplate","allowedUnits":[],"valueTypeName":"Text","allowedPatterns":[],"allowedValues":[],"allowFreeValueInput":true,"termLookupFunction":"","allowFreeUnitInput":true,"minimumValue":"","allowFreePatternInput":true,"maximumValue":"","orderedValues":false},"notes":null},{"nameValue":"promoter-construct-2","_type":"KefedFieldTemplate","ontologyIds":[],"uid":"CC7340BE-C740-EA1A-A0B8-D04C01B7D5B1","valueType":{"nameValue":"","_type":"KefedBaseValueTemplate","allowedUnits":[],"valueTypeName":"Text","allowedPatterns":[],"allowedValues":[],"allowFreeValueInput":true,"termLookupFunction":"","allowFreeUnitInput":true,"minimumValue":"","allowFreePatternInput":true,"maximumValue":"","orderedValues":false},"notes":null},{"nameValue":"promoter-construct-3","_type":"KefedFieldTemplate","ontologyIds":[],"uid":"F002C09C-E4A6-CA0E-9B1E-D04C7467D902","valueType":{"nameValue":"","_type":"KefedBaseValueTemplate","allowedUnits":[],"valueTypeName":"Text","allowedPatterns":[],"allowedValues":[],"allowFreeValueInput":true,"termLookupFunction":"","allowFreeUnitInput":true,"minimumValue":"","allowFreePatternInput":true,"maximumValue":"","orderedValues":false},"notes":null}],"orderedValues":false},"compositions":0,"notes":null,"master":"","uid":"CD0A15A8-BC4D-8424-B7EE-D048D08D79E0","type":"sprite","spriteid":"Parameter Specification","dataTable":[]},{"nameValue":"modified-cell-type","_type":"KefedObject","did":"54058CA1-C61B-CE20-F80A-A804C4F52F44","ontologyIds":[],"valueType":{"nameValue":"","_type":"KefedFullValueTemplate","allowedUnits":[],"valueTypeName":"Table","allowedPatterns":[],"allowedValues":[],"allowFreeValueInput":true,"termLookupFunction":"","allowFreeUnitInput":true,"minimumValue":"","allowFreePatternInput":false,"maximumValue":"","multipleSlotFields":[{"nameValue":"cell-type","_type":"KefedFieldTemplate","ontologyIds":[],"uid":"CEEA30FC-F3B8-5418-4574-D048D08DCFB9","valueType":{"nameValue":"","_type":"KefedBaseValueTemplate","allowedUnits":[],"valueTypeName":"Text","allowedPatterns":[],"allowedValues":[],"allowFreeValueInput":true,"termLookupFunction":"","allowFreeUnitInput":true,"minimumValue":"","allowFreePatternInput":false,"maximumValue":"","orderedValues":false},"notes":null},{"nameValue":"gene","_type":"KefedFieldTemplate","ontologyIds":[],"uid":"DB07621A-3269-147E-F16C-D048D08D6DDF","valueType":{"nameValue":"","_type":"KefedBaseValueTemplate","allowedUnits":[],"valueTypeName":"Text","allowedPatterns":[],"allowedValues":[],"allowFreeValueInput":true,"termLookupFunction":"","allowFreeUnitInput":true,"minimumValue":"","allowFreePatternInput":false,"maximumValue":"","orderedValues":false},"notes":null},{"nameValue":"modification","_type":"KefedFieldTemplate","ontologyIds":[],"uid":"3F1C1C0A-C450-712B-6869-D048D08D60C0","valueType":{"nameValue":"","_type":"KefedBaseValueTemplate","allowedUnits":[],"valueTypeName":"Text List","allowedPatterns":[],"allowedValues":["+/+","+/-","-/+","-/-"],"allowFreeValueInput":true,"termLookupFunction":"","allowFreeUnitInput":true,"minimumValue":"","allowFreePatternInput":false,"maximumValue":"","orderedValues":false},"notes":null}],"orderedValues":false},"compositions":0,"notes":null,"master":"","uid":"32002672-7BDA-C755-5DBA-D048D08D031D","type":"sprite","spriteid":"Parameter Specification","dataTable":[]}],"source":"16520382-Fig2A","dateTime":"Mon Jan 12 10:54:40 GMT-0800 2015","kefedVersion":"2.0","edges":[{"_type":"KefedLink","end":"70F55C2F-3687-FCCE-8E8C-D048D08C8A41","start":"E3740DDE-AED9-D119-2AF1-D048D08CEEC3","uid":"965835BC-5323-9DB5-3A05-78B699B9F646"},{"_type":"KefedLink","end":"4FB95367-9F6B-F89E-4C33-D048D08CD70B","start":"70F55C2F-3687-FCCE-8E8C-D048D08C8A41","uid":"5D94C0CE-A643-8EAD-64A8-78B716BA88A9"},{"_type":"KefedLink","end":"49CD594C-78A9-3015-FF7F-D048D08C0D8C","start":"4FB95367-9F6B-F89E-4C33-D048D08CD70B","uid":"199E68D5-79C8-2EEC-452B-78B7AB0F8C93"},{"_type":"KefedLink","end":"1228B888-DE90-D146-5113-D048D08CE1A2","start":"49CD594C-78A9-3015-FF7F-D048D08C0D8C","uid":"BB89F14F-D850-D262-EAA9-78B821C4BAC9"},{"_type":"KefedLink","end":"4FB95367-9F6B-F89E-4C33-D048D08CD70B","start":"06C130CA-4C37-1358-2174-D048D08C0F29","uid":"ADB8BB46-470F-5A76-E8A9-78BBA1B5FC4F"},{"_type":"KefedLink","end":"49CD594C-78A9-3015-FF7F-D048D08C0D8C","start":"0E19EE6B-07B7-2564-A516-D048D08DE768","uid":"B7BF7488-7EBB-C7AA-3580-78BC9CD276D2"},{"_type":"KefedLink","end":"88C76F8D-EC04-46FF-DDFA-D048D08C5BE6","start":"1DEE4112-E028-6B49-99EF-D048D08A372B","uid":"1D9B6EF8-07A6-B3BC-5908-791C8E320063"},{"_type":"KefedLink","end":"88C76F8D-EC04-46FF-DDFA-D048D08C5BE6","start":"CD0A15A8-BC4D-8424-B7EE-D048D08D79E0","uid":"415C366D-E775-E492-E58B-791D3C26D4BF"},{"_type":"KefedLink","end":"1DEE4112-E028-6B49-99EF-D048D08A372B","start":"32002672-7BDA-C755-5DBA-D048D08D031D","uid":"724D0A46-E67C-60D0-28C3-A80519DBFFDB"},{"_type":"KefedLink","end":"E3740DDE-AED9-D119-2AF1-D048D08CEEC3","start":"88C76F8D-EC04-46FF-DDFA-D048D08C5BE6","uid":"F4ED81D1-D297-E8E4-DC7F-D04CF6841E3D"}],"diagramXML":"<diagram version=\"0\" width=\"2879\" height=\"2879\" id=\"763ED148-E7F3-705B-6502-78B2A5814AF7\">\n  <columns id=\"9EBAA77A-0695-1C85-BED8-78B2A5816E1C\" multicolumn=\"false\">\n    <column id=\"79A41F92-E438-694F-5A01-78B2A5811B1E\" width=\"2817\" height=\"30\" title=\"Default column\"/>\n    <column id=\"3C1FF556-5D8D-D501-81AE-78B33A0757DE\" width=\"80\" height=\"30\" title=\"Default column\"/>\n    <column id=\"B9A5FD4C-5072-CAE9-F93D-790B332BEF61\" width=\"80\" height=\"30\" title=\"Default column\"/>\n    <column id=\"5E976005-5475-C96E-ECB5-791BEA35651F\" width=\"80\" height=\"30\" title=\"Default column\"/>\n    <column id=\"6AC18DA9-0A13-5A90-7460-791ED295BD9D\" width=\"80\" height=\"30\" title=\"Default column\"/>\n    <column id=\"2678AE3D-88E0-30D3-A325-797EDB9ED621\" width=\"80\" height=\"30\" title=\"Default column\"/>\n    <column id=\"4FAFF106-C2BC-CD96-E4E3-887B5AA85044\" width=\"80\" height=\"30\" title=\"Default column\"/>\n    <column id=\"A54719A5-EE46-FA66-E193-88B5979C9567\" width=\"80\" height=\"30\" title=\"Default column\"/>\n    <column id=\"1C0AC181-D536-9A95-14D5-88C0C307C3D5\" width=\"80\" height=\"30\" title=\"Default column\"/>\n    <column id=\"CC5E1511-39A6-462B-84C9-A8048E8355D4\" width=\"80\" height=\"30\" title=\"Default column\"/>\n    <column id=\"26D01DB4-9A83-87D8-D611-A80750CFBF84\" width=\"80\" height=\"30\" title=\"Default column\"/>\n    <column id=\"416B45A3-6246-DCC8-36D1-D04AC306EFEF\" width=\"80\" height=\"30\" title=\"Default column\"/>\n    <column id=\"388DBECB-F265-2E90-B3FF-D059BD237207\" width=\"80\" height=\"30\" title=\"Default column\"/>\n    <column id=\"AA7640E4-AB52-4FE8-DD50-D05F1FB62B7C\" width=\"80\" height=\"30\" title=\"Default column\"/>\n  </columns>\n  <panels id=\"1FA1B5C8-4194-5F7D-AC26-78B2A58171EE\" multipanel=\"false\">\n    <panel id=\"B6A21531-A056-009A-6310-78B2A581C5D2\" height=\"2879\" title=\"KO_Transfect_IP_WB\">\n      <lane id=\"E6F2BB19-0507-F848-30A3-78B2A581CE35\" height=\"2879\" title=\"Mutate_3Tfx_IP_WB\">\n        <links id=\"07B16B61-0816-17C3-B755-78B2A581CCE7\">\n          <link id=\"8B76C99A-EADD-CB84-1C5C-78B690D8E45E\" dataid=\"965835BC-5323-9DB5-3A05-78B699B9F646\" master=\"D7125A79-A71C-855D-F380-78B690D88CED\" behaviour=\"0\" geometry=\"0\" styleclass=\".lanescope-link\" x=\"319\" y=\"470\" points=\"4,-247.05 5,-247.05 5,-160.1\" target=\"7DBF3BF1-41EE-1958-9CE5-78B690D81DC3\"/>\n          <link id=\"EF7593BD-93E0-C222-8253-78B70D12D0D0\" dataid=\"5D94C0CE-A643-8EAD-64A8-78B716BA88A9\" master=\"9EFDB32A-4680-9E77-19D2-78B70D12112D\" behaviour=\"0\" geometry=\"0\" styleclass=\".lanescope-link\" x=\"318.95\" y=\"538\" points=\"5,-228.1 6.25,-228.1 6.25,-143.9\" target=\"355D3AC9-6EEF-37E6-64FC-78B70D12FDBA\"/>\n          <link id=\"C51B735D-D39F-97CB-FF4D-78B7A581BDEE\" dataid=\"199E68D5-79C8-2EEC-452B-78B7AB0F8C93\" master=\"D9BFFCD3-90A0-0B39-E6A9-78B7A5817E8D\" behaviour=\"0\" geometry=\"0\" styleclass=\".lanescope-link\" x=\"319.2\" y=\"623\" points=\"6,-228.9 6.55,-228.9 6.55,-141\" target=\"CADD2A6B-A27D-71CF-9CAC-78B7A581CE74\"/>\n          <link id=\"1F980322-F1E9-DB4F-C9CE-78B81A0CA554\" dataid=\"BB89F14F-D850-D262-EAA9-78B821C4BAC9\" master=\"99BE2DEB-B71C-B38F-22B9-78B81A0CDD82\" behaviour=\"0\" geometry=\"0\" styleclass=\".lanescope-link\" x=\"320.75\" y=\"712\" points=\"5,-230.05 3.25,-230.05 3.25,-142\" target=\"726CD328-14D6-F79C-B6C0-78B81A0C8D5A\"/>\n          <link id=\"39ABBD3A-FB0E-4A36-6088-78BC9CD0A43E\" dataid=\"B7BF7488-7EBB-C7AA-3580-78BC9CD276D2\" master=\"4549DB9F-3D8F-FC2F-7927-78BC9CD0DAFA\" behaviour=\"0\" geometry=\"0\" styleclass=\".lanescope-link\" x=\"201\" y=\"754\" points=\"5,-275.05 68.25,-275.05 68.25,-265\" target=\"AC4529D3-491B-1465-5B77-78BC9CD0F029\"/>\n          <link id=\"65414C50-4715-5E4D-C168-791C8E3066D9\" dataid=\"1D9B6EF8-07A6-B3BC-5908-791C8E320063\" master=\"A20D6DC9-1343-DE79-2DB0-791C8E309118\" behaviour=\"0\" geometry=\"0\" styleclass=\".lanescope-link\" x=\"319\" y=\"95.1\" points=\"0,-18 0,4.5 1,4.5\" target=\"D5CF77A2-144F-76EC-6A33-791C8E300A83\"/>\n          <link id=\"90D33B27-8984-46C5-7A14-78BBA1B3F850\" dataid=\"ADB8BB46-470F-5A76-E8A9-78BBA1B5FC4F\" master=\"CE0EC47B-37B5-570C-49C9-78BBA1B3A53D\" behaviour=\"0\" geometry=\"0\" styleclass=\".lanescope-link\" x=\"199\" y=\"646.6\" points=\"6,-254.1 71.2,-254.1 71.2,-274\" target=\"7B7B9A8B-D411-00A0-F197-78BBA1B34ACE\"/>\n          <link id=\"0E1B5F88-FF9E-A34A-B200-791D3C25C633\" dataid=\"415C366D-E775-E492-E58B-791D3C26D4BF\" master=\"CD533CC0-B94F-7C71-41E9-791D3C25D13E\" behaviour=\"0\" geometry=\"0\" styleclass=\".lanescope-link\" x=\"194\" y=\"161\" points=\"-3,-34 96.25,-34 96.25,-27\" target=\"03BD6C7A-E8A6-9001-AB6B-791D3C259EA0\"/>\n          <link id=\"01FD7EF8-ECFF-BED9-4FED-A80519D76405\" dataid=\"724D0A46-E67C-60D0-28C3-A80519DBFFDB\" master=\"C3D4E1E4-04D0-276E-BBE0-A80519D82A01\" behaviour=\"0\" geometry=\"0\" styleclass=\".lanescope-link\" x=\"155.65\" y=\"48\" points=\"66,0 108.35,0 108.35,3.1\" target=\"BB04AB5E-FC3A-1D58-AE89-A80519D8B3F6\"/>\n          <link id=\"CB063404-EB26-97EB-6B63-D04CF6800623\" dataid=\"F4ED81D1-D297-E8E4-DC7F-D04CF6841E3D\" master=\"CC5DCBBE-209F-4640-041F-D04CF681EE0B\" behaviour=\"0\" geometry=\"0\" styleclass=\".lanescope-link\" x=\"323.25\" y=\"164.6\" points=\"0,0 0,27 4,27\" target=\"FE6F03BD-CA17-A6CE-7859-D04CF681D910\"/>\n        </links>\n        <sprites id=\"97820F67-3B85-C08C-9115-78B2A5818D9B\">\n          <sprite id=\"DFF1519B-E662-2239-5408-78B34E1F7CF0\" dataid=\"1DEE4112-E028-6B49-99EF-D048D08A372B\" annotation=\"673445AD-AD67-80DD-7777-78B418040B76\" dx=\"NaN\" dy=\"NaN\" box=\"264,14.1,119.85,63\" spriteid=\"Experimental Object\">\n            <anchor id=\"83AFD6A0-8F17-9AD5-95BA-78B4180F0C3E\" dx=\"0\" dy=\"0\" target=\"673445AD-AD67-80DD-7777-78B418040B76\"/>\n            <anchor id=\"A20D6DC9-1343-DE79-2DB0-791C8E309118\" dx=\"55\" dy=\"63\" target=\"65414C50-4715-5E4D-C168-791C8E3066D9\"/>\n            <anchor id=\"BB04AB5E-FC3A-1D58-AE89-A80519D8B3F6\" dx=\"0\" dy=\"37\" target=\"01FD7EF8-ECFF-BED9-4FED-A80519D76405\"/>\n          </sprite>\n          <sprite id=\"F2E9789C-0676-7E11-E301-78B5C7270EEA\" dataid=\"88C76F8D-EC04-46FF-DDFA-D048D08C5BE6\" annotation=\"5FFB6DF2-80E2-5A7D-E885-78B5CF6385A7\" dx=\"NaN\" dy=\"NaN\" box=\"261.25,101.6,119.5,62.75\" spriteid=\"Activity\">\n            <anchor id=\"D5CF77A2-144F-76EC-6A33-791C8E300A83\" dx=\"58.75\" dy=\"-2\" target=\"65414C50-4715-5E4D-C168-791C8E3066D9\"/>\n            <anchor id=\"7F669E25-5DBB-24BA-C8ED-78B5CF69A57B\" dx=\"0\" dy=\"0\" target=\"5FFB6DF2-80E2-5A7D-E885-78B5CF6385A7\"/>\n            <anchor id=\"03BD6C7A-E8A6-9001-AB6B-791D3C259EA0\" dx=\"29\" dy=\"32.4\" target=\"0E1B5F88-FF9E-A34A-B200-791D3C25C633\"/>\n            <anchor id=\"CC5DCBBE-209F-4640-041F-D04CF681EE0B\" dx=\"62\" dy=\"63\" target=\"CB063404-EB26-97EB-6B63-D04CF6800623\"/>\n          </sprite>\n          <sprite id=\"54058CA1-C61B-CE20-F80A-A804C4F52F44\" dataid=\"32002672-7BDA-C755-5DBA-D048D08D031D\" annotation=\"F6AECB3B-72F1-4954-BFC3-A804CA611CBF\" dx=\"NaN\" dy=\"NaN\" box=\"197.65,15,25.049999999999997,76.3\" spriteid=\"Parameter Specification\">\n            <anchor id=\"C3D4E1E4-04D0-276E-BBE0-A80519D82A01\" dx=\"24\" dy=\"33\" target=\"01FD7EF8-ECFF-BED9-4FED-A80519D76405\"/>\n            <anchor id=\"0A6AE1BD-FD2A-702D-8295-A804CA67FE8A\" dx=\"0\" dy=\"0\" target=\"F6AECB3B-72F1-4954-BFC3-A804CA611CBF\"/>\n          </sprite>\n          <sprite id=\"14C70219-FB94-D44F-0821-791D2F328CB4\" dataid=\"CD0A15A8-BC4D-8424-B7EE-D048D08D79E0\" annotation=\"85C48DD1-E4E2-A81E-5D93-791D3FF3B2A7\" dx=\"NaN\" dy=\"NaN\" box=\"166,91,25.049999999999997,76.3\" spriteid=\"Parameter Specification\">\n            <anchor id=\"D1EE648D-09CD-068B-59BA-791D3FFA1F18\" dx=\"0\" dy=\"0\" target=\"85C48DD1-E4E2-A81E-5D93-791D3FF3B2A7\"/>\n            <anchor id=\"CD533CC0-B94F-7C71-41E9-791D3C25D13E\" dx=\"25\" dy=\"36\" target=\"0E1B5F88-FF9E-A34A-B200-791D3C25C633\"/>\n          </sprite>\n          <sprite id=\"4FA20054-2D27-18F6-2330-78B690D31E41\" dataid=\"70F55C2F-3687-FCCE-8E8C-D048D08C8A41\" annotation=\"BBAEDB4C-FBB7-DB45-BEFB-78B69ACDEAA7\" dx=\"NaN\" dy=\"NaN\" box=\"264.05,278.4,119.85,63\" spriteid=\"Experimental Object\">\n            <anchor id=\"7DBF3BF1-41EE-1958-9CE5-78B690D81DC3\" dx=\"59.95\" dy=\"31.5\" target=\"8B76C99A-EADD-CB84-1C5C-78B690D8E45E\"/>\n            <anchor id=\"7D5F4DCC-1B6D-E820-C9F7-78B69AD3AACD\" dx=\"0\" dy=\"0\" target=\"BBAEDB4C-FBB7-DB45-BEFB-78B69ACDEAA7\"/>\n            <anchor id=\"9EFDB32A-4680-9E77-19D2-78B70D12112D\" dx=\"59.9\" dy=\"31.5\" target=\"EF7593BD-93E0-C222-8253-78B70D12D0D0\"/>\n          </sprite>\n          <sprite id=\"2F5159C8-6BEA-DDE8-0619-78B63B8C42B3\" dataid=\"E3740DDE-AED9-D119-2AF1-D048D08CEEC3\" annotation=\"318BE034-16DC-698F-0C77-78B6472499AA\" dx=\"NaN\" dy=\"NaN\" box=\"263.25,191.6,119.5,62.75\" spriteid=\"Activity\">\n            <anchor id=\"D7125A79-A71C-855D-F380-78B690D88CED\" dx=\"59.75\" dy=\"31.35\" target=\"8B76C99A-EADD-CB84-1C5C-78B690D8E45E\"/>\n            <anchor id=\"FE6F03BD-CA17-A6CE-7859-D04CF681D910\" dx=\"64\" dy=\"0\" target=\"CB063404-EB26-97EB-6B63-D04CF6800623\"/>\n            <anchor id=\"1F5E5889-B55D-9566-77F9-78B64729C8A5\" dx=\"0\" dy=\"0\" target=\"318BE034-16DC-698F-0C77-78B6472499AA\"/>\n          </sprite>\n          <sprite id=\"866C1DBF-FC2E-C8FB-5971-78B7A57BD34E\" dataid=\"49CD594C-78A9-3015-FF7F-D048D08C0D8C\" annotation=\"36956BDF-7695-4B12-2222-78B7AC89A75B\" dx=\"NaN\" dy=\"NaN\" box=\"265.25,450.6,121,62.75\" spriteid=\"Activity\">\n            <anchor id=\"99BE2DEB-B71C-B38F-22B9-78B81A0CDD82\" dx=\"60.5\" dy=\"31.35\" target=\"1F980322-F1E9-DB4F-C9CE-78B81A0CA554\"/>\n            <anchor id=\"CADD2A6B-A27D-71CF-9CAC-78B7A581CE74\" dx=\"60.50000000000001\" dy=\"31.4\" target=\"C51B735D-D39F-97CB-FF4D-78B7A581BDEE\"/>\n            <anchor id=\"AC4529D3-491B-1465-5B77-78BC9CD0F029\" dx=\"4\" dy=\"38.4\" target=\"39ABBD3A-FB0E-4A36-6088-78BC9CD0A43E\"/>\n            <anchor id=\"7B26B4EB-2384-1FB6-91AB-78B7AC8F4802\" dx=\"0\" dy=\"0\" target=\"36956BDF-7695-4B12-2222-78B7AC89A75B\"/>\n          </sprite>\n          <sprite id=\"D465C8EB-57E1-D1B6-435D-78BC55090D20\" dataid=\"0E19EE6B-07B7-2564-A516-D048D08DE768\" annotation=\"378DB40B-FE53-C180-C2FB-78BC5904D3D6\" dx=\"NaN\" dy=\"NaN\" box=\"179,451.95,25.049999999999997,76.3\" spriteid=\"Parameter Specification\">\n            <anchor id=\"2FC1C6A2-0685-49E7-50CB-78BC590AC4BB\" dx=\"0\" dy=\"0\" target=\"378DB40B-FE53-C180-C2FB-78BC5904D3D6\"/>\n            <anchor id=\"4549DB9F-3D8F-FC2F-7927-78BC9CD0DAFA\" dx=\"27\" dy=\"27\" target=\"39ABBD3A-FB0E-4A36-6088-78BC9CD0A43E\"/>\n          </sprite>\n          <sprite id=\"B979AC95-52F7-E99F-79C7-78B70D0DE64F\" dataid=\"4FB95367-9F6B-F89E-4C33-D048D08CD70B\" annotation=\"FB0B50E2-DA94-D8CF-0902-78B71855BE92\" dx=\"NaN\" dy=\"NaN\" box=\"244.2,364.6,162,59\" spriteid=\"Activity\">\n            <anchor id=\"8EE5990B-5120-4953-F518-78B7185CEFD1\" dx=\"0\" dy=\"0\" target=\"FB0B50E2-DA94-D8CF-0902-78B71855BE92\"/>\n            <anchor id=\"355D3AC9-6EEF-37E6-64FC-78B70D12FDBA\" dx=\"81\" dy=\"29.523505976095617\" target=\"EF7593BD-93E0-C222-8253-78B70D12D0D0\"/>\n            <anchor id=\"7B7B9A8B-D411-00A0-F197-78BBA1B34ACE\" dx=\"26\" dy=\"8\" target=\"90D33B27-8984-46C5-7A14-78BBA1B3F850\"/>\n            <anchor id=\"D9BFFCD3-90A0-0B39-E6A9-78B7A5817E8D\" dx=\"81\" dy=\"29.5\" target=\"C51B735D-D39F-97CB-FF4D-78B7A581BDEE\"/>\n          </sprite>\n          <sprite id=\"D90CD077-51BE-C12E-678F-78BB84F3525C\" dataid=\"06C130CA-4C37-1358-2174-D048D08C0F29\" annotation=\"33DB63C2-D005-5A44-56B7-78BBF17F66D0\" dx=\"NaN\" dy=\"NaN\" box=\"179,354.9,25.049999999999997,76.3\" spriteid=\"Parameter Specification\">\n            <anchor id=\"CE0EC47B-37B5-570C-49C9-78BBA1B3A53D\" dx=\"26\" dy=\"37.6\" target=\"90D33B27-8984-46C5-7A14-78BBA1B3F850\"/>\n            <anchor id=\"D1B5C0BD-099B-2232-E4BF-78BBF185F70D\" dx=\"0\" dy=\"0\" target=\"33DB63C2-D005-5A44-56B7-78BBF17F66D0\"/>\n          </sprite>\n          <sprite id=\"753B260A-35F5-C45D-42E3-78B81A04B708\" dataid=\"1228B888-DE90-D146-5113-D048D08CE1A2\" selected=\"true\" annotation=\"53B5F940-2CB5-03D3-F34B-78B842B5A4BA\" dx=\"NaN\" dy=\"NaN\" box=\"292,538.45,64,63.1\" spriteid=\"Measurement Specification\">\n            <anchor id=\"F430C836-941D-6C50-A0E7-78B842BD391A\" dx=\"0\" dy=\"0\" target=\"53B5F940-2CB5-03D3-F34B-78B842B5A4BA\"/>\n            <anchor id=\"726CD328-14D6-F79C-B6C0-78B81A0C8D5A\" dx=\"32\" dy=\"31.55\" target=\"1F980322-F1E9-DB4F-C9CE-78B81A0CA554\"/>\n          </sprite>\n        </sprites>\n        <annotations id=\"90825723-95AD-BE89-0ABB-78B2A581DD4C\">\n          <annotation id=\"673445AD-AD67-80DD-7777-78B418040B76\" master=\"83AFD6A0-8F17-9AD5-95BA-78B4180F0C3E\" dx=\"8.899999999999977\" dy=\"21\" box=\"272.9,35.1,100,16\" spriteid=\"annotation\"><![CDATA[Cell-Line]]></annotation>\n          <annotation id=\"F6AECB3B-72F1-4954-BFC3-A804CA611CBF\" master=\"0A6AE1BD-FD2A-702D-8295-A804CA67FE8A\" dx=\"-86.5\" dy=\"18.299999999999997\" box=\"111.15,33.3,72,41.7\" spriteid=\"annotation\"><![CDATA[modified-cell-type]]></annotation>\n          <annotation id=\"BBAEDB4C-FBB7-DB45-BEFB-78B69ACDEAA7\" master=\"7D5F4DCC-1B6D-E820-C9F7-78B69AD3AACD\" dx=\"8.899999999999977\" dy=\"16\" box=\"272.95,294.4,100,30\" spriteid=\"annotation\"><![CDATA[Lysate]]></annotation>\n          <annotation id=\"318BE034-16DC-698F-0C77-78B6472499AA\" master=\"1F5E5889-B55D-9566-77F9-78B64729C8A5\" dx=\"5.75\" dy=\"15.75\" box=\"269,207.35,100,23.25\" spriteid=\"annotation\"><![CDATA[Cell Lysing]]></annotation>\n          <annotation id=\"36956BDF-7695-4B12-2222-78B7AC89A75B\" master=\"7B26B4EB-2384-1FB6-91AB-78B7AC8F4802\" dx=\"4.800000000000011\" dy=\"12.75\" box=\"270.05,463.35,106.95,36.65\" spriteid=\"annotation\"><![CDATA[Western\rBlot]]></annotation>\n          <annotation id=\"53B5F940-2CB5-03D3-F34B-78B842B5A4BA\" master=\"F430C836-941D-6C50-A0E7-78B842BD391A\" dx=\"-108\" dy=\"10.100000000000025\" box=\"184,548.55,100,40.45\" spriteid=\"annotation\"><![CDATA[protein-concentration]]></annotation>\n          <annotation id=\"378DB40B-FE53-C180-C2FB-78BC5904D3D6\" master=\"2FC1C6A2-0685-49E7-50CB-78BC590AC4BB\" dx=\"-112.5\" dy=\"1.3000000000000114\" box=\"66.5,453.25,100,46.7\" spriteid=\"annotation\"><![CDATA[primary-antibody]]></annotation>\n          <annotation id=\"FB0B50E2-DA94-D8CF-0902-78B71855BE92\" master=\"8EE5990B-5120-4953-F518-78B7185CEFD1\" dx=\"-0.8499999999999659\" dy=\"15.549999999999956\" box=\"243.35,380.15,155,20\" spriteid=\"annotation\"><![CDATA[Immunoprecipitation]]></annotation>\n          <annotation id=\"33DB63C2-D005-5A44-56B7-78BBF17F66D0\" master=\"D1B5C0BD-099B-2232-E4BF-78BBF185F70D\" dx=\"-141\" dy=\"3.3000000000000114\" box=\"38,358.2,127.5,19.700000000000003\" spriteid=\"annotation\"><![CDATA[immunoprecipitate]]></annotation>\n          <annotation id=\"5FFB6DF2-80E2-5A7D-E885-78B5CF6385A7\" master=\"7F669E25-5DBB-24BA-C8ED-78B5CF69A57B\" dx=\"5.75\" dy=\"8.75\" box=\"267,110.35,100,36\" spriteid=\"annotation\"><![CDATA[Triple Transfection]]></annotation>\n          <annotation id=\"85C48DD1-E4E2-A81E-5D93-791D3FF3B2A7\" master=\"D1EE648D-09CD-068B-59BA-791D3FFA1F18\" dx=\"-108.5\" dy=\"12.300000000000011\" box=\"57.5,103.3,100,54\" spriteid=\"annotation\"><![CDATA[triple-promoter-construct]]></annotation>\n        </annotations>\n      </lane>\n      <links id=\"B7F89C45-B289-8DEA-7D19-78B2A58131B8\"/>\n      <annotations id=\"649A418C-9F74-BB70-D074-78B2A5813F09\"/>\n    </panel>\n    <links id=\"C73AA95D-2530-67D0-FA39-78B2A581D58C\"/>\n    <annotations id=\"06224632-CEE2-619F-86DD-78B2A5815401\"/>\n  </panels>\n</diagram>","uid":"FC8D5F3C-A440-6771-84ED-D05CBF600A90","description":"","designUid":"BFC40E48-25CC-A1D9-E7DE-D048D089E3EE","type":"Mutate_3Tfx_IP_WB","experimentData":{"1228B888-DE90-D146-5113-D048D08CE1A2":[{"1228B888-DE90-D146-5113-D048D08CE1A2":"2/7: low","06C130CA-4C37-1358-2174-D048D08C0F29":"Sos1","CD0A15A8-BC4D-8424-B7EE-D048D08D79E0":{"F002C09C-E4A6-CA0E-9B1E-D04C7467D902":"E3b1","F42BD0A7-7177-C2C5-4D29-D048D08D7550":"vector","CC7340BE-C740-EA1A-A0B8-D04C01B7D5B1":"Eps8"},"0E19EE6B-07B7-2564-A516-D048D08DE768":"Eps8","32002672-7BDA-C755-5DBA-D048D08D031D":{"3F1C1C0A-C450-712B-6869-D048D08D60C0":"-/-","CEEA30FC-F3B8-5418-4574-D048D08DCFB9":"MEF","DB07621A-3269-147E-F16C-D048D08D6DDF":"p66shc"},"mx_internal_uid":"E46B4B8C-D018-1CB0-5B68-D06BC3EFEA79"},{"1228B888-DE90-D146-5113-D048D08CE1A2":"2/7: low","06C130CA-4C37-1358-2174-D048D08C0F29":"Sos1","CD0A15A8-BC4D-8424-B7EE-D048D08D79E0":{"F002C09C-E4A6-CA0E-9B1E-D04C7467D902":"E3b1","F42BD0A7-7177-C2C5-4D29-D048D08D7550":"P66shc-CH2","CC7340BE-C740-EA1A-A0B8-D04C01B7D5B1":"Eps8"},"0E19EE6B-07B7-2564-A516-D048D08DE768":"Eps8","32002672-7BDA-C755-5DBA-D048D08D031D":{"3F1C1C0A-C450-712B-6869-D048D08D60C0":"-/-","CEEA30FC-F3B8-5418-4574-D048D08DCFB9":"MEF","DB07621A-3269-147E-F16C-D048D08D6DDF":"p66shc"},"mx_internal_uid":"0285E498-58D0-1A77-A0C7-D06BC417C08B"},{"1228B888-DE90-D146-5113-D048D08CE1A2":"2/7: low","06C130CA-4C37-1358-2174-D048D08C0F29":"Sos1","CD0A15A8-BC4D-8424-B7EE-D048D08D79E0":{"F002C09C-E4A6-CA0E-9B1E-D04C7467D902":"E3b1","F42BD0A7-7177-C2C5-4D29-D048D08D7550":"P66shc-P47A/P50A","CC7340BE-C740-EA1A-A0B8-D04C01B7D5B1":"Eps8"},"0E19EE6B-07B7-2564-A516-D048D08DE768":"Eps8","32002672-7BDA-C755-5DBA-D048D08D031D":{"3F1C1C0A-C450-712B-6869-D048D08D60C0":"-/-","CEEA30FC-F3B8-5418-4574-D048D08DCFB9":"MEF","DB07621A-3269-147E-F16C-D048D08D6DDF":"p66shc"},"mx_internal_uid":"4B988186-DF19-08EA-29AC-D06BC41D90E3"},{"1228B888-DE90-D146-5113-D048D08CE1A2":"6/7: high","06C130CA-4C37-1358-2174-D048D08C0F29":"Sos1","CD0A15A8-BC4D-8424-B7EE-D048D08D79E0":{"F002C09C-E4A6-CA0E-9B1E-D04C7467D902":"E3b1","F42BD0A7-7177-C2C5-4D29-D048D08D7550":"P66shc","CC7340BE-C740-EA1A-A0B8-D04C01B7D5B1":"Eps8"},"0E19EE6B-07B7-2564-A516-D048D08DE768":"Eps8","32002672-7BDA-C755-5DBA-D048D08D031D":{"3F1C1C0A-C450-712B-6869-D048D08D60C0":"-/-","CEEA30FC-F3B8-5418-4574-D048D08DCFB9":"MEF","DB07621A-3269-147E-F16C-D048D08D6DDF":"p66shc"},"mx_internal_uid":"41B375BE-F912-DE17-D1A1-D06BC4235AE2"},{"1228B888-DE90-D146-5113-D048D08CE1A2":"3/7: low/moderate","06C130CA-4C37-1358-2174-D048D08C0F29":"Sos1","CD0A15A8-BC4D-8424-B7EE-D048D08D79E0":{"F002C09C-E4A6-CA0E-9B1E-D04C7467D902":"E3b1","F42BD0A7-7177-C2C5-4D29-D048D08D7550":"control","CC7340BE-C740-EA1A-A0B8-D04C01B7D5B1":"Eps8"},"0E19EE6B-07B7-2564-A516-D048D08DE768":"Eps8","32002672-7BDA-C755-5DBA-D048D08D031D":{"3F1C1C0A-C450-712B-6869-D048D08D60C0":"-/-","CEEA30FC-F3B8-5418-4574-D048D08DCFB9":"MEF","DB07621A-3269-147E-F16C-D048D08D6DDF":"p66shc"},"mx_internal_uid":"C14BBD02-9DE1-CF6C-8411-D06BC42AA9A5"},{"1228B888-DE90-D146-5113-D048D08CE1A2":"6/7: high","06C130CA-4C37-1358-2174-D048D08C0F29":"Sos1","CD0A15A8-BC4D-8424-B7EE-D048D08D79E0":{"F002C09C-E4A6-CA0E-9B1E-D04C7467D902":"E3b1","F42BD0A7-7177-C2C5-4D29-D048D08D7550":"control","CC7340BE-C740-EA1A-A0B8-D04C01B7D5B1":"Eps8"},"0E19EE6B-07B7-2564-A516-D048D08DE768":"Eps8","32002672-7BDA-C755-5DBA-D048D08D031D":{"3F1C1C0A-C450-712B-6869-D048D08D60C0":"+/+","CEEA30FC-F3B8-5418-4574-D048D08DCFB9":"MEF","DB07621A-3269-147E-F16C-D048D08D6DDF":"p66shc"},"mx_internal_uid":"E982B42F-DD0F-E946-B2F5-D06BC42F0D73"},{"1228B888-DE90-D146-5113-D048D08CE1A2":"7/7: very high","06C130CA-4C37-1358-2174-D048D08C0F29":"Sos1","CD0A15A8-BC4D-8424-B7EE-D048D08D79E0":{"F002C09C-E4A6-CA0E-9B1E-D04C7467D902":"E3b1","F42BD0A7-7177-C2C5-4D29-D048D08D7550":"vector","CC7340BE-C740-EA1A-A0B8-D04C01B7D5B1":"Eps8"},"0E19EE6B-07B7-2564-A516-D048D08DE768":"Sos1","32002672-7BDA-C755-5DBA-D048D08D031D":{"3F1C1C0A-C450-712B-6869-D048D08D60C0":"-/-","CEEA30FC-F3B8-5418-4574-D048D08DCFB9":"MEF","DB07621A-3269-147E-F16C-D048D08D6DDF":"p66shc"},"mx_internal_uid":"3EA9671C-B43D-89CC-9E2A-D06BC4388E23"},{"1228B888-DE90-D146-5113-D048D08CE1A2":"7/7: very high","06C130CA-4C37-1358-2174-D048D08C0F29":"Sos1","CD0A15A8-BC4D-8424-B7EE-D048D08D79E0":{"F002C09C-E4A6-CA0E-9B1E-D04C7467D902":"E3b1","F42BD0A7-7177-C2C5-4D29-D048D08D7550":"P66shc-CH2","CC7340BE-C740-EA1A-A0B8-D04C01B7D5B1":"Eps8"},"0E19EE6B-07B7-2564-A516-D048D08DE768":"Sos1","32002672-7BDA-C755-5DBA-D048D08D031D":{"3F1C1C0A-C450-712B-6869-D048D08D60C0":"-/-","CEEA30FC-F3B8-5418-4574-D048D08DCFB9":"MEF","DB07621A-3269-147E-F16C-D048D08D6DDF":"p66shc"},"mx_internal_uid":"F7B75AF2-5310-DFCD-CD3C-D06BC43E8C0B"},{"1228B888-DE90-D146-5113-D048D08CE1A2":"7/7: very high","06C130CA-4C37-1358-2174-D048D08C0F29":"Sos1","CD0A15A8-BC4D-8424-B7EE-D048D08D79E0":{"F002C09C-E4A6-CA0E-9B1E-D04C7467D902":"E3b1","F42BD0A7-7177-C2C5-4D29-D048D08D7550":"P66shc-P47A/P50A","CC7340BE-C740-EA1A-A0B8-D04C01B7D5B1":"Eps8"},"0E19EE6B-07B7-2564-A516-D048D08DE768":"Sos1","32002672-7BDA-C755-5DBA-D048D08D031D":{"3F1C1C0A-C450-712B-6869-D048D08D60C0":"-/-","CEEA30FC-F3B8-5418-4574-D048D08DCFB9":"MEF","DB07621A-3269-147E-F16C-D048D08D6DDF":"p66shc"},"mx_internal_uid":"5A843860-87F9-5FCE-5D6C-D06BC4441200"},{"1228B888-DE90-D146-5113-D048D08CE1A2":"7/7: very high","06C130CA-4C37-1358-2174-D048D08C0F29":"Sos1","CD0A15A8-BC4D-8424-B7EE-D048D08D79E0":{"F002C09C-E4A6-CA0E-9B1E-D04C7467D902":"E3b1","F42BD0A7-7177-C2C5-4D29-D048D08D7550":"P66shc","CC7340BE-C740-EA1A-A0B8-D04C01B7D5B1":"Eps8"},"0E19EE6B-07B7-2564-A516-D048D08DE768":"Sos1","32002672-7BDA-C755-5DBA-D048D08D031D":{"3F1C1C0A-C450-712B-6869-D048D08D60C0":"-/-","CEEA30FC-F3B8-5418-4574-D048D08DCFB9":"MEF","DB07621A-3269-147E-F16C-D048D08D6DDF":"p66shc"},"mx_internal_uid":"D98C56A8-A26A-5634-2229-D06BC4480C4F"},{"1228B888-DE90-D146-5113-D048D08CE1A2":"7/7: very high","06C130CA-4C37-1358-2174-D048D08C0F29":"Sos1","CD0A15A8-BC4D-8424-B7EE-D048D08D79E0":{"F002C09C-E4A6-CA0E-9B1E-D04C7467D902":"E3b1","F42BD0A7-7177-C2C5-4D29-D048D08D7550":"control","CC7340BE-C740-EA1A-A0B8-D04C01B7D5B1":"Eps8"},"0E19EE6B-07B7-2564-A516-D048D08DE768":"Sos1","32002672-7BDA-C755-5DBA-D048D08D031D":{"3F1C1C0A-C450-712B-6869-D048D08D60C0":"-/-","CEEA30FC-F3B8-5418-4574-D048D08DCFB9":"MEF","DB07621A-3269-147E-F16C-D048D08D6DDF":"p66shc"},"mx_internal_uid":"04701565-3A60-D0F3-E913-D06BC44E9BB8"},{"1228B888-DE90-D146-5113-D048D08CE1A2":"7/7: very high","06C130CA-4C37-1358-2174-D048D08C0F29":"Sos1","CD0A15A8-BC4D-8424-B7EE-D048D08D79E0":{"F002C09C-E4A6-CA0E-9B1E-D04C7467D902":"E3b1","F42BD0A7-7177-C2C5-4D29-D048D08D7550":"control","CC7340BE-C740-EA1A-A0B8-D04C01B7D5B1":"Eps8"},"0E19EE6B-07B7-2564-A516-D048D08DE768":"Sos1","32002672-7BDA-C755-5DBA-D048D08D031D":{"3F1C1C0A-C450-712B-6869-D048D08D60C0":"+/+","CEEA30FC-F3B8-5418-4574-D048D08DCFB9":"MEF","DB07621A-3269-147E-F16C-D048D08D6DDF":"p66shc"},"mx_internal_uid":"EA299612-925F-D2A0-E677-D06BC4542A53"},{"1228B888-DE90-D146-5113-D048D08CE1A2":"7/7: very high","06C130CA-4C37-1358-2174-D048D08C0F29":"lysate","CD0A15A8-BC4D-8424-B7EE-D048D08D79E0":{"F002C09C-E4A6-CA0E-9B1E-D04C7467D902":"E3b1","F42BD0A7-7177-C2C5-4D29-D048D08D7550":"vector","CC7340BE-C740-EA1A-A0B8-D04C01B7D5B1":"Eps8"},"0E19EE6B-07B7-2564-A516-D048D08DE768":"Eps8","32002672-7BDA-C755-5DBA-D048D08D031D":{"3F1C1C0A-C450-712B-6869-D048D08D60C0":"-/-","CEEA30FC-F3B8-5418-4574-D048D08DCFB9":"MEF","DB07621A-3269-147E-F16C-D048D08D6DDF":"p66shc"},"mx_internal_uid":"6F2B59E1-C82E-3885-B3E8-D06BC45A5C8D"},{"0E19EE6B-07B7-2564-A516-D048D08DE768":"Eps8","06C130CA-4C37-1358-2174-D048D08C0F29":"lysate","1228B888-DE90-D146-5113-D048D08CE1A2":"7/7: very high","CD0A15A8-BC4D-8424-B7EE-D048D08D79E0":{"F002C09C-E4A6-CA0E-9B1E-D04C7467D902":"E3b1","F42BD0A7-7177-C2C5-4D29-D048D08D7550":"P66shc-CH2","CC7340BE-C740-EA1A-A0B8-D04C01B7D5B1":"Eps8"},"32002672-7BDA-C755-5DBA-D048D08D031D":{"3F1C1C0A-C450-712B-6869-D048D08D60C0":"-/-","CEEA30FC-F3B8-5418-4574-D048D08DCFB9":"MEF","DB07621A-3269-147E-F16C-D048D08D6DDF":"p66shc"}},{"0E19EE6B-07B7-2564-A516-D048D08DE768":"Eps8","06C130CA-4C37-1358-2174-D048D08C0F29":"lysate","1228B888-DE90-D146-5113-D048D08CE1A2":"7/7: very high","CD0A15A8-BC4D-8424-B7EE-D048D08D79E0":{"F002C09C-E4A6-CA0E-9B1E-D04C7467D902":"E3b1","F42BD0A7-7177-C2C5-4D29-D048D08D7550":"P66shc-P47A/P50A","CC7340BE-C740-EA1A-A0B8-D04C01B7D5B1":"Eps8"},"32002672-7BDA-C755-5DBA-D048D08D031D":{"3F1C1C0A-C450-712B-6869-D048D08D60C0":"-/-","CEEA30FC-F3B8-5418-4574-D048D08DCFB9":"MEF","DB07621A-3269-147E-F16C-D048D08D6DDF":"p66shc"}},{"0E19EE6B-07B7-2564-A516-D048D08DE768":"Eps8","06C130CA-4C37-1358-2174-D048D08C0F29":"lysate","1228B888-DE90-D146-5113-D048D08CE1A2":"7/7: very high","CD0A15A8-BC4D-8424-B7EE-D048D08D79E0":{"F002C09C-E4A6-CA0E-9B1E-D04C7467D902":"E3b1","F42BD0A7-7177-C2C5-4D29-D048D08D7550":"P66shc","CC7340BE-C740-EA1A-A0B8-D04C01B7D5B1":"Eps8"},"32002672-7BDA-C755-5DBA-D048D08D031D":{"3F1C1C0A-C450-712B-6869-D048D08D60C0":"-/-","CEEA30FC-F3B8-5418-4574-D048D08DCFB9":"MEF","DB07621A-3269-147E-F16C-D048D08D6DDF":"p66shc"}},{"0E19EE6B-07B7-2564-A516-D048D08DE768":"Eps8","06C130CA-4C37-1358-2174-D048D08C0F29":"lysate","1228B888-DE90-D146-5113-D048D08CE1A2":"7/7: very high","CD0A15A8-BC4D-8424-B7EE-D048D08D79E0":{"F002C09C-E4A6-CA0E-9B1E-D04C7467D902":"E3b1","F42BD0A7-7177-C2C5-4D29-D048D08D7550":"control","CC7340BE-C740-EA1A-A0B8-D04C01B7D5B1":"Eps8"},"32002672-7BDA-C755-5DBA-D048D08D031D":{"3F1C1C0A-C450-712B-6869-D048D08D60C0":"-/-","CEEA30FC-F3B8-5418-4574-D048D08DCFB9":"MEF","DB07621A-3269-147E-F16C-D048D08D6DDF":"p66shc"}},{"0E19EE6B-07B7-2564-A516-D048D08DE768":"Eps8","06C130CA-4C37-1358-2174-D048D08C0F29":"lysate","1228B888-DE90-D146-5113-D048D08CE1A2":"7/7: very high","CD0A15A8-BC4D-8424-B7EE-D048D08D79E0":{"F002C09C-E4A6-CA0E-9B1E-D04C7467D902":"E3b1","F42BD0A7-7177-C2C5-4D29-D048D08D7550":"control","CC7340BE-C740-EA1A-A0B8-D04C01B7D5B1":"Eps8"},"32002672-7BDA-C755-5DBA-D048D08D031D":{"3F1C1C0A-C450-712B-6869-D048D08D60C0":"+/+","CEEA30FC-F3B8-5418-4574-D048D08DCFB9":"MEF","DB07621A-3269-147E-F16C-D048D08D6DDF":"p66shc"}}]}}