{
    "measurements": [
        {
            "value": {"protein-concentration": "6/7: high"},
            "context": {
                "primary-antibody": "shc",
                "immunoprecipitate": "grb2",
                "cell-type": "HEK293",
                "promoter-construct": {
                    "CB0441F9-42CF-0AF9-E779-A2FFF9E695DE": "p66shc-P47A/P50A",
                    "899C0324-FAC5-CA90-7EF4-A2FFF9E6A66A": "grb2"
                }
            }
        },
        {
            "value": {"protein-concentration": "6/7: high"},
            "context": {
                "primary-antibody": "shc",
                "immunoprecipitate": "grb2",
                "cell-type": "HEK293",
                "promoter-construct": {
                    "CB0441F9-42CF-0AF9-E779-A2FFF9E695DE": "p66shc",
                    "899C0324-FAC5-CA90-7EF4-A2FFF9E6A66A": "grb2"
                }
            }
        },
        {
            "value": {"protein-concentration": "7/7: very high"},
            "context": {
                "primary-antibody": "grb2",
                "immunoprecipitate": "grb2",
                "cell-type": "HEK293",
                "promoter-construct": {
                    "CB0441F9-42CF-0AF9-E779-A2FFF9E695DE": "p66shc-P47A/P50A",
                    "899C0324-FAC5-CA90-7EF4-A2FFF9E6A66A": "grb2"
                }
            }
        },
        {
            "value": {"protein-concentration": "7/7: very high"},
            "context": {
                "primary-antibody": "grb2",
                "immunoprecipitate": "grb2",
                "cell-type": "HEK293",
                "promoter-construct": {
                    "CB0441F9-42CF-0AF9-E779-A2FFF9E695DE": "p66shc",
                    "899C0324-FAC5-CA90-7EF4-A2FFF9E6A66A": "grb2"
                }
            }
        },
        {
            "value": {"protein-concentration": "7/7: very high"},
            "context": {
                "primary-antibody": "shc",
                "immunoprecipitate": "lysate",
                "cell-type": "HEK293",
                "promoter-construct": {
                    "CB0441F9-42CF-0AF9-E779-A2FFF9E695DE": "p66shc-P47A/P50A",
                    "899C0324-FAC5-CA90-7EF4-A2FFF9E6A66A": "grb2"
                }
            }
        },
        {
            "value": {"protein-concentration": "7/7: very high"},
            "context": {
                "primary-antibody": "shc",
                "immunoprecipitate": "lysate",
                "cell-type": "HEK293",
                "promoter-construct": {
                    "CB0441F9-42CF-0AF9-E779-A2FFF9E695DE": "p66shc",
                    "899C0324-FAC5-CA90-7EF4-A2FFF9E6A66A": "grb2"
                }
            }
        },
        {
            "value": {"protein-concentration": "7/7: very high"},
            "context": {
                "primary-antibody": "grb2",
                "immunoprecipitate": "lysate",
                "cell-type": "HEK293",
                "promoter-construct": {
                    "CB0441F9-42CF-0AF9-E779-A2FFF9E695DE": "p66shc-P47A/P50A",
                    "899C0324-FAC5-CA90-7EF4-A2FFF9E6A66A": "grb2"
                }
            }
        },
        {
            "value": {"protein-concentration": "7/7: very high"},
            "context": {
                "primary-antibody": "grb2",
                "immunoprecipitate": "lysate",
                "cell-type": "HEK293",
                "promoter-construct": {
                    "CB0441F9-42CF-0AF9-E779-A2FFF9E695DE": "p66shc",
                    "899C0324-FAC5-CA90-7EF4-A2FFF9E6A66A": "grb2"
                }
            }
        }
    ],
    "type": "2Tfx_IP_WB",
    "name": "16520382-Fig2E"
}