{"modelName":"19050761-Fig5J","_type":"KefedExperiment","citeKey":"19050761-Fig5J","nodes":[{"nameValue":"Cell-Line","_type":"KefedObject","did":"DFF1519B-E662-2239-5408-78B34E1F7CF0","compositions":0,"master":"","uid":"1D4BF36B-AE2A-18EB-3E4B-D0D2625FB750","notes":null,"ontologyIds":[],"type":"sprite","spriteid":"Experimental Object","dataTable":[]},{"nameValue":"Cell Lysing","_type":"KefedObject","did":"2F5159C8-6BEA-DDE8-0619-78B63B8C42B3","compositions":0,"master":"","uid":"FB80DC7C-FAD6-1852-3C27-D0D2625FF63E","notes":null,"ontologyIds":[],"type":"sprite","spriteid":"Activity","dataTable":[]},{"nameValue":"Lysate","_type":"KefedObject","did":"4FA20054-2D27-18F6-2330-78B690D31E41","compositions":0,"master":"","uid":"73D2BDB4-34B0-3480-480B-D0D2625F1B54","notes":null,"ontologyIds":[],"type":"sprite","spriteid":"Experimental Object","dataTable":[]},{"nameValue":"Immunoprecipitation","_type":"KefedObject","did":"B979AC95-52F7-E99F-79C7-78B70D0DE64F","compositions":0,"master":"","uid":"BBDADCBF-71CE-2480-FE4A-D0D2625F07B4","notes":null,"ontologyIds":[],"type":"sprite","spriteid":"Activity","dataTable":[]},{"nameValue":"Western\rBlot","_type":"KefedObject","did":"866C1DBF-FC2E-C8FB-5971-78B7A57BD34E","compositions":0,"master":"","uid":"D45F53F0-2143-04F8-46B8-D0D2625FFBBA","notes":null,"ontologyIds":[],"type":"sprite","spriteid":"Activity","dataTable":[]},{"nameValue":"protein-concentration","_type":"KefedObject","did":"753B260A-35F5-C45D-42E3-78B81A04B708","ontologyIds":[],"valueType":{"nameValue":"","_type":"KefedFullValueTemplate","allowedUnits":[],"valueTypeName":"Text","allowedPatterns":[],"allowedValues":[],"allowFreeValueInput":true,"termLookupFunction":"","allowFreeUnitInput":true,"minimumValue":"","allowFreePatternInput":false,"maximumValue":"","multipleSlotFields":[],"orderedValues":false},"compositions":0,"notes":null,"master":"","uid":"9B115B34-4121-2DD5-3441-D0D2625FF808","type":"sprite","spriteid":"Measurement Specification","dataTable":[]},{"nameValue":"immunoprecipitate","_type":"KefedObject","did":"D90CD077-51BE-C12E-678F-78BB84F3525C","ontologyIds":[],"valueType":{"nameValue":"","_type":"KefedFullValueTemplate","allowedUnits":[],"valueTypeName":"Text","allowedPatterns":[],"allowedValues":[],"allowFreeValueInput":true,"termLookupFunction":"","allowFreeUnitInput":true,"minimumValue":"","allowFreePatternInput":false,"maximumValue":"","multipleSlotFields":[{"nameValue":"molecule","_type":"KefedFieldTemplate","ontologyIds":[],"uid":"D761BB7A-BFA7-6DA0-06A7-D0D2625F99DF","valueType":{"nameValue":"","_type":"KefedBaseValueTemplate","allowedUnits":[],"valueTypeName":"Text","allowedPatterns":[],"allowedValues":[],"allowFreeValueInput":true,"termLookupFunction":"","allowFreeUnitInput":true,"minimumValue":"","allowFreePatternInput":false,"maximumValue":"","orderedValues":false},"notes":null},{"nameValue":"fragment-start-pos","_type":"KefedFieldTemplate","ontologyIds":[],"uid":"777B71C5-B883-5135-528C-D0D2625F6BAC","valueType":{"nameValue":"","_type":"KefedBaseValueTemplate","allowedUnits":[],"valueTypeName":"Integer","allowedPatterns":[],"allowedValues":[],"allowFreeValueInput":true,"termLookupFunction":"","allowFreeUnitInput":true,"minimumValue":"","allowFreePatternInput":false,"maximumValue":"","orderedValues":false},"notes":null},{"nameValue":"fragment-end-pos","_type":"KefedFieldTemplate","ontologyIds":[],"uid":"7D57867A-073A-82C0-099A-D0D2625F2CE7","valueType":{"nameValue":"","_type":"KefedBaseValueTemplate","allowedUnits":[],"valueTypeName":"Integer","allowedPatterns":[],"allowedValues":[],"allowFreeValueInput":true,"termLookupFunction":"","allowFreeUnitInput":true,"minimumValue":"","allowFreePatternInput":false,"maximumValue":"","orderedValues":false},"notes":null}],"orderedValues":false},"compositions":0,"notes":null,"master":"","uid":"822D2027-D063-8B0F-1077-D0D2625FA26D","type":"sprite","spriteid":"Parameter Specification","dataTable":[]},{"nameValue":"primary-antibody","_type":"KefedObject","did":"D465C8EB-57E1-D1B6-435D-78BC55090D20","ontologyIds":[],"valueType":{"nameValue":"","_type":"KefedFullValueTemplate","allowedUnits":[],"valueTypeName":"Text","allowedPatterns":[],"allowedValues":[],"allowFreeValueInput":true,"termLookupFunction":"","allowFreeUnitInput":true,"minimumValue":"","allowFreePatternInput":false,"maximumValue":"","multipleSlotFields":[],"orderedValues":false},"compositions":0,"notes":null,"master":"","uid":"5B4594F4-EEB0-A5F7-774E-D0D2625F4AFD","type":"sprite","spriteid":"Parameter Specification","dataTable":[]},{"nameValue":"Incubation","_type":"KefedObject","did":"F8F0E310-FB9B-035A-6492-88B7CE03B3F6","compositions":0,"master":"","uid":"C3B46AC8-BABF-4BBB-032D-D0D2625F61D1","notes":null,"ontologyIds":[],"type":"sprite","spriteid":"Activity","dataTable":[]},{"nameValue":"reagent","_type":"KefedObject","did":"74A2B83A-AD64-8525-3ABE-88B8478AC27E","ontologyIds":[],"valueType":{"nameValue":"","_type":"KefedFullValueTemplate","allowedUnits":[],"valueTypeName":"Text","allowedPatterns":[],"allowedValues":[],"allowFreeValueInput":true,"termLookupFunction":"","allowFreeUnitInput":true,"minimumValue":"","allowFreePatternInput":false,"maximumValue":"","multipleSlotFields":[],"orderedValues":false},"compositions":0,"notes":null,"master":"","uid":"99743F9E-DA56-823F-AC9A-D0D2625FA386","type":"sprite","spriteid":"Parameter Specification","dataTable":[]},{"nameValue":"cell-type","_type":"KefedObject","did":"C4BAE061-976F-0E26-8934-D0D3B187D0B6","ontologyIds":[],"valueType":{"nameValue":"","_type":"KefedFullValueTemplate","allowedUnits":[],"valueTypeName":"Text","allowedPatterns":[],"allowedValues":[],"allowFreeValueInput":true,"termLookupFunction":"","allowFreeUnitInput":true,"minimumValue":"","allowFreePatternInput":false,"maximumValue":"","multipleSlotFields":[],"orderedValues":false},"compositions":0,"notes":null,"master":"","uid":"87854D58-4A09-5989-D288-D0D3B18C7992","type":"sprite","spriteid":"Parameter Specification","dataTable":[]}],"source":"19050761-Fig5J","dateTime":"Mon Jan 12 11:04:27 GMT-0800 2015","kefedVersion":"2.0","edges":[{"_type":"KefedLink","end":"73D2BDB4-34B0-3480-480B-D0D2625F1B54","start":"FB80DC7C-FAD6-1852-3C27-D0D2625FF63E","uid":"965835BC-5323-9DB5-3A05-78B699B9F646"},{"_type":"KefedLink","end":"BBDADCBF-71CE-2480-FE4A-D0D2625F07B4","start":"73D2BDB4-34B0-3480-480B-D0D2625F1B54","uid":"5D94C0CE-A643-8EAD-64A8-78B716BA88A9"},{"_type":"KefedLink","end":"D45F53F0-2143-04F8-46B8-D0D2625FFBBA","start":"BBDADCBF-71CE-2480-FE4A-D0D2625F07B4","uid":"199E68D5-79C8-2EEC-452B-78B7AB0F8C93"},{"_type":"KefedLink","end":"9B115B34-4121-2DD5-3441-D0D2625FF808","start":"D45F53F0-2143-04F8-46B8-D0D2625FFBBA","uid":"BB89F14F-D850-D262-EAA9-78B821C4BAC9"},{"_type":"KefedLink","end":"BBDADCBF-71CE-2480-FE4A-D0D2625F07B4","start":"822D2027-D063-8B0F-1077-D0D2625FA26D","uid":"ADB8BB46-470F-5A76-E8A9-78BBA1B5FC4F"},{"_type":"KefedLink","end":"D45F53F0-2143-04F8-46B8-D0D2625FFBBA","start":"5B4594F4-EEB0-A5F7-774E-D0D2625F4AFD","uid":"B7BF7488-7EBB-C7AA-3580-78BC9CD276D2"},{"_type":"KefedLink","end":"FB80DC7C-FAD6-1852-3C27-D0D2625FF63E","start":"C3B46AC8-BABF-4BBB-032D-D0D2625F61D1","uid":"AF23B4CE-D83C-03B1-23FF-88B7D71678A6"},{"_type":"KefedLink","end":"C3B46AC8-BABF-4BBB-032D-D0D2625F61D1","start":"99743F9E-DA56-823F-AC9A-D0D2625FA386","uid":"B72FAA1D-6E77-AFAE-2390-88B8ADFE1DF1"},{"_type":"KefedLink","end":"C3B46AC8-BABF-4BBB-032D-D0D2625F61D1","start":"1D4BF36B-AE2A-18EB-3E4B-D0D2625FB750","uid":"7FFA7153-EA2D-3C86-63A1-A7D1210FE31C"},{"_type":"KefedLink","end":"1D4BF36B-AE2A-18EB-3E4B-D0D2625FB750","start":"87854D58-4A09-5989-D288-D0D3B18C7992","uid":"A73E0DFF-E47D-68C0-657C-D0D3C81EE73A"}],"diagramXML":"<diagram version=\"0\" width=\"2879\" height=\"2879\" id=\"763ED148-E7F3-705B-6502-78B2A5814AF7\">\n  <columns id=\"9EBAA77A-0695-1C85-BED8-78B2A5816E1C\" multicolumn=\"false\">\n    <column id=\"79A41F92-E438-694F-5A01-78B2A5811B1E\" width=\"2817\" height=\"30\" title=\"Default column\"/>\n    <column id=\"3C1FF556-5D8D-D501-81AE-78B33A0757DE\" width=\"80\" height=\"30\" title=\"Default column\"/>\n    <column id=\"B9A5FD4C-5072-CAE9-F93D-790B332BEF61\" width=\"80\" height=\"30\" title=\"Default column\"/>\n    <column id=\"5E976005-5475-C96E-ECB5-791BEA35651F\" width=\"80\" height=\"30\" title=\"Default column\"/>\n    <column id=\"6AC18DA9-0A13-5A90-7460-791ED295BD9D\" width=\"80\" height=\"30\" title=\"Default column\"/>\n    <column id=\"2678AE3D-88E0-30D3-A325-797EDB9ED621\" width=\"80\" height=\"30\" title=\"Default column\"/>\n    <column id=\"4FAFF106-C2BC-CD96-E4E3-887B5AA85044\" width=\"80\" height=\"30\" title=\"Default column\"/>\n    <column id=\"A54719A5-EE46-FA66-E193-88B5979C9567\" width=\"80\" height=\"30\" title=\"Default column\"/>\n    <column id=\"1C0AC181-D536-9A95-14D5-88C0C307C3D5\" width=\"80\" height=\"30\" title=\"Default column\"/>\n    <column id=\"86ECDF40-FA6F-07F8-15EC-A7D00F182F3A\" width=\"80\" height=\"30\" title=\"Default column\"/>\n    <column id=\"CE10CE41-6FD9-144D-5274-A7DD419EB2A0\" width=\"80\" height=\"30\" title=\"Default column\"/>\n    <column id=\"F8EAE72B-0FBC-F298-39A7-D0D2C3CD0539\" width=\"80\" height=\"30\" title=\"Default column\"/>\n    <column id=\"5F7EB7E0-D192-0F17-7AE8-D0F31CA0E042\" width=\"80\" height=\"30\" title=\"Default column\"/>\n  </columns>\n  <panels id=\"1FA1B5C8-4194-5F7D-AC26-78B2A58171EE\" multipanel=\"false\">\n    <panel id=\"B6A21531-A056-009A-6310-78B2A581C5D2\" height=\"2879\" title=\"Incubate_IP_WB\">\n      <lane id=\"E6F2BB19-0507-F848-30A3-78B2A581CE35\" height=\"2879\" title=\"Incubate_IP_WB\">\n        <links id=\"07B16B61-0816-17C3-B755-78B2A581CCE7\">\n          <link id=\"8B76C99A-EADD-CB84-1C5C-78B690D8E45E\" dataid=\"965835BC-5323-9DB5-3A05-78B699B9F646\" master=\"D7125A79-A71C-855D-F380-78B690D88CED\" behaviour=\"0\" geometry=\"0\" styleclass=\".lanescope-link\" x=\"319\" y=\"470\" points=\"0,-242.05 1,-242.05 1,-155.1\" target=\"7DBF3BF1-41EE-1958-9CE5-78B690D81DC3\"/>\n          <link id=\"EF7593BD-93E0-C222-8253-78B70D12D0D0\" dataid=\"5D94C0CE-A643-8EAD-64A8-78B716BA88A9\" master=\"9EFDB32A-4680-9E77-19D2-78B70D12112D\" behaviour=\"0\" geometry=\"0\" styleclass=\".lanescope-link\" x=\"318.95\" y=\"538\" points=\"1,-223.1 1.25,-223.1 1.25,-132.9\" target=\"355D3AC9-6EEF-37E6-64FC-78B70D12FDBA\"/>\n          <link id=\"C51B735D-D39F-97CB-FF4D-78B7A581BDEE\" dataid=\"199E68D5-79C8-2EEC-452B-78B7AB0F8C93\" master=\"D9BFFCD3-90A0-0B39-E6A9-78B7A5817E8D\" behaviour=\"0\" geometry=\"0\" styleclass=\".lanescope-link\" x=\"319.2\" y=\"623\" points=\"1,-217.9 3.55,-217.9 3.55,-127\" target=\"CADD2A6B-A27D-71CF-9CAC-78B7A581CE74\"/>\n          <link id=\"1F980322-F1E9-DB4F-C9CE-78B81A0CA554\" dataid=\"BB89F14F-D850-D262-EAA9-78B821C4BAC9\" master=\"99BE2DEB-B71C-B38F-22B9-78B81A0CDD82\" behaviour=\"0\" geometry=\"0\" styleclass=\".lanescope-link\" x=\"320.75\" y=\"712\" points=\"2,-216.05 0.25,-216.05 0.25,-128\" target=\"726CD328-14D6-F79C-B6C0-78B81A0C8D5A\"/>\n          <link id=\"39ABBD3A-FB0E-4A36-6088-78BC9CD0A43E\" dataid=\"B7BF7488-7EBB-C7AA-3580-78BC9CD276D2\" master=\"4549DB9F-3D8F-FC2F-7927-78BC9CD0DAFA\" behaviour=\"0\" geometry=\"0\" styleclass=\".lanescope-link\" x=\"201\" y=\"754\" points=\"2,-261.05 65.25,-261.05 65.25,-251\" target=\"AC4529D3-491B-1465-5B77-78BC9CD0F029\"/>\n          <link id=\"90D33B27-8984-46C5-7A14-78BBA1B3F850\" dataid=\"ADB8BB46-470F-5A76-E8A9-78BBA1B5FC4F\" master=\"CE0EC47B-37B5-570C-49C9-78BBA1B3A53D\" behaviour=\"0\" geometry=\"0\" styleclass=\".lanescope-link\" x=\"199\" y=\"646.6\" points=\"1,-243.05 66.2,-243.05 66.2,-263\" target=\"7B7B9A8B-D411-00A0-F197-78BBA1B34ACE\"/>\n          <link id=\"11A75821-B513-170C-9C92-88B7D70F91AD\" dataid=\"AF23B4CE-D83C-03B1-23FF-88B7D71678A6\" master=\"51FCDB0B-01D2-7558-F5C1-88B7D70F9BB6\" behaviour=\"0\" geometry=\"0\" styleclass=\".lanescope-link\" x=\"320\" y=\"209.7\" points=\"-0.25,-70 -1,-70 -1,18.25\" target=\"85719FEB-B0D9-39F0-93C5-88B7D70FF358\"/>\n          <link id=\"1ACB1429-CF4B-2595-337B-88B8ADFDD276\" dataid=\"B72FAA1D-6E77-AFAE-2390-88B8ADFE1DF1\" master=\"230BF245-0DA3-1A96-FB32-88B8ADFD01A8\" behaviour=\"0\" geometry=\"0\" styleclass=\".lanescope-link\" x=\"196\" y=\"203\" points=\"-5,-70 63,-70 63,-70\" target=\"47296C7F-BDB3-0CB2-4DEA-88B8ADFDAD5A\"/>\n          <link id=\"C0AA000B-2A21-8024-1C6B-A7D1210D603A\" dataid=\"7FFA7153-EA2D-3C86-63A1-A7D1210FE31C\" master=\"6D26BBDC-604A-2A09-83AD-A7D1210D23AD\" behaviour=\"0\" geometry=\"0\" styleclass=\".lanescope-link\" x=\"329\" y=\"75.1\" points=\"-9,0 -9,35.25 -5,35.25\" target=\"98DB921B-1ADE-6C42-C077-A7D1210D677C\"/>\n          <link id=\"6BAF4FCC-7831-6053-0710-D0D3C81B30E5\" dataid=\"A73E0DFF-E47D-68C0-657C-D0D3C81EE73A\" master=\"153DD405-2FE4-A64E-013C-D0D3C81B5A61\" behaviour=\"0\" geometry=\"0\" styleclass=\".lanescope-link\" x=\"68\" y=\"77\" points=\"120,-20 197,-20 197,0\" target=\"44F662A2-23EA-7332-0216-D0D3C81B6930\"/>\n        </links>\n        <sprites id=\"97820F67-3B85-C08C-9115-78B2A5818D9B\">\n          <sprite id=\"DFF1519B-E662-2239-5408-78B34E1F7CF0\" dataid=\"1D4BF36B-AE2A-18EB-3E4B-D0D2625FB750\" annotation=\"673445AD-AD67-80DD-7777-78B418040B76\" dx=\"NaN\" dy=\"NaN\" box=\"264,14.1,119.85,63\" spriteid=\"Experimental Object\">\n            <anchor id=\"83AFD6A0-8F17-9AD5-95BA-78B4180F0C3E\" dx=\"0\" dy=\"0\" target=\"673445AD-AD67-80DD-7777-78B418040B76\"/>\n            <anchor id=\"6D26BBDC-604A-2A09-83AD-A7D1210D23AD\" dx=\"56\" dy=\"61\" target=\"C0AA000B-2A21-8024-1C6B-A7D1210D603A\"/>\n            <anchor id=\"44F662A2-23EA-7332-0216-D0D3C81B6930\" dx=\"1\" dy=\"62.9\" target=\"6BAF4FCC-7831-6053-0710-D0D3C81B30E5\"/>\n          </sprite>\n          <sprite id=\"F8F0E310-FB9B-035A-6492-88B7CE03B3F6\" dataid=\"C3B46AC8-BABF-4BBB-032D-D0D2625F61D1\" annotation=\"F15883F6-8AC8-16F3-4456-88B7D0E8A165\" dx=\"NaN\" dy=\"NaN\" box=\"260,108.35,119.5,62.75\" spriteid=\"Activity\">\n            <anchor id=\"47296C7F-BDB3-0CB2-4DEA-88B8ADFDAD5A\" dx=\"-1\" dy=\"24.65\" target=\"1ACB1429-CF4B-2595-337B-88B8ADFDD276\"/>\n            <anchor id=\"F76EFA0E-A8B5-AF54-FF21-88B7D0EE09E0\" dx=\"0\" dy=\"0\" target=\"F15883F6-8AC8-16F3-4456-88B7D0E8A165\"/>\n            <anchor id=\"51FCDB0B-01D2-7558-F5C1-88B7D70F9BB6\" dx=\"59.75\" dy=\"31.35\" target=\"11A75821-B513-170C-9C92-88B7D70F91AD\"/>\n            <anchor id=\"98DB921B-1ADE-6C42-C077-A7D1210D677C\" dx=\"64\" dy=\"2\" target=\"C0AA000B-2A21-8024-1C6B-A7D1210D603A\"/>\n          </sprite>\n          <sprite id=\"4FA20054-2D27-18F6-2330-78B690D31E41\" dataid=\"73D2BDB4-34B0-3480-480B-D0D2625F1B54\" annotation=\"BBAEDB4C-FBB7-DB45-BEFB-78B69ACDEAA7\" dx=\"NaN\" dy=\"NaN\" box=\"260.05,283.4,119.85,63\" spriteid=\"Experimental Object\">\n            <anchor id=\"7DBF3BF1-41EE-1958-9CE5-78B690D81DC3\" dx=\"59.95\" dy=\"31.5\" target=\"8B76C99A-EADD-CB84-1C5C-78B690D8E45E\"/>\n            <anchor id=\"7D5F4DCC-1B6D-E820-C9F7-78B69AD3AACD\" dx=\"0\" dy=\"0\" target=\"BBAEDB4C-FBB7-DB45-BEFB-78B69ACDEAA7\"/>\n            <anchor id=\"9EFDB32A-4680-9E77-19D2-78B70D12112D\" dx=\"59.9\" dy=\"31.5\" target=\"EF7593BD-93E0-C222-8253-78B70D12D0D0\"/>\n          </sprite>\n          <sprite id=\"2F5159C8-6BEA-DDE8-0619-78B63B8C42B3\" dataid=\"FB80DC7C-FAD6-1852-3C27-D0D2625FF63E\" annotation=\"318BE034-16DC-698F-0C77-78B6472499AA\" dx=\"NaN\" dy=\"NaN\" box=\"259.25,196.6,119.5,62.75\" spriteid=\"Activity\">\n            <anchor id=\"85719FEB-B0D9-39F0-93C5-88B7D70FF358\" dx=\"59.75\" dy=\"31.35\" target=\"11A75821-B513-170C-9C92-88B7D70F91AD\"/>\n            <anchor id=\"D7125A79-A71C-855D-F380-78B690D88CED\" dx=\"59.75\" dy=\"31.35\" target=\"8B76C99A-EADD-CB84-1C5C-78B690D8E45E\"/>\n            <anchor id=\"1F5E5889-B55D-9566-77F9-78B64729C8A5\" dx=\"0\" dy=\"0\" target=\"318BE034-16DC-698F-0C77-78B6472499AA\"/>\n          </sprite>\n          <sprite id=\"B979AC95-52F7-E99F-79C7-78B70D0DE64F\" dataid=\"BBDADCBF-71CE-2480-FE4A-D0D2625F07B4\" annotation=\"FB0B50E2-DA94-D8CF-0902-78B71855BE92\" dx=\"NaN\" dy=\"NaN\" box=\"239.2,375.6,162,59\" spriteid=\"Activity\">\n            <anchor id=\"D9BFFCD3-90A0-0B39-E6A9-78B7A5817E8D\" dx=\"81\" dy=\"29.5\" target=\"C51B735D-D39F-97CB-FF4D-78B7A581BDEE\"/>\n            <anchor id=\"8EE5990B-5120-4953-F518-78B7185CEFD1\" dx=\"0\" dy=\"0\" target=\"FB0B50E2-DA94-D8CF-0902-78B71855BE92\"/>\n            <anchor id=\"355D3AC9-6EEF-37E6-64FC-78B70D12FDBA\" dx=\"81\" dy=\"29.523505976095617\" target=\"EF7593BD-93E0-C222-8253-78B70D12D0D0\"/>\n            <anchor id=\"7B7B9A8B-D411-00A0-F197-78BBA1B34ACE\" dx=\"26\" dy=\"8\" target=\"90D33B27-8984-46C5-7A14-78BBA1B3F850\"/>\n          </sprite>\n          <sprite id=\"D90CD077-51BE-C12E-678F-78BB84F3525C\" dataid=\"822D2027-D063-8B0F-1077-D0D2625FA26D\" annotation=\"33DB63C2-D005-5A44-56B7-78BBF17F66D0\" dx=\"NaN\" dy=\"NaN\" box=\"174,365.95,25.049999999999997,76.3\" spriteid=\"Parameter Specification\">\n            <anchor id=\"CE0EC47B-37B5-570C-49C9-78BBA1B3A53D\" dx=\"26\" dy=\"37.6\" target=\"90D33B27-8984-46C5-7A14-78BBA1B3F850\"/>\n            <anchor id=\"D1B5C0BD-099B-2232-E4BF-78BBF185F70D\" dx=\"0\" dy=\"0\" target=\"33DB63C2-D005-5A44-56B7-78BBF17F66D0\"/>\n          </sprite>\n          <sprite id=\"866C1DBF-FC2E-C8FB-5971-78B7A57BD34E\" dataid=\"D45F53F0-2143-04F8-46B8-D0D2625FFBBA\" annotation=\"36956BDF-7695-4B12-2222-78B7AC89A75B\" dx=\"NaN\" dy=\"NaN\" box=\"262.25,464.6,121,62.75\" spriteid=\"Activity\">\n            <anchor id=\"99BE2DEB-B71C-B38F-22B9-78B81A0CDD82\" dx=\"60.5\" dy=\"31.35\" target=\"1F980322-F1E9-DB4F-C9CE-78B81A0CA554\"/>\n            <anchor id=\"CADD2A6B-A27D-71CF-9CAC-78B7A581CE74\" dx=\"60.50000000000001\" dy=\"31.4\" target=\"C51B735D-D39F-97CB-FF4D-78B7A581BDEE\"/>\n            <anchor id=\"7B26B4EB-2384-1FB6-91AB-78B7AC8F4802\" dx=\"0\" dy=\"0\" target=\"36956BDF-7695-4B12-2222-78B7AC89A75B\"/>\n            <anchor id=\"AC4529D3-491B-1465-5B77-78BC9CD0F029\" dx=\"4\" dy=\"38.4\" target=\"39ABBD3A-FB0E-4A36-6088-78BC9CD0A43E\"/>\n          </sprite>\n          <sprite id=\"D465C8EB-57E1-D1B6-435D-78BC55090D20\" dataid=\"5B4594F4-EEB0-A5F7-774E-D0D2625F4AFD\" annotation=\"378DB40B-FE53-C180-C2FB-78BC5904D3D6\" dx=\"NaN\" dy=\"NaN\" box=\"176,465.95,25.049999999999997,76.3\" spriteid=\"Parameter Specification\">\n            <anchor id=\"4549DB9F-3D8F-FC2F-7927-78BC9CD0DAFA\" dx=\"27\" dy=\"27\" target=\"39ABBD3A-FB0E-4A36-6088-78BC9CD0A43E\"/>\n            <anchor id=\"2FC1C6A2-0685-49E7-50CB-78BC590AC4BB\" dx=\"0\" dy=\"0\" target=\"378DB40B-FE53-C180-C2FB-78BC5904D3D6\"/>\n          </sprite>\n          <sprite id=\"C4BAE061-976F-0E26-8934-D0D3B187D0B6\" dataid=\"87854D58-4A09-5989-D288-D0D3B18C7992\" annotation=\"E60C2D73-D856-C691-FF64-D0D3CCD62F62\" dx=\"NaN\" dy=\"NaN\" box=\"162,11,25.049999999999997,76.3\" spriteid=\"Parameter Specification\">\n            <anchor id=\"153DD405-2FE4-A64E-013C-D0D3C81B5A61\" dx=\"26\" dy=\"46\" target=\"6BAF4FCC-7831-6053-0710-D0D3C81B30E5\"/>\n            <anchor id=\"D8E29E33-E63A-DD62-B2B7-D0D3CCDC48D0\" dx=\"0\" dy=\"0\" target=\"E60C2D73-D856-C691-FF64-D0D3CCD62F62\"/>\n          </sprite>\n          <sprite id=\"74A2B83A-AD64-8525-3ABE-88B8478AC27E\" dataid=\"99743F9E-DA56-823F-AC9A-D0D2625FA386\" annotation=\"87A19402-72C3-561A-413A-88B84B940103\" dx=\"NaN\" dy=\"NaN\" box=\"163,110,25.049999999999997,76.3\" spriteid=\"Parameter Specification\">\n            <anchor id=\"230BF245-0DA3-1A96-FB32-88B8ADFD01A8\" dx=\"28\" dy=\"23\" target=\"1ACB1429-CF4B-2595-337B-88B8ADFDD276\"/>\n            <anchor id=\"3A81D72E-EC8E-B30D-EFBE-88B84B9B5405\" dx=\"0\" dy=\"0\" target=\"87A19402-72C3-561A-413A-88B84B940103\"/>\n          </sprite>\n          <sprite id=\"753B260A-35F5-C45D-42E3-78B81A04B708\" dataid=\"9B115B34-4121-2DD5-3441-D0D2625FF808\" selected=\"true\" annotation=\"53B5F940-2CB5-03D3-F34B-78B842B5A4BA\" dx=\"NaN\" dy=\"NaN\" box=\"289,552.45,64,63.1\" spriteid=\"Measurement Specification\">\n            <anchor id=\"F430C836-941D-6C50-A0E7-78B842BD391A\" dx=\"0\" dy=\"0\" target=\"53B5F940-2CB5-03D3-F34B-78B842B5A4BA\"/>\n            <anchor id=\"726CD328-14D6-F79C-B6C0-78B81A0C8D5A\" dx=\"32\" dy=\"31.55\" target=\"1F980322-F1E9-DB4F-C9CE-78B81A0CA554\"/>\n          </sprite>\n        </sprites>\n        <annotations id=\"90825723-95AD-BE89-0ABB-78B2A581DD4C\">\n          <annotation id=\"673445AD-AD67-80DD-7777-78B418040B76\" master=\"83AFD6A0-8F17-9AD5-95BA-78B4180F0C3E\" dx=\"8.899999999999977\" dy=\"21\" box=\"272.9,35.1,100,16\" spriteid=\"annotation\"><![CDATA[Cell-Line]]></annotation>\n          <annotation id=\"87A19402-72C3-561A-413A-88B84B940103\" master=\"3A81D72E-EC8E-B30D-EFBE-88B84B9B5405\" dx=\"-98.5\" dy=\"18.30000000000001\" box=\"64.5,128.3,100,16\" spriteid=\"annotation\"><![CDATA[reagent]]></annotation>\n          <annotation id=\"F15883F6-8AC8-16F3-4456-88B7D0E8A165\" master=\"F76EFA0E-A8B5-AF54-FF21-88B7D0EE09E0\" dx=\"11.75\" dy=\"17.75\" box=\"271.75,126.1,100,16\" spriteid=\"annotation\"><![CDATA[Incubation]]></annotation>\n          <annotation id=\"BBAEDB4C-FBB7-DB45-BEFB-78B69ACDEAA7\" master=\"7D5F4DCC-1B6D-E820-C9F7-78B69AD3AACD\" dx=\"8.899999999999977\" dy=\"16\" box=\"268.95,299.4,100,30\" spriteid=\"annotation\"><![CDATA[Lysate]]></annotation>\n          <annotation id=\"318BE034-16DC-698F-0C77-78B6472499AA\" master=\"1F5E5889-B55D-9566-77F9-78B64729C8A5\" dx=\"5.75\" dy=\"15.75\" box=\"265,212.35,100,23.25\" spriteid=\"annotation\"><![CDATA[Cell Lysing]]></annotation>\n          <annotation id=\"FB0B50E2-DA94-D8CF-0902-78B71855BE92\" master=\"8EE5990B-5120-4953-F518-78B7185CEFD1\" dx=\"-0.8499999999999659\" dy=\"15.549999999999956\" box=\"238.35,391.15,155,20\" spriteid=\"annotation\"><![CDATA[Immunoprecipitation]]></annotation>\n          <annotation id=\"33DB63C2-D005-5A44-56B7-78BBF17F66D0\" master=\"D1B5C0BD-099B-2232-E4BF-78BBF185F70D\" dx=\"-141\" dy=\"3.3000000000000114\" box=\"33,369.25,127.5,19.700000000000003\" spriteid=\"annotation\"><![CDATA[immunoprecipitate]]></annotation>\n          <annotation id=\"36956BDF-7695-4B12-2222-78B7AC89A75B\" master=\"7B26B4EB-2384-1FB6-91AB-78B7AC8F4802\" dx=\"4.800000000000011\" dy=\"12.75\" box=\"267.05,477.35,106.95,36.65\" spriteid=\"annotation\"><![CDATA[Western\rBlot]]></annotation>\n          <annotation id=\"378DB40B-FE53-C180-C2FB-78BC5904D3D6\" master=\"2FC1C6A2-0685-49E7-50CB-78BC590AC4BB\" dx=\"-112.5\" dy=\"1.3000000000000114\" box=\"63.5,467.25,100,46.7\" spriteid=\"annotation\"><![CDATA[primary-antibody]]></annotation>\n          <annotation id=\"E60C2D73-D856-C691-FF64-D0D3CCD62F62\" master=\"D8E29E33-E63A-DD62-B2B7-D0D3CCDC48D0\" dx=\"-94.5\" dy=\"29.30000000000001\" box=\"67.5,40.3,100,16\" spriteid=\"annotation\"><![CDATA[cell-type]]></annotation>\n          <annotation id=\"53B5F940-2CB5-03D3-F34B-78B842B5A4BA\" master=\"F430C836-941D-6C50-A0E7-78B842BD391A\" dx=\"-108\" dy=\"10.100000000000025\" box=\"181,562.55,100,40.45\" spriteid=\"annotation\"><![CDATA[protein-concentration]]></annotation>\n        </annotations>\n      </lane>\n      <links id=\"B7F89C45-B289-8DEA-7D19-78B2A58131B8\"/>\n      <annotations id=\"649A418C-9F74-BB70-D074-78B2A5813F09\"/>\n    </panel>\n    <links id=\"C73AA95D-2530-67D0-FA39-78B2A581D58C\"/>\n    <annotations id=\"06224632-CEE2-619F-86DD-78B2A5815401\"/>\n  </panels>\n</diagram>","uid":"BDFF1620-0216-3B6B-15A4-D0F16B50EC42","description":"","designUid":"43263EBB-7AEE-6C54-A993-D0D2625F0CCC","type":"Incubate_IP_WB","experimentData":{"9B115B34-4121-2DD5-3441-D0D2625FF808":[{"822D2027-D063-8B0F-1077-D0D2625FA26D":"IgC","9B115B34-4121-2DD5-3441-D0D2625FF808":"0/7: none","87854D58-4A09-5989-D288-D0D3B18C7992":"HMVE","mx_internal_uid":"9281BA8F-FDEC-BF0B-A515-D0F3FC567A79","99743F9E-DA56-823F-AC9A-D0D2625FA386":"VEGF","5B4594F4-EEB0-A5F7-774E-D0D2625F4AFD":"IQGAP1"},{"822D2027-D063-8B0F-1077-D0D2625FA26D":"c-Src","9B115B34-4121-2DD5-3441-D0D2625FF808":"0/7: none","87854D58-4A09-5989-D288-D0D3B18C7992":"HMVE","mx_internal_uid":"C7C6B025-E26C-CEC2-A2F8-D0F3FC6B6D42","99743F9E-DA56-823F-AC9A-D0D2625FA386":"control","5B4594F4-EEB0-A5F7-774E-D0D2625F4AFD":"IQGAP1"},{"822D2027-D063-8B0F-1077-D0D2625FA26D":"c-Src","9B115B34-4121-2DD5-3441-D0D2625FF808":"1/7: very low","87854D58-4A09-5989-D288-D0D3B18C7992":"HMVE","mx_internal_uid":"A1BD55E3-7A19-5618-4EFD-D0F3FC6E4EC2","99743F9E-DA56-823F-AC9A-D0D2625FA386":"VEGF","5B4594F4-EEB0-A5F7-774E-D0D2625F4AFD":"IQGAP1"}]}}