{"modelName":"19050761-Fig5N","_type":"KefedExperiment","citeKey":"19050761-Fig5N","nodes":[{"nameValue":"Cell-Line","_type":"KefedObject","did":"DFF1519B-E662-2239-5408-78B34E1F7CF0","compositions":0,"master":"","uid":"D0AC7BC2-7924-8D12-190E-88B02318F833","notes":null,"ontologyIds":[],"type":"sprite","spriteid":"Experimental Object","dataTable":[]},{"nameValue":"Transfection","_type":"KefedObject","did":"F2E9789C-0676-7E11-E301-78B5C7270EEA","compositions":0,"master":"","uid":"FD263F38-F555-86D6-41D4-88B023183906","notes":null,"ontologyIds":[],"type":"sprite","spriteid":"Activity","dataTable":[]},{"nameValue":"Cell Lysing","_type":"KefedObject","did":"2F5159C8-6BEA-DDE8-0619-78B63B8C42B3","compositions":0,"master":"","uid":"F5932326-0336-0F35-876F-88B023188F0F","notes":null,"ontologyIds":[],"type":"sprite","spriteid":"Activity","dataTable":[]},{"nameValue":"Lysate","_type":"KefedObject","did":"4FA20054-2D27-18F6-2330-78B690D31E41","compositions":0,"master":"","uid":"F52FFB6F-E01F-E9FE-8CA2-88B023182D95","notes":null,"ontologyIds":[],"type":"sprite","spriteid":"Experimental Object","dataTable":[]},{"nameValue":"Immunoprecipitation","_type":"KefedObject","did":"B979AC95-52F7-E99F-79C7-78B70D0DE64F","compositions":0,"master":"","uid":"D947D44A-7EF2-295F-954A-88B023189F3A","notes":null,"ontologyIds":[],"type":"sprite","spriteid":"Activity","dataTable":[]},{"nameValue":"Western\rBlot","_type":"KefedObject","did":"866C1DBF-FC2E-C8FB-5971-78B7A57BD34E","compositions":0,"master":"","uid":"6748C649-C415-FA38-C991-88B02318FFF8","notes":null,"ontologyIds":[],"type":"sprite","spriteid":"Activity","dataTable":[]},{"nameValue":"protein-concentration","_type":"KefedObject","did":"753B260A-35F5-C45D-42E3-78B81A04B708","ontologyIds":[],"valueType":{"nameValue":"","_type":"KefedFullValueTemplate","allowedUnits":[],"valueTypeName":"Text","allowedPatterns":[],"allowedValues":[],"allowFreeValueInput":true,"termLookupFunction":"","allowFreeUnitInput":true,"minimumValue":"","allowFreePatternInput":false,"maximumValue":"","multipleSlotFields":[],"orderedValues":false},"compositions":0,"notes":null,"master":"","uid":"020D2C64-312F-281A-00C0-88B023196F1B","type":"sprite","spriteid":"Measurement Specification","dataTable":[]},{"nameValue":"immunoprecipitate","_type":"KefedObject","did":"D90CD077-51BE-C12E-678F-78BB84F3525C","ontologyIds":[],"valueType":{"nameValue":"","_type":"KefedFullValueTemplate","allowedUnits":[],"valueTypeName":"Text","allowedPatterns":[],"allowedValues":[],"allowFreeValueInput":true,"termLookupFunction":"","allowFreeUnitInput":true,"minimumValue":"","allowFreePatternInput":false,"maximumValue":"","multipleSlotFields":[{"nameValue":"molecule","_type":"KefedFieldTemplate","ontologyIds":[],"uid":"AC20B2E6-E204-10A1-8495-88B02319F173","valueType":{"nameValue":"","_type":"KefedBaseValueTemplate","allowedUnits":[],"valueTypeName":"Text","allowedPatterns":[],"allowedValues":[],"allowFreeValueInput":true,"termLookupFunction":"","allowFreeUnitInput":true,"minimumValue":"","allowFreePatternInput":false,"maximumValue":"","orderedValues":false},"notes":null},{"nameValue":"fragment-start-pos","_type":"KefedFieldTemplate","ontologyIds":[],"uid":"DB3EAD78-391E-B0D3-A67D-88B02319E58B","valueType":{"nameValue":"","_type":"KefedBaseValueTemplate","allowedUnits":[],"valueTypeName":"Integer","allowedPatterns":[],"allowedValues":[],"allowFreeValueInput":true,"termLookupFunction":"","allowFreeUnitInput":true,"minimumValue":"","allowFreePatternInput":false,"maximumValue":"","orderedValues":false},"notes":null},{"nameValue":"fragment-end-pos","_type":"KefedFieldTemplate","ontologyIds":[],"uid":"9012F170-2AEF-A446-E37B-88B02319E758","valueType":{"nameValue":"","_type":"KefedBaseValueTemplate","allowedUnits":[],"valueTypeName":"Integer","allowedPatterns":[],"allowedValues":[],"allowFreeValueInput":true,"termLookupFunction":"","allowFreeUnitInput":true,"minimumValue":"","allowFreePatternInput":false,"maximumValue":"","orderedValues":false},"notes":null}],"orderedValues":false},"compositions":0,"notes":null,"master":"","uid":"EA06C3DC-2A55-9BCA-E865-88B023197CA0","type":"sprite","spriteid":"Parameter Specification","dataTable":[]},{"nameValue":"primary-antibody","_type":"KefedObject","did":"D465C8EB-57E1-D1B6-435D-78BC55090D20","ontologyIds":[],"valueType":{"nameValue":"","_type":"KefedFullValueTemplate","allowedUnits":[],"valueTypeName":"Text","allowedPatterns":[],"allowedValues":[],"allowFreeValueInput":true,"termLookupFunction":"","allowFreeUnitInput":true,"minimumValue":"","allowFreePatternInput":false,"maximumValue":"","multipleSlotFields":[],"orderedValues":false},"compositions":0,"notes":null,"master":"","uid":"F1F0B461-0A9C-61C6-2CF0-88B0231915BE","type":"sprite","spriteid":"Parameter Specification","dataTable":[]},{"nameValue":"cell-type","_type":"KefedObject","did":"00A2C59A-C7D7-9598-559F-790EDD07191D","ontologyIds":[],"valueType":{"nameValue":"","_type":"KefedFullValueTemplate","allowedUnits":[],"valueTypeName":"Text","allowedPatterns":[],"allowedValues":[],"allowFreeValueInput":true,"termLookupFunction":"","allowFreeUnitInput":true,"minimumValue":"","allowFreePatternInput":true,"maximumValue":"","multipleSlotFields":[],"orderedValues":false},"compositions":0,"notes":null,"master":"","uid":"39F85A44-51DC-FD6A-137A-88B023193923","type":"sprite","spriteid":"Constant Specification","dataTable":[]},{"nameValue":"promoter-construct","_type":"KefedObject","did":"14C70219-FB94-D44F-0821-791D2F328CB4","ontologyIds":[],"valueType":{"nameValue":"","_type":"KefedFullValueTemplate","allowedUnits":[],"valueTypeName":"Text","allowedPatterns":[],"allowedValues":[],"allowFreeValueInput":true,"termLookupFunction":"","allowFreeUnitInput":true,"minimumValue":"","allowFreePatternInput":false,"maximumValue":"","multipleSlotFields":[{"nameValue":"molecule","_type":"KefedFieldTemplate","ontologyIds":[],"uid":"5C1AB2CC-977A-3B68-E44C-88B02319D362","valueType":{"nameValue":"","_type":"KefedBaseValueTemplate","allowedUnits":[],"valueTypeName":"Text","allowedPatterns":[],"allowedValues":[],"allowFreeValueInput":true,"termLookupFunction":"","allowFreeUnitInput":true,"minimumValue":"","allowFreePatternInput":false,"maximumValue":"","orderedValues":false},"notes":null},{"nameValue":"fragment-start-pos","_type":"KefedFieldTemplate","ontologyIds":[],"uid":"C296DDD9-AAE8-0D59-1424-88B023192AA6","valueType":{"nameValue":"","_type":"KefedBaseValueTemplate","allowedUnits":[],"valueTypeName":"Integer","allowedPatterns":[],"allowedValues":[],"allowFreeValueInput":true,"termLookupFunction":"","allowFreeUnitInput":true,"minimumValue":"","allowFreePatternInput":false,"maximumValue":"","orderedValues":false},"notes":null},{"nameValue":"fragment-end-pos","_type":"KefedFieldTemplate","ontologyIds":[],"uid":"A2713AD5-8911-4DA4-B9F2-88B0231931DA","valueType":{"nameValue":"","_type":"KefedBaseValueTemplate","allowedUnits":[],"valueTypeName":"Integer","allowedPatterns":[],"allowedValues":[],"allowFreeValueInput":true,"termLookupFunction":"","allowFreeUnitInput":true,"minimumValue":"","allowFreePatternInput":false,"maximumValue":"","orderedValues":false},"notes":null}],"orderedValues":false},"compositions":0,"notes":null,"master":"","uid":"F0E0355D-FD75-0854-D6C6-88B023191D58","type":"sprite","spriteid":"Parameter Specification","dataTable":[]},{"nameValue":"Incubation","_type":"KefedObject","did":"F8F0E310-FB9B-035A-6492-88B7CE03B3F6","compositions":0,"master":"","uid":"FCD26ACB-AA66-4207-D9EB-88B7CE0E04FC","notes":null,"ontologyIds":[],"type":"sprite","spriteid":"Activity","dataTable":[]},{"nameValue":"reagent","_type":"KefedObject","did":"74A2B83A-AD64-8525-3ABE-88B8478AC27E","ontologyIds":[],"valueType":{"nameValue":"","_type":"KefedFullValueTemplate","allowedUnits":[],"valueTypeName":"Text","allowedPatterns":[],"allowedValues":[],"allowFreeValueInput":true,"termLookupFunction":"","allowFreeUnitInput":true,"minimumValue":"","allowFreePatternInput":false,"maximumValue":"","multipleSlotFields":[],"orderedValues":false},"compositions":0,"notes":null,"master":"","uid":"AAF03949-00C6-CA44-15FF-88B84792ECC5","type":"sprite","spriteid":"Parameter Specification","dataTable":[]}],"source":"19050761-Fig5N","dateTime":"Mon Jan 12 11:03:59 GMT-0800 2015","kefedVersion":"2.0","edges":[{"_type":"KefedLink","end":"F52FFB6F-E01F-E9FE-8CA2-88B023182D95","start":"F5932326-0336-0F35-876F-88B023188F0F","uid":"965835BC-5323-9DB5-3A05-78B699B9F646"},{"_type":"KefedLink","end":"D947D44A-7EF2-295F-954A-88B023189F3A","start":"F52FFB6F-E01F-E9FE-8CA2-88B023182D95","uid":"5D94C0CE-A643-8EAD-64A8-78B716BA88A9"},{"_type":"KefedLink","end":"6748C649-C415-FA38-C991-88B02318FFF8","start":"D947D44A-7EF2-295F-954A-88B023189F3A","uid":"199E68D5-79C8-2EEC-452B-78B7AB0F8C93"},{"_type":"KefedLink","end":"020D2C64-312F-281A-00C0-88B023196F1B","start":"6748C649-C415-FA38-C991-88B02318FFF8","uid":"BB89F14F-D850-D262-EAA9-78B821C4BAC9"},{"_type":"KefedLink","end":"D947D44A-7EF2-295F-954A-88B023189F3A","start":"EA06C3DC-2A55-9BCA-E865-88B023197CA0","uid":"ADB8BB46-470F-5A76-E8A9-78BBA1B5FC4F"},{"_type":"KefedLink","end":"6748C649-C415-FA38-C991-88B02318FFF8","start":"F1F0B461-0A9C-61C6-2CF0-88B0231915BE","uid":"B7BF7488-7EBB-C7AA-3580-78BC9CD276D2"},{"_type":"KefedLink","end":"D0AC7BC2-7924-8D12-190E-88B02318F833","start":"39F85A44-51DC-FD6A-137A-88B023193923","uid":"C9029B14-FD42-753D-DB03-790EE8F644EE"},{"_type":"KefedLink","end":"FD263F38-F555-86D6-41D4-88B023183906","start":"D0AC7BC2-7924-8D12-190E-88B02318F833","uid":"1D9B6EF8-07A6-B3BC-5908-791C8E320063"},{"_type":"KefedLink","end":"FD263F38-F555-86D6-41D4-88B023183906","start":"F0E0355D-FD75-0854-D6C6-88B023191D58","uid":"415C366D-E775-E492-E58B-791D3C26D4BF"},{"_type":"KefedLink","end":"FCD26ACB-AA66-4207-D9EB-88B7CE0E04FC","start":"FD263F38-F555-86D6-41D4-88B023183906","uid":"E4684EF2-B68D-A0C3-82A2-88B7D70EBC2F"},{"_type":"KefedLink","end":"F5932326-0336-0F35-876F-88B023188F0F","start":"FCD26ACB-AA66-4207-D9EB-88B7CE0E04FC","uid":"AF23B4CE-D83C-03B1-23FF-88B7D71678A6"},{"_type":"KefedLink","end":"FCD26ACB-AA66-4207-D9EB-88B7CE0E04FC","start":"AAF03949-00C6-CA44-15FF-88B84792ECC5","uid":"B72FAA1D-6E77-AFAE-2390-88B8ADFE1DF1"}],"diagramXML":"<diagram version=\"0\" width=\"2879\" height=\"2879\" id=\"763ED148-E7F3-705B-6502-78B2A5814AF7\">\n  <columns id=\"9EBAA77A-0695-1C85-BED8-78B2A5816E1C\" multicolumn=\"false\">\n    <column id=\"79A41F92-E438-694F-5A01-78B2A5811B1E\" width=\"2817\" height=\"30\" title=\"Default column\"/>\n    <column id=\"3C1FF556-5D8D-D501-81AE-78B33A0757DE\" width=\"80\" height=\"30\" title=\"Default column\"/>\n    <column id=\"B9A5FD4C-5072-CAE9-F93D-790B332BEF61\" width=\"80\" height=\"30\" title=\"Default column\"/>\n    <column id=\"5E976005-5475-C96E-ECB5-791BEA35651F\" width=\"80\" height=\"30\" title=\"Default column\"/>\n    <column id=\"6AC18DA9-0A13-5A90-7460-791ED295BD9D\" width=\"80\" height=\"30\" title=\"Default column\"/>\n    <column id=\"2678AE3D-88E0-30D3-A325-797EDB9ED621\" width=\"80\" height=\"30\" title=\"Default column\"/>\n    <column id=\"4FAFF106-C2BC-CD96-E4E3-887B5AA85044\" width=\"80\" height=\"30\" title=\"Default column\"/>\n    <column id=\"A54719A5-EE46-FA66-E193-88B5979C9567\" width=\"80\" height=\"30\" title=\"Default column\"/>\n    <column id=\"1C0AC181-D536-9A95-14D5-88C0C307C3D5\" width=\"80\" height=\"30\" title=\"Default column\"/>\n    <column id=\"9F6A5BE1-1AD4-5BD3-3F73-D0F44591DA7E\" width=\"80\" height=\"30\" title=\"Default column\"/>\n    <column id=\"DB81324B-376A-40C8-8603-D12EA06AF66B\" width=\"80\" height=\"30\" title=\"Default column\"/>\n  </columns>\n  <panels id=\"1FA1B5C8-4194-5F7D-AC26-78B2A58171EE\" multipanel=\"false\">\n    <panel id=\"B6A21531-A056-009A-6310-78B2A581C5D2\" height=\"2879\" title=\"KO_Transfect_IP_WB\">\n      <lane id=\"E6F2BB19-0507-F848-30A3-78B2A581CE35\" height=\"2879\" title=\"Tfx_Incubate_IP_WB\">\n        <links id=\"07B16B61-0816-17C3-B755-78B2A581CCE7\">\n          <link id=\"8B76C99A-EADD-CB84-1C5C-78B690D8E45E\" dataid=\"965835BC-5323-9DB5-3A05-78B699B9F646\" master=\"D7125A79-A71C-855D-F380-78B690D88CED\" behaviour=\"0\" geometry=\"0\" styleclass=\".lanescope-link\" x=\"319\" y=\"470\" points=\"1,-172.05 2,-172.05 2,-85.05\" target=\"7DBF3BF1-41EE-1958-9CE5-78B690D81DC3\"/>\n          <link id=\"EF7593BD-93E0-C222-8253-78B70D12D0D0\" dataid=\"5D94C0CE-A643-8EAD-64A8-78B716BA88A9\" master=\"9EFDB32A-4680-9E77-19D2-78B70D12112D\" behaviour=\"0\" geometry=\"0\" styleclass=\".lanescope-link\" x=\"318.95\" y=\"538\" points=\"2,-153.05 3.25,-153.05 3.25,-72.9\" target=\"355D3AC9-6EEF-37E6-64FC-78B70D12FDBA\"/>\n          <link id=\"C51B735D-D39F-97CB-FF4D-78B7A581BDEE\" dataid=\"199E68D5-79C8-2EEC-452B-78B7AB0F8C93\" master=\"D9BFFCD3-90A0-0B39-E6A9-78B7A5817E8D\" behaviour=\"0\" geometry=\"0\" styleclass=\".lanescope-link\" x=\"319.2\" y=\"623\" points=\"3,-157.9 1.55,-157.9 1.55,-68\" target=\"CADD2A6B-A27D-71CF-9CAC-78B7A581CE74\"/>\n          <link id=\"1F980322-F1E9-DB4F-C9CE-78B81A0CA554\" dataid=\"BB89F14F-D850-D262-EAA9-78B821C4BAC9\" master=\"99BE2DEB-B71C-B38F-22B9-78B81A0CDD82\" behaviour=\"0\" geometry=\"0\" styleclass=\".lanescope-link\" x=\"320.75\" y=\"712\" points=\"0,-157.05 -1.75,-157.05 -1.75,-69\" target=\"726CD328-14D6-F79C-B6C0-78B81A0C8D5A\"/>\n          <link id=\"39ABBD3A-FB0E-4A36-6088-78BC9CD0A43E\" dataid=\"B7BF7488-7EBB-C7AA-3580-78BC9CD276D2\" master=\"4549DB9F-3D8F-FC2F-7927-78BC9CD0DAFA\" behaviour=\"0\" geometry=\"0\" styleclass=\".lanescope-link\" x=\"201\" y=\"754\" points=\"0,-202.05 63.25,-202.05 63.25,-192\" target=\"AC4529D3-491B-1465-5B77-78BC9CD0F029\"/>\n          <link id=\"19E83F7B-906F-EF2B-ADE6-790EE8F347D2\" dataid=\"C9029B14-FD42-753D-DB03-790EE8F644EE\" master=\"CA1569CB-6F46-4D30-D361-790EE8F4D3AB\" behaviour=\"0\" geometry=\"0\" styleclass=\".lanescope-link\" x=\"194.3\" y=\"76\" points=\"-1,-33 70.7,-33 70.7,-16.9\" target=\"91085053-B47A-E7D3-E3B9-790EE8F4212C\"/>\n          <link id=\"65414C50-4715-5E4D-C168-791C8E3066D9\" dataid=\"1D9B6EF8-07A6-B3BC-5908-791C8E320063\" master=\"A20D6DC9-1343-DE79-2DB0-791C8E309118\" behaviour=\"0\" geometry=\"0\" styleclass=\".lanescope-link\" x=\"319\" y=\"95.1\" points=\"0,-18 0,4.5 1,4.5\" target=\"D5CF77A2-144F-76EC-6A33-791C8E300A83\"/>\n          <link id=\"90D33B27-8984-46C5-7A14-78BBA1B3F850\" dataid=\"ADB8BB46-470F-5A76-E8A9-78BBA1B5FC4F\" master=\"CE0EC47B-37B5-570C-49C9-78BBA1B3A53D\" behaviour=\"0\" geometry=\"0\" styleclass=\".lanescope-link\" x=\"199\" y=\"646.6\" points=\"3,-183.05 68.2,-183.05 68.2,-203\" target=\"7B7B9A8B-D411-00A0-F197-78BBA1B34ACE\"/>\n          <link id=\"46B7EEE8-E273-A03D-54C4-88B7D70D82CA\" dataid=\"E4684EF2-B68D-A0C3-82A2-88B7D70EBC2F\" master=\"1C6F2705-921A-B33C-A3BD-88B7D70DBEC3\" behaviour=\"0\" geometry=\"0\" styleclass=\".lanescope-link\" x=\"321\" y=\"132.95\" points=\"0,0 3.75,0 3.75,76.75\" target=\"EEA47BB4-8B1B-E59A-845B-88B7D70D50BE\"/>\n          <link id=\"11A75821-B513-170C-9C92-88B7D70F91AD\" dataid=\"AF23B4CE-D83C-03B1-23FF-88B7D71678A6\" master=\"51FCDB0B-01D2-7558-F5C1-88B7D70F9BB6\" behaviour=\"0\" geometry=\"0\" styleclass=\".lanescope-link\" x=\"320\" y=\"209.7\" points=\"4.75,0 0,0 0,88.25\" target=\"85719FEB-B0D9-39F0-93C5-88B7D70FF358\"/>\n          <link id=\"0E1B5F88-FF9E-A34A-B200-791D3C25C633\" dataid=\"415C366D-E775-E492-E58B-791D3C26D4BF\" master=\"CD533CC0-B94F-7C71-41E9-791D3C25D13E\" behaviour=\"0\" geometry=\"0\" styleclass=\".lanescope-link\" x=\"194\" y=\"161\" points=\"-3,-34 96.25,-34 96.25,-27\" target=\"03BD6C7A-E8A6-9001-AB6B-791D3C259EA0\"/>\n          <link id=\"1ACB1429-CF4B-2595-337B-88B8ADFDD276\" dataid=\"B72FAA1D-6E77-AFAE-2390-88B8ADFE1DF1\" master=\"230BF245-0DA3-1A96-FB32-88B8ADFD01A8\" behaviour=\"0\" geometry=\"0\" styleclass=\".lanescope-link\" x=\"196\" y=\"203\" points=\"0,0 68,0 68,0\" target=\"47296C7F-BDB3-0CB2-4DEA-88B8ADFDAD5A\"/>\n        </links>\n        <sprites id=\"97820F67-3B85-C08C-9115-78B2A5818D9B\">\n          <sprite id=\"DFF1519B-E662-2239-5408-78B34E1F7CF0\" dataid=\"D0AC7BC2-7924-8D12-190E-88B02318F833\" annotation=\"673445AD-AD67-80DD-7777-78B418040B76\" dx=\"NaN\" dy=\"NaN\" box=\"264,14.1,119.85,63\" spriteid=\"Experimental Object\">\n            <anchor id=\"A20D6DC9-1343-DE79-2DB0-791C8E309118\" dx=\"55\" dy=\"63\" target=\"65414C50-4715-5E4D-C168-791C8E3066D9\"/>\n            <anchor id=\"91085053-B47A-E7D3-E3B9-790EE8F4212C\" dx=\"1\" dy=\"45\" target=\"19E83F7B-906F-EF2B-ADE6-790EE8F347D2\"/>\n            <anchor id=\"83AFD6A0-8F17-9AD5-95BA-78B4180F0C3E\" dx=\"0\" dy=\"0\" target=\"673445AD-AD67-80DD-7777-78B418040B76\"/>\n          </sprite>\n          <sprite id=\"00A2C59A-C7D7-9598-559F-790EDD07191D\" dataid=\"39F85A44-51DC-FD6A-137A-88B023193923\" annotation=\"F496DCDB-716C-1E16-AFA9-790EEDA21105\" dx=\"NaN\" dy=\"NaN\" box=\"166.3,32,25.05,28.3\" spriteid=\"Constant Specification\">\n            <anchor id=\"1B38143D-FEB5-7CD8-723F-790EEDA8F038\" dx=\"0\" dy=\"0\" target=\"F496DCDB-716C-1E16-AFA9-790EEDA21105\"/>\n            <anchor id=\"CA1569CB-6F46-4D30-D361-790EE8F4D3AB\" dx=\"27\" dy=\"11\" target=\"19E83F7B-906F-EF2B-ADE6-790EE8F347D2\"/>\n          </sprite>\n          <sprite id=\"F2E9789C-0676-7E11-E301-78B5C7270EEA\" dataid=\"FD263F38-F555-86D6-41D4-88B023183906\" annotation=\"5FFB6DF2-80E2-5A7D-E885-78B5CF6385A7\" dx=\"NaN\" dy=\"NaN\" box=\"261.25,101.6,119.5,62.75\" spriteid=\"Activity\">\n            <anchor id=\"1C6F2705-921A-B33C-A3BD-88B7D70DBEC3\" dx=\"59.75\" dy=\"31.35\" target=\"46B7EEE8-E273-A03D-54C4-88B7D70D82CA\"/>\n            <anchor id=\"7F669E25-5DBB-24BA-C8ED-78B5CF69A57B\" dx=\"0\" dy=\"0\" target=\"5FFB6DF2-80E2-5A7D-E885-78B5CF6385A7\"/>\n            <anchor id=\"D5CF77A2-144F-76EC-6A33-791C8E300A83\" dx=\"58.75\" dy=\"-2\" target=\"65414C50-4715-5E4D-C168-791C8E3066D9\"/>\n            <anchor id=\"03BD6C7A-E8A6-9001-AB6B-791D3C259EA0\" dx=\"29\" dy=\"32.4\" target=\"0E1B5F88-FF9E-A34A-B200-791D3C25C633\"/>\n          </sprite>\n          <sprite id=\"866C1DBF-FC2E-C8FB-5971-78B7A57BD34E\" dataid=\"6748C649-C415-FA38-C991-88B02318FFF8\" annotation=\"36956BDF-7695-4B12-2222-78B7AC89A75B\" dx=\"NaN\" dy=\"NaN\" box=\"260.25,523.6,121,62.75\" spriteid=\"Activity\">\n            <anchor id=\"99BE2DEB-B71C-B38F-22B9-78B81A0CDD82\" dx=\"60.5\" dy=\"31.35\" target=\"1F980322-F1E9-DB4F-C9CE-78B81A0CA554\"/>\n            <anchor id=\"CADD2A6B-A27D-71CF-9CAC-78B7A581CE74\" dx=\"60.50000000000001\" dy=\"31.4\" target=\"C51B735D-D39F-97CB-FF4D-78B7A581BDEE\"/>\n            <anchor id=\"7B26B4EB-2384-1FB6-91AB-78B7AC8F4802\" dx=\"0\" dy=\"0\" target=\"36956BDF-7695-4B12-2222-78B7AC89A75B\"/>\n            <anchor id=\"AC4529D3-491B-1465-5B77-78BC9CD0F029\" dx=\"4\" dy=\"38.4\" target=\"39ABBD3A-FB0E-4A36-6088-78BC9CD0A43E\"/>\n          </sprite>\n          <sprite id=\"D465C8EB-57E1-D1B6-435D-78BC55090D20\" dataid=\"F1F0B461-0A9C-61C6-2CF0-88B0231915BE\" annotation=\"378DB40B-FE53-C180-C2FB-78BC5904D3D6\" dx=\"NaN\" dy=\"NaN\" box=\"174,524.95,25.049999999999997,76.3\" spriteid=\"Parameter Specification\">\n            <anchor id=\"4549DB9F-3D8F-FC2F-7927-78BC9CD0DAFA\" dx=\"27\" dy=\"27\" target=\"39ABBD3A-FB0E-4A36-6088-78BC9CD0A43E\"/>\n            <anchor id=\"2FC1C6A2-0685-49E7-50CB-78BC590AC4BB\" dx=\"0\" dy=\"0\" target=\"378DB40B-FE53-C180-C2FB-78BC5904D3D6\"/>\n          </sprite>\n          <sprite id=\"B979AC95-52F7-E99F-79C7-78B70D0DE64F\" dataid=\"D947D44A-7EF2-295F-954A-88B023189F3A\" annotation=\"FB0B50E2-DA94-D8CF-0902-78B71855BE92\" dx=\"NaN\" dy=\"NaN\" box=\"241.2,435.6,162,59\" spriteid=\"Activity\">\n            <anchor id=\"D9BFFCD3-90A0-0B39-E6A9-78B7A5817E8D\" dx=\"81\" dy=\"29.5\" target=\"C51B735D-D39F-97CB-FF4D-78B7A581BDEE\"/>\n            <anchor id=\"8EE5990B-5120-4953-F518-78B7185CEFD1\" dx=\"0\" dy=\"0\" target=\"FB0B50E2-DA94-D8CF-0902-78B71855BE92\"/>\n            <anchor id=\"355D3AC9-6EEF-37E6-64FC-78B70D12FDBA\" dx=\"81\" dy=\"29.523505976095617\" target=\"EF7593BD-93E0-C222-8253-78B70D12D0D0\"/>\n            <anchor id=\"7B7B9A8B-D411-00A0-F197-78BBA1B34ACE\" dx=\"26\" dy=\"8\" target=\"90D33B27-8984-46C5-7A14-78BBA1B3F850\"/>\n          </sprite>\n          <sprite id=\"4FA20054-2D27-18F6-2330-78B690D31E41\" dataid=\"F52FFB6F-E01F-E9FE-8CA2-88B023182D95\" annotation=\"BBAEDB4C-FBB7-DB45-BEFB-78B69ACDEAA7\" dx=\"NaN\" dy=\"NaN\" box=\"261.05,353.45,119.85,63\" spriteid=\"Experimental Object\">\n            <anchor id=\"7DBF3BF1-41EE-1958-9CE5-78B690D81DC3\" dx=\"59.95\" dy=\"31.5\" target=\"8B76C99A-EADD-CB84-1C5C-78B690D8E45E\"/>\n            <anchor id=\"7D5F4DCC-1B6D-E820-C9F7-78B69AD3AACD\" dx=\"0\" dy=\"0\" target=\"BBAEDB4C-FBB7-DB45-BEFB-78B69ACDEAA7\"/>\n            <anchor id=\"9EFDB32A-4680-9E77-19D2-78B70D12112D\" dx=\"59.9\" dy=\"31.5\" target=\"EF7593BD-93E0-C222-8253-78B70D12D0D0\"/>\n          </sprite>\n          <sprite id=\"2F5159C8-6BEA-DDE8-0619-78B63B8C42B3\" dataid=\"F5932326-0336-0F35-876F-88B023188F0F\" annotation=\"318BE034-16DC-698F-0C77-78B6472499AA\" dx=\"NaN\" dy=\"NaN\" box=\"260.25,266.6,119.5,62.75\" spriteid=\"Activity\">\n            <anchor id=\"85719FEB-B0D9-39F0-93C5-88B7D70FF358\" dx=\"59.75\" dy=\"31.35\" target=\"11A75821-B513-170C-9C92-88B7D70F91AD\"/>\n            <anchor id=\"D7125A79-A71C-855D-F380-78B690D88CED\" dx=\"59.75\" dy=\"31.35\" target=\"8B76C99A-EADD-CB84-1C5C-78B690D8E45E\"/>\n            <anchor id=\"1F5E5889-B55D-9566-77F9-78B64729C8A5\" dx=\"0\" dy=\"0\" target=\"318BE034-16DC-698F-0C77-78B6472499AA\"/>\n          </sprite>\n          <sprite id=\"F8F0E310-FB9B-035A-6492-88B7CE03B3F6\" dataid=\"FCD26ACB-AA66-4207-D9EB-88B7CE0E04FC\" annotation=\"F15883F6-8AC8-16F3-4456-88B7D0E8A165\" dx=\"NaN\" dy=\"NaN\" box=\"265,178.35,119.5,62.75\" spriteid=\"Activity\">\n            <anchor id=\"47296C7F-BDB3-0CB2-4DEA-88B8ADFDAD5A\" dx=\"-1\" dy=\"24.65\" target=\"1ACB1429-CF4B-2595-337B-88B8ADFDD276\"/>\n            <anchor id=\"F76EFA0E-A8B5-AF54-FF21-88B7D0EE09E0\" dx=\"0\" dy=\"0\" target=\"F15883F6-8AC8-16F3-4456-88B7D0E8A165\"/>\n            <anchor id=\"51FCDB0B-01D2-7558-F5C1-88B7D70F9BB6\" dx=\"59.75\" dy=\"31.35\" target=\"11A75821-B513-170C-9C92-88B7D70F91AD\"/>\n            <anchor id=\"EEA47BB4-8B1B-E59A-845B-88B7D70D50BE\" dx=\"59.75\" dy=\"31.35\" target=\"46B7EEE8-E273-A03D-54C4-88B7D70D82CA\"/>\n          </sprite>\n          <sprite id=\"74A2B83A-AD64-8525-3ABE-88B8478AC27E\" dataid=\"AAF03949-00C6-CA44-15FF-88B84792ECC5\" annotation=\"87A19402-72C3-561A-413A-88B84B940103\" dx=\"NaN\" dy=\"NaN\" box=\"168,180,25.049999999999997,76.3\" spriteid=\"Parameter Specification\">\n            <anchor id=\"230BF245-0DA3-1A96-FB32-88B8ADFD01A8\" dx=\"28\" dy=\"23\" target=\"1ACB1429-CF4B-2595-337B-88B8ADFDD276\"/>\n            <anchor id=\"3A81D72E-EC8E-B30D-EFBE-88B84B9B5405\" dx=\"0\" dy=\"0\" target=\"87A19402-72C3-561A-413A-88B84B940103\"/>\n          </sprite>\n          <sprite id=\"14C70219-FB94-D44F-0821-791D2F328CB4\" dataid=\"F0E0355D-FD75-0854-D6C6-88B023191D58\" annotation=\"85C48DD1-E4E2-A81E-5D93-791D3FF3B2A7\" dx=\"NaN\" dy=\"NaN\" box=\"166,91,25.049999999999997,76.3\" spriteid=\"Parameter Specification\">\n            <anchor id=\"D1EE648D-09CD-068B-59BA-791D3FFA1F18\" dx=\"0\" dy=\"0\" target=\"85C48DD1-E4E2-A81E-5D93-791D3FF3B2A7\"/>\n            <anchor id=\"CD533CC0-B94F-7C71-41E9-791D3C25D13E\" dx=\"25\" dy=\"36\" target=\"0E1B5F88-FF9E-A34A-B200-791D3C25C633\"/>\n          </sprite>\n          <sprite id=\"D90CD077-51BE-C12E-678F-78BB84F3525C\" dataid=\"EA06C3DC-2A55-9BCA-E865-88B023197CA0\" annotation=\"33DB63C2-D005-5A44-56B7-78BBF17F66D0\" dx=\"NaN\" dy=\"NaN\" box=\"176,425.95,25.049999999999997,76.3\" spriteid=\"Parameter Specification\">\n            <anchor id=\"CE0EC47B-37B5-570C-49C9-78BBA1B3A53D\" dx=\"26\" dy=\"37.6\" target=\"90D33B27-8984-46C5-7A14-78BBA1B3F850\"/>\n            <anchor id=\"D1B5C0BD-099B-2232-E4BF-78BBF185F70D\" dx=\"0\" dy=\"0\" target=\"33DB63C2-D005-5A44-56B7-78BBF17F66D0\"/>\n          </sprite>\n          <sprite id=\"753B260A-35F5-C45D-42E3-78B81A04B708\" dataid=\"020D2C64-312F-281A-00C0-88B023196F1B\" annotation=\"53B5F940-2CB5-03D3-F34B-78B842B5A4BA\" dx=\"NaN\" dy=\"NaN\" box=\"287,611.45,64,63.1\" spriteid=\"Measurement Specification\">\n            <anchor id=\"F430C836-941D-6C50-A0E7-78B842BD391A\" dx=\"0\" dy=\"0\" target=\"53B5F940-2CB5-03D3-F34B-78B842B5A4BA\"/>\n            <anchor id=\"726CD328-14D6-F79C-B6C0-78B81A0C8D5A\" dx=\"32\" dy=\"31.55\" target=\"1F980322-F1E9-DB4F-C9CE-78B81A0CA554\"/>\n          </sprite>\n        </sprites>\n        <annotations id=\"90825723-95AD-BE89-0ABB-78B2A581DD4C\">\n          <annotation id=\"673445AD-AD67-80DD-7777-78B418040B76\" master=\"83AFD6A0-8F17-9AD5-95BA-78B4180F0C3E\" dx=\"8.899999999999977\" dy=\"21\" box=\"272.9,35.1,100,16\" spriteid=\"annotation\"><![CDATA[Cell-Line]]></annotation>\n          <annotation id=\"F496DCDB-716C-1E16-AFA9-790EEDA21105\" master=\"1B38143D-FEB5-7CD8-723F-790EEDA8F038\" dx=\"-37.5\" dy=\"28.30000000000001\" box=\"128.8,60.3,100,16\" spriteid=\"annotation\"><![CDATA[cell-type]]></annotation>\n          <annotation id=\"5FFB6DF2-80E2-5A7D-E885-78B5CF6385A7\" master=\"7F669E25-5DBB-24BA-C8ED-78B5CF69A57B\" dx=\"6.75\" dy=\"18.75\" box=\"268,120.35,100,16\" spriteid=\"annotation\"><![CDATA[Transfection]]></annotation>\n          <annotation id=\"36956BDF-7695-4B12-2222-78B7AC89A75B\" master=\"7B26B4EB-2384-1FB6-91AB-78B7AC8F4802\" dx=\"4.800000000000011\" dy=\"12.75\" box=\"265.05,536.35,106.95,36.65\" spriteid=\"annotation\"><![CDATA[Western\rBlot]]></annotation>\n          <annotation id=\"53B5F940-2CB5-03D3-F34B-78B842B5A4BA\" master=\"F430C836-941D-6C50-A0E7-78B842BD391A\" dx=\"-108\" dy=\"10.100000000000025\" box=\"179,621.55,100,40.45\" spriteid=\"annotation\"><![CDATA[protein-concentration]]></annotation>\n          <annotation id=\"378DB40B-FE53-C180-C2FB-78BC5904D3D6\" master=\"2FC1C6A2-0685-49E7-50CB-78BC590AC4BB\" dx=\"-112.5\" dy=\"1.3000000000000114\" box=\"61.5,526.25,100,46.7\" spriteid=\"annotation\"><![CDATA[primary-antibody]]></annotation>\n          <annotation id=\"FB0B50E2-DA94-D8CF-0902-78B71855BE92\" master=\"8EE5990B-5120-4953-F518-78B7185CEFD1\" dx=\"-0.8499999999999659\" dy=\"15.549999999999956\" box=\"240.35,451.15,155,20\" spriteid=\"annotation\"><![CDATA[Immunoprecipitation]]></annotation>\n          <annotation id=\"33DB63C2-D005-5A44-56B7-78BBF17F66D0\" master=\"D1B5C0BD-099B-2232-E4BF-78BBF185F70D\" dx=\"-141\" dy=\"3.3000000000000114\" box=\"35,429.25,127.5,19.700000000000003\" spriteid=\"annotation\"><![CDATA[immunoprecipitate]]></annotation>\n          <annotation id=\"BBAEDB4C-FBB7-DB45-BEFB-78B69ACDEAA7\" master=\"7D5F4DCC-1B6D-E820-C9F7-78B69AD3AACD\" dx=\"8.899999999999977\" dy=\"16\" box=\"269.95,369.45,100,30\" spriteid=\"annotation\"><![CDATA[Lysate]]></annotation>\n          <annotation id=\"318BE034-16DC-698F-0C77-78B6472499AA\" master=\"1F5E5889-B55D-9566-77F9-78B64729C8A5\" dx=\"5.75\" dy=\"15.75\" box=\"266,282.35,100,23.25\" spriteid=\"annotation\"><![CDATA[Cell Lysing]]></annotation>\n          <annotation id=\"F15883F6-8AC8-16F3-4456-88B7D0E8A165\" master=\"F76EFA0E-A8B5-AF54-FF21-88B7D0EE09E0\" dx=\"11.75\" dy=\"17.75\" box=\"276.75,196.1,100,16\" spriteid=\"annotation\"><![CDATA[Incubation]]></annotation>\n          <annotation id=\"85C48DD1-E4E2-A81E-5D93-791D3FF3B2A7\" master=\"D1EE648D-09CD-068B-59BA-791D3FFA1F18\" dx=\"-108.5\" dy=\"12.300000000000011\" box=\"57.5,103.3,100,35.7\" spriteid=\"annotation\"><![CDATA[promoter-construct]]></annotation>\n          <annotation id=\"87A19402-72C3-561A-413A-88B84B940103\" master=\"3A81D72E-EC8E-B30D-EFBE-88B84B9B5405\" dx=\"-98.5\" dy=\"18.30000000000001\" box=\"69.5,198.3,100,16\" spriteid=\"annotation\"><![CDATA[reagent]]></annotation>\n        </annotations>\n      </lane>\n      <links id=\"B7F89C45-B289-8DEA-7D19-78B2A58131B8\"/>\n      <annotations id=\"649A418C-9F74-BB70-D074-78B2A5813F09\"/>\n    </panel>\n    <links id=\"C73AA95D-2530-67D0-FA39-78B2A581D58C\"/>\n    <annotations id=\"06224632-CEE2-619F-86DD-78B2A5815401\"/>\n  </panels>\n</diagram>","uid":"31AA5F39-2241-56A2-7FCD-D0ED6093FDC0","description":"","designUid":"8B775992-AF44-211C-8EAA-88B02318BF55","type":"Tfx_Incubate_IP_WB","experimentData":{"020D2C64-312F-281A-00C0-88B023196F1B":[{"39F85A44-51DC-FD6A-137A-88B023193923":"HMVE","020D2C64-312F-281A-00C0-88B023196F1B":"1/7: very low","AAF03949-00C6-CA44-15FF-88B84792ECC5":"control","EA06C3DC-2A55-9BCA-E865-88B023197CA0":"b-Raf","F1F0B461-0A9C-61C6-2CF0-88B0231915BE":"phospho-Ser445","F0E0355D-FD75-0854-D6C6-88B023191D58":"control siRNA","mx_internal_uid":"4BAB6251-9576-2810-9210-D0F897F04BD3"},{"39F85A44-51DC-FD6A-137A-88B023193923":"HMVE","020D2C64-312F-281A-00C0-88B023196F1B":"2/7: low","AAF03949-00C6-CA44-15FF-88B84792ECC5":"VEGF","EA06C3DC-2A55-9BCA-E865-88B023197CA0":"b-Raf","F1F0B461-0A9C-61C6-2CF0-88B0231915BE":"phospho-Ser445","F0E0355D-FD75-0854-D6C6-88B023191D58":"control siRNA","mx_internal_uid":"2DB757A7-CB15-23A3-1FA8-D0F8980F2DF0"},{"39F85A44-51DC-FD6A-137A-88B023193923":"HMVE","020D2C64-312F-281A-00C0-88B023196F1B":"1/7: very low","AAF03949-00C6-CA44-15FF-88B84792ECC5":"control","EA06C3DC-2A55-9BCA-E865-88B023197CA0":"b-Raf","F1F0B461-0A9C-61C6-2CF0-88B0231915BE":"phospho-Ser445","F0E0355D-FD75-0854-D6C6-88B023191D58":"IQGAP1-siRNA","mx_internal_uid":"D0E76B81-88E9-4CF1-6FD1-D0F898136C6B"},{"39F85A44-51DC-FD6A-137A-88B023193923":"HMVE","020D2C64-312F-281A-00C0-88B023196F1B":"1/7: very low","AAF03949-00C6-CA44-15FF-88B84792ECC5":"VEGF","EA06C3DC-2A55-9BCA-E865-88B023197CA0":"b-Raf","F1F0B461-0A9C-61C6-2CF0-88B0231915BE":"phospho-Ser445","F0E0355D-FD75-0854-D6C6-88B023191D58":"IQGAP1-siRNA","mx_internal_uid":"FFD9F558-4B3C-8D7E-EC13-D0F89816CE6A"}]}}