{"designUid":"32AB623F-9D40-AAA4-6141-A35BDDAEE58F","type":"2Tfx-fix+stain_score","modelName":"11777939-FIg6","citeKey":"11777939-FIg6","edges":[{"start":"9D86C6C3-AAB8-B22C-BDA1-A35C921CF57C","_type":"KefedLink","uid":"01DDED84-AAD9-5E2D-78BF-A35C9EFC7673","end":"1ECD2EE8-8DDF-F559-A4B6-A35C4DD63C5C"},{"start":"1ECD2EE8-8DDF-F559-A4B6-A35C4DD63C5C","_type":"KefedLink","uid":"7850D5C9-31A8-9A11-3488-A35CD28EA482","end":"6B2730D4-8C87-7639-5E34-A35CD28E2B68"},{"start":"94D2E2A9-922F-E0B9-FE9A-A35D2E4B68C2","_type":"KefedLink","uid":"13F61F72-28B4-A7E4-3C1B-A35D42FD7179","end":"6B2730D4-8C87-7639-5E34-A35CD28E2B68"},{"start":"6B2730D4-8C87-7639-5E34-A35CD28E2B68","_type":"KefedLink","uid":"AE5232BC-5128-15B9-209F-A35E425D1C78","end":"A4277C57-7211-1A15-7CD0-A35E425C0DBC"},{"start":"6122BA8F-2AAA-C11A-E44C-A35FB69EFE65","_type":"KefedLink","uid":"E0A30D54-121F-1AD1-D47D-A35FC48BB12A","end":"A4277C57-7211-1A15-7CD0-A35E425C0DBC"},{"start":"A4277C57-7211-1A15-7CD0-A35E425C0DBC","_type":"KefedLink","uid":"C988D831-BA30-8A9A-D192-A361DA623C36","end":"092FAFC5-1937-32A2-7D08-A361DA62C0D3"},{"start":"6E262F59-400C-99D2-B521-A36381C8FA70","_type":"KefedLink","uid":"9DE8867B-4BA3-6CFB-B8AF-A3638F2F9730","end":"092FAFC5-1937-32A2-7D08-A361DA62C0D3"},{"start":"092FAFC5-1937-32A2-7D08-A361DA62C0D3","_type":"KefedLink","uid":"914FC9C8-017C-D7BC-BA7B-A363BF8A4DE9","end":"74DDCD7A-A71B-93EE-4B8A-A363BF85AC3B"}],"uid":"6CB4DD07-2DC7-BDD4-3719-A3649D9D7539","nodes":[{"_type":"KefedObject","compositions":0,"spriteid":"Experimental Object","nameValue":"Cell Line","ontologyIds":[],"did":"7CCD5B71-AB57-4CEB-6A48-A35C4DCBF95B","type":"sprite","master":"","uid":"1ECD2EE8-8DDF-F559-A4B6-A35C4DD63C5C","dataTable":[],"notes":null},{"spriteid":"Constant Specification","nameValue":"cell-type","did":"4B09FE34-BEA9-50A2-D25D-A35C9218510E","master":"","ontologyIds":[],"valueType":{"maximumValue":"","multipleSlotFields":[],"orderedValues":false,"nameValue":"","allowedUnits":[],"valueTypeName":"Text","allowedPatterns":[],"allowedValues":[],"_type":"KefedFullValueTemplate","allowFreeValueInput":true,"termLookupFunction":"","allowFreeUnitInput":true,"minimumValue":"","allowFreePatternInput":false},"_type":"KefedObject","compositions":0,"uid":"9D86C6C3-AAB8-B22C-BDA1-A35C921CF57C","type":"sprite","notes":null,"dataTable":[]},{"_type":"KefedObject","compositions":0,"spriteid":"Activity","nameValue":"Double Transfection","ontologyIds":[],"did":"B29214BF-ADA3-3838-9584-A35CC9FDD8A0","type":"sprite","master":"","uid":"6B2730D4-8C87-7639-5E34-A35CD28E2B68","dataTable":[],"notes":null},{"spriteid":"Parameter Specification","nameValue":"double-promoter-construct","did":"956668FE-995C-4D2C-99BF-A35D2E230374","master":"","ontologyIds":[],"valueType":{"maximumValue":"","multipleSlotFields":[{"_type":"KefedFieldTemplate","notes":null,"ontologyIds":[],"nameValue":"molecule1","uid":"55B0E01A-3BAF-2AE3-41FF-A35DF06F0E5E","valueType":{"maximumValue":"","orderedValues":false,"nameValue":"","allowedUnits":[],"valueTypeName":"Text","allowedPatterns":[],"allowedValues":[],"_type":"KefedBaseValueTemplate","allowFreeValueInput":true,"termLookupFunction":"","allowFreeUnitInput":true,"minimumValue":"","allowFreePatternInput":false}},{"_type":"KefedFieldTemplate","notes":null,"ontologyIds":[],"nameValue":"molecule2","uid":"7EF50CCE-419E-51D4-5617-A35E0813FB9B","valueType":{"maximumValue":"","orderedValues":false,"nameValue":"","allowedUnits":[],"valueTypeName":"Text","allowedPatterns":[],"allowedValues":[],"_type":"KefedBaseValueTemplate","allowFreeValueInput":true,"termLookupFunction":"","allowFreeUnitInput":true,"minimumValue":"","allowFreePatternInput":false}}],"orderedValues":false,"nameValue":"","allowedUnits":[],"valueTypeName":"Table","allowedPatterns":[],"allowedValues":[],"_type":"KefedFullValueTemplate","allowFreeValueInput":true,"termLookupFunction":"","allowFreeUnitInput":true,"minimumValue":"","allowFreePatternInput":false},"_type":"KefedObject","compositions":0,"uid":"94D2E2A9-922F-E0B9-FE9A-A35D2E4B68C2","type":"sprite","notes":null,"dataTable":[]},{"_type":"KefedObject","compositions":0,"spriteid":"Activity","nameValue":"Immunohistochemistry","ontologyIds":[],"did":"1EBEF27D-27F3-04E5-1E53-A35E3A8B8BD9","type":"sprite","master":"","uid":"A4277C57-7211-1A15-7CD0-A35E425C0DBC","dataTable":[],"notes":null},{"spriteid":"Parameter Specification","nameValue":"primary-antibody","did":"7E7838E0-4D98-7875-9E9C-A35FB698C50B","master":"","ontologyIds":[],"valueType":{"maximumValue":"","multipleSlotFields":[],"orderedValues":false,"nameValue":"","allowedUnits":[],"valueTypeName":"Text","allowedPatterns":[],"allowedValues":[],"_type":"KefedFullValueTemplate","allowFreeValueInput":true,"termLookupFunction":"","allowFreeUnitInput":true,"minimumValue":"","allowFreePatternInput":false},"_type":"KefedObject","compositions":0,"uid":"6122BA8F-2AAA-C11A-E44C-A35FB69EFE65","type":"sprite","notes":null,"dataTable":[]},{"_type":"KefedObject","compositions":0,"spriteid":"Activity","nameValue":"Scoring for feature","ontologyIds":[],"did":"CEDDA64C-AD17-9D4D-DE46-A361CD42D1FB","type":"sprite","master":"","uid":"092FAFC5-1937-32A2-7D08-A361DA62C0D3","dataTable":[],"notes":null},{"spriteid":"Constant Specification","nameValue":"feature","did":"45AB7BB0-482A-B53D-1D1F-A36381C45CB3","master":"","ontologyIds":[],"valueType":{"maximumValue":"","multipleSlotFields":[],"orderedValues":false,"nameValue":"","allowedUnits":[],"valueTypeName":"Text","allowedPatterns":[],"allowedValues":[],"_type":"KefedFullValueTemplate","allowFreeValueInput":true,"termLookupFunction":"","allowFreeUnitInput":true,"minimumValue":"","allowFreePatternInput":false},"_type":"KefedObject","compositions":0,"uid":"6E262F59-400C-99D2-B521-A36381C8FA70","type":"sprite","notes":null,"dataTable":[]},{"spriteid":"Measurement Specification","nameValue":"presence","did":"BA22F53A-9BE9-D66F-AE70-A363B89C2143","master":"","ontologyIds":[],"valueType":{"maximumValue":"","multipleSlotFields":[],"orderedValues":false,"nameValue":"","allowedUnits":[],"valueTypeName":"True/False","allowedPatterns":[],"allowedValues":[],"_type":"KefedFullValueTemplate","allowFreeValueInput":true,"termLookupFunction":"","allowFreeUnitInput":true,"minimumValue":"","allowFreePatternInput":false},"_type":"KefedObject","compositions":0,"uid":"74DDCD7A-A71B-93EE-4B8A-A363BF85AC3B","type":"sprite","notes":null,"dataTable":[]}],"experimentData":{"74DDCD7A-A71B-93EE-4B8A-A363BF85AC3B":[{"9D86C6C3-AAB8-B22C-BDA1-A35C921CF57C":" mouse embryo fibroblasts","mx_internal_uid":"7D434C2E-67F9-EAA9-970B-A36597A6C2DF","74DDCD7A-A71B-93EE-4B8A-A363BF85AC3B":true,"6E262F59-400C-99D2-B521-A36381C8FA70":"ruffles","94D2E2A9-922F-E0B9-FE9A-A35D2E4B68C2":{"55B0E01A-3BAF-2AE3-41FF-A35DF06F0E5E":" RasV12","7EF50CCE-419E-51D4-5617-A35E0813FB9B":"none"},"6122BA8F-2AAA-C11A-E44C-A35FB69EFE65":"Ras"},{"9D86C6C3-AAB8-B22C-BDA1-A35C921CF57C":" mouse embryo fibroblasts","mx_internal_uid":"885BDA00-901E-EEC8-31EE-A367E7FFC26C","74DDCD7A-A71B-93EE-4B8A-A363BF85AC3B":true,"6E262F59-400C-99D2-B521-A36381C8FA70":"ruffles","94D2E2A9-922F-E0B9-FE9A-A35D2E4B68C2":{"55B0E01A-3BAF-2AE3-41FF-A35DF06F0E5E":" RacQL","7EF50CCE-419E-51D4-5617-A35E0813FB9B":"none"},"6122BA8F-2AAA-C11A-E44C-A35FB69EFE65":"Rac"},{"9D86C6C3-AAB8-B22C-BDA1-A35C921CF57C":" mouse embryo fibroblasts","mx_internal_uid":"7415EEF7-08F3-1290-B368-A36863E6C36D","74DDCD7A-A71B-93EE-4B8A-A363BF85AC3B":false,"6E262F59-400C-99D2-B521-A36381C8FA70":"ruffles","94D2E2A9-922F-E0B9-FE9A-A35D2E4B68C2":{"55B0E01A-3BAF-2AE3-41FF-A35DF06F0E5E":"E3b1WT","7EF50CCE-419E-51D4-5617-A35E0813FB9B":"none"},"6122BA8F-2AAA-C11A-E44C-A35FB69EFE65":"ECFP"},{"9D86C6C3-AAB8-B22C-BDA1-A35C921CF57C":" mouse embryo fibroblasts","mx_internal_uid":"A0EA85D9-D7FD-A81B-F5DC-A368E700DF80","74DDCD7A-A71B-93EE-4B8A-A363BF85AC3B":false,"6E262F59-400C-99D2-B521-A36381C8FA70":"ruffles","94D2E2A9-922F-E0B9-FE9A-A35D2E4B68C2":{"55B0E01A-3BAF-2AE3-41FF-A35DF06F0E5E":"E3b1DY","7EF50CCE-419E-51D4-5617-A35E0813FB9B":"none"},"6122BA8F-2AAA-C11A-E44C-A35FB69EFE65":"ECFP"},{"9D86C6C3-AAB8-B22C-BDA1-A35C921CF57C":" mouse embryo fibroblasts","mx_internal_uid":"017393A4-4C9C-918F-8EBE-A36D04F65573","74DDCD7A-A71B-93EE-4B8A-A363BF85AC3B":true,"6E262F59-400C-99D2-B521-A36381C8FA70":"ruffles","94D2E2A9-922F-E0B9-FE9A-A35D2E4B68C2":{"55B0E01A-3BAF-2AE3-41FF-A35DF06F0E5E":" RasV12","7EF50CCE-419E-51D4-5617-A35E0813FB9B":"E3b1WT"},"6122BA8F-2AAA-C11A-E44C-A35FB69EFE65":"ECFP"},{"9D86C6C3-AAB8-B22C-BDA1-A35C921CF57C":" mouse embryo fibroblasts","mx_internal_uid":"4A9907E1-E250-605D-B423-A36D6C73A183","74DDCD7A-A71B-93EE-4B8A-A363BF85AC3B":false,"6E262F59-400C-99D2-B521-A36381C8FA70":"ruffles","94D2E2A9-922F-E0B9-FE9A-A35D2E4B68C2":{"55B0E01A-3BAF-2AE3-41FF-A35DF06F0E5E":" RasV12","7EF50CCE-419E-51D4-5617-A35E0813FB9B":"E3b1DY"},"6122BA8F-2AAA-C11A-E44C-A35FB69EFE65":"ECFP"},{"9D86C6C3-AAB8-B22C-BDA1-A35C921CF57C":" mouse embryo fibroblasts","mx_internal_uid":"C6BE0AD5-6704-2F29-7FF7-A36DBDACFD84","74DDCD7A-A71B-93EE-4B8A-A363BF85AC3B":true,"6E262F59-400C-99D2-B521-A36381C8FA70":"ruffles","94D2E2A9-922F-E0B9-FE9A-A35D2E4B68C2":{"55B0E01A-3BAF-2AE3-41FF-A35DF06F0E5E":" RacQL","7EF50CCE-419E-51D4-5617-A35E0813FB9B":"E3b1WT"},"6122BA8F-2AAA-C11A-E44C-A35FB69EFE65":"ECFP"},{"9D86C6C3-AAB8-B22C-BDA1-A35C921CF57C":" mouse embryo fibroblasts","mx_internal_uid":"BD1FE51E-5399-7B97-1B17-A36E46F66F2B","74DDCD7A-A71B-93EE-4B8A-A363BF85AC3B":true,"6E262F59-400C-99D2-B521-A36381C8FA70":"ruffles","94D2E2A9-922F-E0B9-FE9A-A35D2E4B68C2":{"55B0E01A-3BAF-2AE3-41FF-A35DF06F0E5E":" RacQL","7EF50CCE-419E-51D4-5617-A35E0813FB9B":"E3b1DY"},"6122BA8F-2AAA-C11A-E44C-A35FB69EFE65":"ECFP"}]},"_type":"KefedExperiment","description":"","kefedVersion":"2.0","diagramXML":"<diagram version=\"0\" width=\"2879\" height=\"2879\" id=\"A645E212-1C3F-7EB5-533F-A35BDDAEBE04\">\n  <columns id=\"E4B4A8E3-5D78-9CFD-08B0-A35BDDAE5166\" multicolumn=\"false\">\n    <column id=\"126D870A-109F-763F-6C52-A35BDDAEB7BA\" width=\"2817\" height=\"30\" title=\"Default column\"/>\n    <column id=\"B0442817-F541-086B-750B-A35C3358005B\" width=\"80\" height=\"30\" title=\"Default column\"/>\n    <column id=\"41B1AB46-9974-62E6-E27C-A36537F6B994\" width=\"80\" height=\"30\" title=\"Default column\"/>\n  </columns>\n  <panels id=\"F6532665-6FD3-AF10-0EC0-A35BDDAE0FA8\" multipanel=\"false\">\n    <panel id=\"E088BD14-333F-5F6D-D864-A35BDDAE7118\" height=\"2879\" title=\"Kefed Model\">\n      <lane id=\"A4FCD48D-EBA5-0447-205A-A35BDDAE0DA1\" height=\"2879\" title=\"2Tfx-fix+stain_score\">\n        <links id=\"8D54ACB4-A5FB-D197-1065-A35BDDAE3770\">\n          <link id=\"555FD610-EB85-2EB3-00D3-A35C9EF8B4B8\" dataid=\"01DDED84-AAD9-5E2D-78BF-A35C9EFC7673\" master=\"55AC6CD2-D7CF-E90B-BA64-A35C9EF92D37\" behaviour=\"0\" geometry=\"0\" styleclass=\".lanescope-link\" x=\"173.5\" y=\"99\" points=\"0,0 71.5,0 71.5,5.6\" target=\"B77B5026-F68C-BE36-248D-A35C9EF9706D\"/>\n          <link id=\"99ED98A1-10C9-F3DC-1FFB-A35CCA038179\" dataid=\"7850D5C9-31A8-9A11-3488-A35CD28EA482\" master=\"77D4874C-E65C-916A-CB75-A35CCA0328BF\" behaviour=\"0\" geometry=\"0\" styleclass=\".lanescope-link\" x=\"303.9\" y=\"55\" points=\"0,51.1 1.1,51.1 1.1,149\" target=\"7950121E-ADC2-CF07-3B4A-A35CCA030A03\"/>\n          <link id=\"D2C4EC2A-838F-32B9-FE2A-A35D42FB503A\" dataid=\"13F61F72-28B4-A7E4-3C1B-A35D42FD7179\" master=\"CDE3EA4B-0AE8-3C79-82D2-A35D42FBF102\" behaviour=\"0\" geometry=\"0\" styleclass=\".lanescope-link\" x=\"184\" y=\"195\" points=\"0,8 66.25,8 66.25,0\" target=\"D1EF2CA9-D541-3822-6154-A35D42FB48B3\"/>\n          <link id=\"F60DFD9C-976A-B2F2-D2E3-A35E3A905D33\" dataid=\"AE5232BC-5128-15B9-209F-A35E425D1C78\" master=\"546F88B9-D19A-3CC7-17E7-A35E3A9075F5\" behaviour=\"0\" geometry=\"0\" styleclass=\".lanescope-link\" x=\"305\" y=\"157\" points=\"0,46.95 0,46.95 0,147\" target=\"D6F04C9C-BB5A-15BA-EF69-A35E3A906DB3\"/>\n          <link id=\"A9CA739E-D721-3CBF-2419-A35FC489FD90\" dataid=\"E0A30D54-121F-1AD1-D47D-A35FC48BB12A\" master=\"9CCA8122-B429-4656-5B0B-A35FC489D4F5\" behaviour=\"0\" geometry=\"0\" styleclass=\".lanescope-link\" x=\"155.45\" y=\"294.3\" points=\"23.95,0 90.8,0 90.8,0\" target=\"F806F2B2-B01F-5551-17ED-A35FC4892E94\"/>\n          <link id=\"ED27E7F8-9FE7-0312-9778-A361CD4BA48C\" dataid=\"C988D831-BA30-8A9A-D192-A361DA623C36\" master=\"59F01953-52CE-D215-D320-A361CD4B9795\" behaviour=\"0\" geometry=\"0\" styleclass=\".lanescope-link\" x=\"305\" y=\"245\" points=\"0,58.95 5,58.95 5,153\" target=\"ED04C365-3BE5-3A19-7F73-A361CD4B1045\"/>\n          <link id=\"4DAA2807-46B9-3869-F5C7-A3638F2D40FE\" dataid=\"9DE8867B-4BA3-6CFB-B8AF-A3638F2F9730\" master=\"A41C1C37-E3CF-DB3D-59FC-A3638F2D5404\" behaviour=\"0\" geometry=\"0\" styleclass=\".lanescope-link\" x=\"219.4\" y=\"399\" points=\"0,0 31.85,0 31.85,0\" target=\"B00A54F1-F5FC-B3EE-B5BB-A3638F2D255B\"/>\n          <link id=\"417C63DB-6D94-DCB8-86B4-A363B8AA68B3\" dataid=\"914FC9C8-017C-D7BC-BA7B-A363BF8A4DE9\" master=\"282EA5C3-C752-89E6-B099-A363B8AA452F\" behaviour=\"0\" geometry=\"0\" styleclass=\".lanescope-link\" x=\"310\" y=\"364\" points=\"0,33.95 -1,33.95 -1,140\" target=\"795AA189-3CED-BA42-8B43-A363B8AAB78B\"/>\n        </links>\n        <sprites id=\"B6FC5714-73F6-7909-F889-A35BDDAEE0C3\">\n          <sprite id=\"4B09FE34-BEA9-50A2-D25D-A35C9218510E\" dataid=\"9D86C6C3-AAB8-B22C-BDA1-A35C921CF57C\" annotation=\"3CA0BD28-9EB1-D717-FFCD-A35CA6E4E75B\" dx=\"NaN\" dy=\"NaN\" box=\"147.5,85,25.05,28.3\" spriteid=\"Constant Specification\">\n            <anchor id=\"55AC6CD2-D7CF-E90B-BA64-A35C9EF92D37\" dx=\"26\" dy=\"14\" target=\"555FD610-EB85-2EB3-00D3-A35C9EF8B4B8\"/>\n            <anchor id=\"7BF90957-4836-F894-6E7A-A35CA6EC59A0\" dx=\"0\" dy=\"0\" target=\"3CA0BD28-9EB1-D717-FFCD-A35CA6E4E75B\"/>\n          </sprite>\n          <sprite id=\"7CCD5B71-AB57-4CEB-6A48-A35C4DCBF95B\" dataid=\"1ECD2EE8-8DDF-F559-A4B6-A35C4DD63C5C\" annotation=\"CFBADEBC-66CD-4CF1-9DAD-A35C5986613F\" dx=\"NaN\" dy=\"NaN\" box=\"244,74.6,119.85,63\" spriteid=\"Experimental Object\">\n            <anchor id=\"77D4874C-E65C-916A-CB75-A35CCA0328BF\" dx=\"59.9\" dy=\"31.5\" target=\"99ED98A1-10C9-F3DC-1FFB-A35CCA038179\"/>\n            <anchor id=\"B77B5026-F68C-BE36-248D-A35C9EF9706D\" dx=\"1\" dy=\"30\" target=\"555FD610-EB85-2EB3-00D3-A35C9EF8B4B8\"/>\n            <anchor id=\"742DE393-6ECE-229B-F481-A35C598EE7EC\" dx=\"0\" dy=\"0\" target=\"CFBADEBC-66CD-4CF1-9DAD-A35C5986613F\"/>\n          </sprite>\n          <sprite id=\"B29214BF-ADA3-3838-9584-A35CC9FDD8A0\" dataid=\"6B2730D4-8C87-7639-5E34-A35CD28E2B68\" annotation=\"6EEB2EF8-2435-71D8-789C-A35CD9D02256\" dx=\"NaN\" dy=\"NaN\" box=\"245.25,172.6,119.5,62.75\" spriteid=\"Activity\">\n            <anchor id=\"D1EF2CA9-D541-3822-6154-A35D42FB48B3\" dx=\"5\" dy=\"22.4\" target=\"D2C4EC2A-838F-32B9-FE2A-A35D42FB503A\"/>\n            <anchor id=\"9D58B483-E6AF-D1E6-303B-A35CD9D7B6E1\" dx=\"0\" dy=\"0\" target=\"6EEB2EF8-2435-71D8-789C-A35CD9D02256\"/>\n            <anchor id=\"7950121E-ADC2-CF07-3B4A-A35CCA030A03\" dx=\"59.75\" dy=\"31.4\" target=\"99ED98A1-10C9-F3DC-1FFB-A35CCA038179\"/>\n            <anchor id=\"546F88B9-D19A-3CC7-17E7-A35E3A9075F5\" dx=\"59.75\" dy=\"31.35\" target=\"F60DFD9C-976A-B2F2-D2E3-A35E3A905D33\"/>\n          </sprite>\n          <sprite id=\"956668FE-995C-4D2C-99BF-A35D2E230374\" dataid=\"94D2E2A9-922F-E0B9-FE9A-A35D2E4B68C2\" annotation=\"DFBA0258-107D-995B-BAB1-A35D53F34162\" dx=\"NaN\" dy=\"NaN\" box=\"156,170,25.049999999999997,76.3\" spriteid=\"Parameter Specification\">\n            <anchor id=\"CDE3EA4B-0AE8-3C79-82D2-A35D42FBF102\" dx=\"28\" dy=\"33\" target=\"D2C4EC2A-838F-32B9-FE2A-A35D42FB503A\"/>\n            <anchor id=\"3DEFDF82-410D-E1C9-D1D5-A35D53FA3BEB\" dx=\"0\" dy=\"0\" target=\"DFBA0258-107D-995B-BAB1-A35D53F34162\"/>\n          </sprite>\n          <sprite id=\"1EBEF27D-27F3-04E5-1E53-A35E3A8B8BD9\" dataid=\"A4277C57-7211-1A15-7CD0-A35E425C0DBC\" annotation=\"01AE5832-245D-B699-859D-A35E4469F338\" dx=\"NaN\" dy=\"NaN\" box=\"245.25,272.6,119.5,62.75\" spriteid=\"Activity\">\n            <anchor id=\"6815F7BB-EC36-254C-1242-A35E44769BE4\" dx=\"0\" dy=\"0\" target=\"01AE5832-245D-B699-859D-A35E4469F338\"/>\n            <anchor id=\"59F01953-52CE-D215-D320-A361CD4B9795\" dx=\"59.75\" dy=\"31.35\" target=\"ED27E7F8-9FE7-0312-9778-A361CD4BA48C\"/>\n            <anchor id=\"D6F04C9C-BB5A-15BA-EF69-A35E3A906DB3\" dx=\"59.75\" dy=\"31.4\" target=\"F60DFD9C-976A-B2F2-D2E3-A35E3A905D33\"/>\n            <anchor id=\"F806F2B2-B01F-5551-17ED-A35FC4892E94\" dx=\"1\" dy=\"21.7\" target=\"A9CA739E-D721-3CBF-2419-A35FC489FD90\"/>\n          </sprite>\n          <sprite id=\"CEDDA64C-AD17-9D4D-DE46-A361CD42D1FB\" dataid=\"092FAFC5-1937-32A2-7D08-A361DA62C0D3\" annotation=\"72433CF6-A0DE-0526-EFC2-A361DFD95ACC\" dx=\"NaN\" dy=\"NaN\" box=\"250.25,366.6,119.5,62.75\" spriteid=\"Activity\">\n            <anchor id=\"B00A54F1-F5FC-B3EE-B5BB-A3638F2D255B\" dx=\"1\" dy=\"32.4\" target=\"4DAA2807-46B9-3869-F5C7-A3638F2D40FE\"/>\n            <anchor id=\"282EA5C3-C752-89E6-B099-A363B8AA452F\" dx=\"59.75\" dy=\"31.35\" target=\"417C63DB-6D94-DCB8-86B4-A363B8AA68B3\"/>\n            <anchor id=\"ED04C365-3BE5-3A19-7F73-A361CD4B1045\" dx=\"59.75\" dy=\"31.4\" target=\"ED27E7F8-9FE7-0312-9778-A361CD4BA48C\"/>\n            <anchor id=\"A768F386-D46D-D666-7BA3-A361DFE16300\" dx=\"0\" dy=\"0\" target=\"72433CF6-A0DE-0526-EFC2-A361DFD95ACC\"/>\n          </sprite>\n          <sprite id=\"45AB7BB0-482A-B53D-1D1F-A36381C45CB3\" dataid=\"6E262F59-400C-99D2-B521-A36381C8FA70\" annotation=\"444FEE33-6431-4396-3B11-A36392FE10F9\" dx=\"NaN\" dy=\"NaN\" box=\"191.4,389,25.05,28.3\" spriteid=\"Constant Specification\">\n            <anchor id=\"A41C1C37-E3CF-DB3D-59FC-A3638F2D5404\" dx=\"28\" dy=\"10\" target=\"4DAA2807-46B9-3869-F5C7-A3638F2D40FE\"/>\n            <anchor id=\"A80AB898-B186-0FD9-F72B-A36393033345\" dx=\"0\" dy=\"0\" target=\"444FEE33-6431-4396-3B11-A36392FE10F9\"/>\n          </sprite>\n          <sprite id=\"7E7838E0-4D98-7875-9E9C-A35FB698C50B\" dataid=\"6122BA8F-2AAA-C11A-E44C-A35FB69EFE65\" annotation=\"B843ABAE-1754-968D-B6F6-A35FC986AE2A\" dx=\"NaN\" dy=\"NaN\" box=\"155.4,266.3,25.049999999999997,76.3\" spriteid=\"Parameter Specification\">\n            <anchor id=\"9CCA8122-B429-4656-5B0B-A35FC489D4F5\" dx=\"24\" dy=\"28\" target=\"A9CA739E-D721-3CBF-2419-A35FC489FD90\"/>\n            <anchor id=\"7C93D0F8-669B-478F-4636-A35FC98C1570\" dx=\"0\" dy=\"0\" target=\"B843ABAE-1754-968D-B6F6-A35FC986AE2A\"/>\n          </sprite>\n          <sprite id=\"BA22F53A-9BE9-D66F-AE70-A363B89C2143\" dataid=\"74DDCD7A-A71B-93EE-4B8A-A363BF85AC3B\" selected=\"true\" annotation=\"86A338F4-8E2C-D394-BA27-A363F1A3C373\" dx=\"NaN\" dy=\"NaN\" box=\"277,472.45,64,63.1\" spriteid=\"Measurement Specification\">\n            <anchor id=\"795AA189-3CED-BA42-8B43-A363B8AAB78B\" dx=\"32\" dy=\"31.55\" target=\"417C63DB-6D94-DCB8-86B4-A363B8AA68B3\"/>\n            <anchor id=\"0E20BCBD-4949-36D5-01CE-A363F1AA6FBF\" dx=\"0\" dy=\"0\" target=\"86A338F4-8E2C-D394-BA27-A363F1A3C373\"/>\n          </sprite>\n        </sprites>\n        <annotations id=\"98B8C6FD-6536-E6DE-82B1-A35BDDAEE6FC\">\n          <annotation id=\"CFBADEBC-66CD-4CF1-9DAD-A35C5986613F\" master=\"742DE393-6ECE-229B-F481-A35C598EE7EC\" dx=\"7.899999999999977\" dy=\"17\" box=\"251.9,91.6,100,17\" spriteid=\"annotation\"><![CDATA[Cell Line]]></annotation>\n          <annotation id=\"3CA0BD28-9EB1-D717-FFCD-A35CA6E4E75B\" master=\"7BF90957-4836-F894-6E7A-A35CA6EC59A0\" dx=\"-37.5\" dy=\"28.30000000000001\" box=\"110.025,113.3,100,16\" spriteid=\"annotation\"><![CDATA[cell-type]]></annotation>\n          <annotation id=\"DFBA0258-107D-995B-BAB1-A35D53F34162\" master=\"3DEFDF82-410D-E1C9-D1D5-A35D53FA3BEB\" dx=\"-92.5\" dy=\"6.300000000000011\" box=\"63.5,176.3,100,70.7\" spriteid=\"annotation\"><![CDATA[double-promoter-construct]]></annotation>\n          <annotation id=\"6EEB2EF8-2435-71D8-789C-A35CD9D02256\" master=\"9D58B483-E6AF-D1E6-303B-A35CD9D7B6E1\" dx=\"4.75\" dy=\"8.75\" box=\"250,181.35,100,58.650000000000006\" spriteid=\"annotation\"><![CDATA[Double Transfection]]></annotation>\n          <annotation id=\"B843ABAE-1754-968D-B6F6-A35FC986AE2A\" master=\"7C93D0F8-669B-478F-4636-A35FC98C1570\" dx=\"-89.4\" dy=\"10.300000000000011\" box=\"66,276.6,78,45\" spriteid=\"annotation\"><![CDATA[primary-antibody]]></annotation>\n          <annotation id=\"01AE5832-245D-B699-859D-A35E4469F338\" master=\"6815F7BB-EC36-254C-1242-A35E44769BE4\" dx=\"2.75\" dy=\"1.75\" box=\"248,283.05,100,46\" spriteid=\"annotation\"><![CDATA[Immunohistochemistry]]></annotation>\n          <annotation id=\"444FEE33-6431-4396-3B11-A36392FE10F9\" master=\"A80AB898-B186-0FD9-F72B-A36393033345\" dx=\"-37.5\" dy=\"28.30000000000001\" box=\"153.925,417.3,100,16\" spriteid=\"annotation\"><![CDATA[feature]]></annotation>\n          <annotation id=\"72433CF6-A0DE-0526-EFC2-A361DFD95ACC\" master=\"A768F386-D46D-D666-7BA3-A361DFE16300\" dx=\"5.75\" dy=\"9.75\" box=\"256,376.35,100,52.650000000000006\" spriteid=\"annotation\"><![CDATA[Scoring for feature]]></annotation>\n          <annotation id=\"86A338F4-8E2C-D394-BA27-A363F1A3C373\" master=\"0E20BCBD-4949-36D5-01CE-A363F1AA6FBF\" dx=\"-18\" dy=\"63.09999999999991\" box=\"259,535.55,100,16\" spriteid=\"annotation\"><![CDATA[presence]]></annotation>\n        </annotations>\n      </lane>\n      <links id=\"EA11E94E-6175-701D-F2FE-A35BDDAEFF39\"/>\n      <annotations id=\"D55AE275-629B-8B1D-7AA6-A35BDDAEC5EF\"/>\n    </panel>\n    <links id=\"FEE44636-5460-57F8-0540-A35BDDAEB3FD\"/>\n    <annotations id=\"E7CA5558-F30A-E9E9-E69E-A35BDDAEA0DD\"/>\n  </panels>\n</diagram>","dateTime":"Thu Jan 1 19:59:20 GMT-0800 2015","source":"11777939-FIg6"}