{"designUid":"1DCF40AF-CE7D-F5B8-F6E6-794AA0FFFEB7","type":"IP_Competition_WB","modelName":"11777939-Fig1C","citeKey":"11777939-Fig1C","edges":[{"start":"9FA78264-8785-AFA2-48E1-79578BAEE8BD","_type":"KefedLink","uid":"1443ACBB-E579-476A-5D74-7957AB066C6E","end":"15BEC8EC-2403-D713-739D-7951F64A5017"},{"start":"42AA8D1F-C3C5-0872-6C3C-794AA100A2B3","_type":"KefedLink","uid":"965835BC-5323-9DB5-3A05-78B699B9F646","end":"2B918712-F542-DF28-4974-794AA1008913"},{"start":"FB5E8BDC-E7C5-4F2E-55A6-794AA1001143","_type":"KefedLink","uid":"199E68D5-79C8-2EEC-452B-78B7AB0F8C93","end":"430BCC5E-1EE7-B885-8FF6-794AA1007816"},{"start":"430BCC5E-1EE7-B885-8FF6-794AA1007816","_type":"KefedLink","uid":"BB89F14F-D850-D262-EAA9-78B821C4BAC9","end":"D8A55B6E-65BA-75FD-43B9-794AA1004864"},{"start":"F67B8BBE-6A53-B0E3-4CCA-794AA100235A","_type":"KefedLink","uid":"ADB8BB46-470F-5A76-E8A9-78BBA1B5FC4F","end":"FB5E8BDC-E7C5-4F2E-55A6-794AA1001143"},{"start":"87C683DA-12D3-1391-8A69-794AA1009880","_type":"KefedLink","uid":"B7BF7488-7EBB-C7AA-3580-78BC9CD276D2","end":"430BCC5E-1EE7-B885-8FF6-794AA1007816"},{"start":"0F04571A-D6E0-787F-BF69-794AA10068F9","_type":"KefedLink","uid":"C9029B14-FD42-753D-DB03-790EE8F644EE","end":"4A04C7EC-8DF2-42FA-2A98-794AA0FF9C2C"},{"start":"4A04C7EC-8DF2-42FA-2A98-794AA0FF9C2C","_type":"KefedLink","uid":"1D9B6EF8-07A6-B3BC-5908-791C8E320063","end":"77F06520-3A03-07D0-38D5-794AA100986F"},{"start":"4AC9A56F-DF5E-39E8-96BC-794AA1007D17","_type":"KefedLink","uid":"415C366D-E775-E492-E58B-791D3C26D4BF","end":"77F06520-3A03-07D0-38D5-794AA100986F"},{"start":"77F06520-3A03-07D0-38D5-794AA100986F","_type":"KefedLink","uid":"68C7A678-521D-A4C4-A1FE-791D989F7144","end":"42AA8D1F-C3C5-0872-6C3C-794AA100A2B3"},{"start":"2B918712-F542-DF28-4974-794AA1008913","_type":"KefedLink","uid":"20D4ECAC-070E-9530-18A6-79520B2DD577","end":"15BEC8EC-2403-D713-739D-7951F64A5017"},{"start":"15BEC8EC-2403-D713-739D-7951F64A5017","_type":"KefedLink","uid":"4A1508D3-0467-52A8-4433-795218E6CCC9","end":"FB5E8BDC-E7C5-4F2E-55A6-794AA1001143"}],"uid":"8F893B5F-7493-85CD-6903-795EAB781CB5","nodes":[{"_type":"KefedObject","compositions":0,"spriteid":"Experimental Object","nameValue":"Cell-Line","ontologyIds":[],"did":"DFF1519B-E662-2239-5408-78B34E1F7CF0","type":"sprite","master":"","uid":"4A04C7EC-8DF2-42FA-2A98-794AA0FF9C2C","dataTable":[],"notes":null},{"_type":"KefedObject","compositions":0,"spriteid":"Activity","nameValue":"Transfection","ontologyIds":[],"did":"F2E9789C-0676-7E11-E301-78B5C7270EEA","type":"sprite","master":"","uid":"77F06520-3A03-07D0-38D5-794AA100986F","dataTable":[],"notes":null},{"_type":"KefedObject","compositions":0,"spriteid":"Activity","nameValue":"Cell Lysing","ontologyIds":[],"did":"2F5159C8-6BEA-DDE8-0619-78B63B8C42B3","type":"sprite","master":"","uid":"42AA8D1F-C3C5-0872-6C3C-794AA100A2B3","dataTable":[],"notes":null},{"_type":"KefedObject","compositions":0,"spriteid":"Experimental Object","nameValue":"Lysate","ontologyIds":[],"did":"4FA20054-2D27-18F6-2330-78B690D31E41","type":"sprite","master":"","uid":"2B918712-F542-DF28-4974-794AA1008913","dataTable":[],"notes":null},{"_type":"KefedObject","compositions":0,"spriteid":"Activity","nameValue":"Immunoprecipitation","ontologyIds":[],"did":"B979AC95-52F7-E99F-79C7-78B70D0DE64F","type":"sprite","master":"","uid":"FB5E8BDC-E7C5-4F2E-55A6-794AA1001143","dataTable":[],"notes":null},{"_type":"KefedObject","compositions":0,"spriteid":"Activity","nameValue":"Western\rBlot","ontologyIds":[],"did":"866C1DBF-FC2E-C8FB-5971-78B7A57BD34E","type":"sprite","master":"","uid":"430BCC5E-1EE7-B885-8FF6-794AA1007816","dataTable":[],"notes":null},{"spriteid":"Measurement Specification","nameValue":"protein-concentration","did":"753B260A-35F5-C45D-42E3-78B81A04B708","master":"","ontologyIds":[],"valueType":{"maximumValue":"","multipleSlotFields":[],"orderedValues":false,"nameValue":"","allowedUnits":[],"valueTypeName":"Text","allowedPatterns":[],"allowedValues":[],"_type":"KefedFullValueTemplate","allowFreeValueInput":true,"termLookupFunction":"","allowFreeUnitInput":true,"minimumValue":"","allowFreePatternInput":true},"_type":"KefedObject","compositions":0,"uid":"D8A55B6E-65BA-75FD-43B9-794AA1004864","type":"sprite","notes":null,"dataTable":[]},{"spriteid":"Parameter Specification","nameValue":"immunoprecipitate","did":"D90CD077-51BE-C12E-678F-78BB84F3525C","master":"","ontologyIds":[],"valueType":{"maximumValue":"","multipleSlotFields":[],"orderedValues":false,"nameValue":"","allowedUnits":[],"valueTypeName":"Text","allowedPatterns":[],"allowedValues":[],"_type":"KefedFullValueTemplate","allowFreeValueInput":true,"termLookupFunction":"","allowFreeUnitInput":true,"minimumValue":"","allowFreePatternInput":true},"_type":"KefedObject","compositions":0,"uid":"F67B8BBE-6A53-B0E3-4CCA-794AA100235A","type":"sprite","notes":null,"dataTable":[]},{"spriteid":"Parameter Specification","nameValue":"primary-antibody","did":"D465C8EB-57E1-D1B6-435D-78BC55090D20","master":"","ontologyIds":[],"valueType":{"maximumValue":"","multipleSlotFields":[],"orderedValues":false,"nameValue":"","allowedUnits":[],"valueTypeName":"Text","allowedPatterns":[],"allowedValues":[],"_type":"KefedFullValueTemplate","allowFreeValueInput":true,"termLookupFunction":"","allowFreeUnitInput":true,"minimumValue":"","allowFreePatternInput":true},"_type":"KefedObject","compositions":0,"uid":"87C683DA-12D3-1391-8A69-794AA1009880","type":"sprite","notes":null,"dataTable":[]},{"spriteid":"Constant Specification","nameValue":"cell-type","did":"00A2C59A-C7D7-9598-559F-790EDD07191D","master":"","ontologyIds":[],"valueType":{"maximumValue":"","multipleSlotFields":[],"orderedValues":false,"nameValue":"","allowedUnits":[],"valueTypeName":"Text","allowedPatterns":[],"allowedValues":[],"_type":"KefedFullValueTemplate","allowFreeValueInput":true,"termLookupFunction":"","allowFreeUnitInput":true,"minimumValue":"","allowFreePatternInput":false},"_type":"KefedObject","compositions":0,"uid":"0F04571A-D6E0-787F-BF69-794AA10068F9","type":"sprite","notes":null,"dataTable":[]},{"spriteid":"Parameter Specification","nameValue":"promoter-construct","did":"14C70219-FB94-D44F-0821-791D2F328CB4","master":"","ontologyIds":[],"valueType":{"maximumValue":"","multipleSlotFields":[],"orderedValues":false,"nameValue":"","allowedUnits":[],"valueTypeName":"Text","allowedPatterns":[],"allowedValues":[],"_type":"KefedFullValueTemplate","allowFreeValueInput":true,"termLookupFunction":"","allowFreeUnitInput":true,"minimumValue":"","allowFreePatternInput":true},"_type":"KefedObject","compositions":0,"uid":"4AC9A56F-DF5E-39E8-96BC-794AA1007D17","type":"sprite","notes":null,"dataTable":[]},{"_type":"KefedObject","compositions":0,"spriteid":"Activity","nameValue":"DNA-Binding Blocking Reaction","ontologyIds":[],"did":"E7DA4B1F-2D11-8A91-C8CC-7951F6450FE5","type":"sprite","master":"","uid":"15BEC8EC-2403-D713-739D-7951F64A5017","dataTable":[],"notes":"Define this term as "},{"spriteid":"Parameter Specification","nameValue":"blocking-peptide","did":"E09190F0-34DB-8174-21ED-79578BA0A3BA","master":"","ontologyIds":[],"valueType":{"maximumValue":"","multipleSlotFields":[],"orderedValues":false,"nameValue":"","allowedUnits":[],"valueTypeName":"Text","allowedPatterns":[],"allowedValues":[],"_type":"KefedFullValueTemplate","allowFreeValueInput":true,"termLookupFunction":"","allowFreeUnitInput":true,"minimumValue":"","allowFreePatternInput":false},"_type":"KefedObject","compositions":0,"uid":"9FA78264-8785-AFA2-48E1-79578BAEE8BD","type":"sprite","notes":null,"dataTable":[]}],"experimentData":{"D8A55B6E-65BA-75FD-43B9-794AA1004864":[{"87C683DA-12D3-1391-8A69-794AA1009880":" Sos-1","0F04571A-D6E0-787F-BF69-794AA10068F9":"  Eps8(-/-) fibroblasts","mx_internal_uid":"6FF6A79A-41DC-08A5-BB80-795F7BC9313F","9FA78264-8785-AFA2-48E1-79578BAEE8BD":" PPPPPVDYTEDEE (PXXDY)","4AC9A56F-DF5E-39E8-96BC-794AA1007D17":"Eps8myc","F67B8BBE-6A53-B0E3-4CCA-794AA100235A":"myc","D8A55B6E-65BA-75FD-43B9-794AA1004864":"none"},{"87C683DA-12D3-1391-8A69-794AA1009880":" E3b-1","0F04571A-D6E0-787F-BF69-794AA10068F9":"  Eps8(-/-) fibroblasts","mx_internal_uid":"82D068B9-D960-098E-79A9-7963877976BA","9FA78264-8785-AFA2-48E1-79578BAEE8BD":" PPPPPVDYTEDEE (PXXDY)","4AC9A56F-DF5E-39E8-96BC-794AA1007D17":"Eps8myc","F67B8BBE-6A53-B0E3-4CCA-794AA100235A":"myc","D8A55B6E-65BA-75FD-43B9-794AA1004864":"none"},{"87C683DA-12D3-1391-8A69-794AA1009880":" Sos-1","0F04571A-D6E0-787F-BF69-794AA10068F9":"  Eps8(-/-) fibroblasts","mx_internal_uid":"9443ED4C-9783-02F1-9FB8-796401DE1E15","9FA78264-8785-AFA2-48E1-79578BAEE8BD":"PPPPPVDATEDEE (PXXDA), control","4AC9A56F-DF5E-39E8-96BC-794AA1007D17":"Eps8myc","F67B8BBE-6A53-B0E3-4CCA-794AA100235A":"myc","D8A55B6E-65BA-75FD-43B9-794AA1004864":"low"},{"87C683DA-12D3-1391-8A69-794AA1009880":"E3b-1","0F04571A-D6E0-787F-BF69-794AA10068F9":"  Eps8(-/-) fibroblasts","mx_internal_uid":"2348A70A-0BA5-E722-6A37-7964991D2C81","9FA78264-8785-AFA2-48E1-79578BAEE8BD":"PPPPPVDATEDEE (PXXDA), control","4AC9A56F-DF5E-39E8-96BC-794AA1007D17":"Eps8myc","F67B8BBE-6A53-B0E3-4CCA-794AA100235A":"myc","D8A55B6E-65BA-75FD-43B9-794AA1004864":"low"}]},"_type":"KefedExperiment","description":"","kefedVersion":"2.0","diagramXML":"<diagram version=\"0\" width=\"2879\" height=\"2879\" id=\"763ED148-E7F3-705B-6502-78B2A5814AF7\">\n  <columns id=\"9EBAA77A-0695-1C85-BED8-78B2A5816E1C\" multicolumn=\"false\">\n    <column id=\"79A41F92-E438-694F-5A01-78B2A5811B1E\" width=\"2817\" height=\"30\" title=\"Default column\"/>\n    <column id=\"3C1FF556-5D8D-D501-81AE-78B33A0757DE\" width=\"80\" height=\"30\" title=\"Default column\"/>\n    <column id=\"B9A5FD4C-5072-CAE9-F93D-790B332BEF61\" width=\"80\" height=\"30\" title=\"Default column\"/>\n    <column id=\"5E976005-5475-C96E-ECB5-791BEA35651F\" width=\"80\" height=\"30\" title=\"Default column\"/>\n    <column id=\"6AC18DA9-0A13-5A90-7460-791ED295BD9D\" width=\"80\" height=\"30\" title=\"Default column\"/>\n    <column id=\"99757388-3100-20D9-4115-794B43D6FEAD\" width=\"80\" height=\"30\" title=\"Default column\"/>\n    <column id=\"B40864B5-3881-48FD-F320-795C3CF2C6AE\" width=\"80\" height=\"30\" title=\"Default column\"/>\n    <column id=\"EE98EE31-6A8F-3C76-6FFA-795F35E7477C\" width=\"80\" height=\"30\" title=\"Default column\"/>\n    <column id=\"EB5E83A6-9E4B-3AE4-F8D3-A8C2E1D9D774\" width=\"80\" height=\"30\" title=\"Default column\"/>\n  </columns>\n  <panels id=\"1FA1B5C8-4194-5F7D-AC26-78B2A58171EE\" multipanel=\"false\">\n    <panel id=\"B6A21531-A056-009A-6310-78B2A581C5D2\" height=\"2879\" title=\"IP_Competition_WB\">\n      <lane id=\"E6F2BB19-0507-F848-30A3-78B2A581CE35\" height=\"2879\" title=\"IP_Competition_WB\">\n        <links id=\"07B16B61-0816-17C3-B755-78B2A581CCE7\">\n          <link id=\"8B76C99A-EADD-CB84-1C5C-78B690D8E45E\" dataid=\"965835BC-5323-9DB5-3A05-78B699B9F646\" master=\"D7125A79-A71C-855D-F380-78B690D88CED\" behaviour=\"0\" geometry=\"0\" styleclass=\".lanescope-link\" x=\"319\" y=\"470\" points=\"4,-222.05 5,-222.05 5,-130.05\" target=\"7DBF3BF1-41EE-1958-9CE5-78B690D81DC3\"/>\n          <link id=\"C51B735D-D39F-97CB-FF4D-78B7A581BDEE\" dataid=\"199E68D5-79C8-2EEC-452B-78B7AB0F8C93\" master=\"D9BFFCD3-90A0-0B39-E6A9-78B7A5817E8D\" behaviour=\"0\" geometry=\"0\" styleclass=\".lanescope-link\" x=\"319.2\" y=\"623\" points=\"6,-117.9 4.55,-117.9 4.55,-28\" target=\"CADD2A6B-A27D-71CF-9CAC-78B7A581CE74\"/>\n          <link id=\"1F980322-F1E9-DB4F-C9CE-78B81A0CA554\" dataid=\"BB89F14F-D850-D262-EAA9-78B821C4BAC9\" master=\"99BE2DEB-B71C-B38F-22B9-78B81A0CDD82\" behaviour=\"0\" geometry=\"0\" styleclass=\".lanescope-link\" x=\"320.75\" y=\"712\" points=\"3,-117.05 1.25,-117.05 1.25,-29\" target=\"726CD328-14D6-F79C-B6C0-78B81A0C8D5A\"/>\n          <link id=\"39ABBD3A-FB0E-4A36-6088-78BC9CD0A43E\" dataid=\"B7BF7488-7EBB-C7AA-3580-78BC9CD276D2\" master=\"4549DB9F-3D8F-FC2F-7927-78BC9CD0DAFA\" behaviour=\"0\" geometry=\"0\" styleclass=\".lanescope-link\" x=\"201\" y=\"754\" points=\"3,-162.05 66.25,-162.05 66.25,-152\" target=\"AC4529D3-491B-1465-5B77-78BC9CD0F029\"/>\n          <link id=\"19E83F7B-906F-EF2B-ADE6-790EE8F347D2\" dataid=\"C9029B14-FD42-753D-DB03-790EE8F644EE\" master=\"CA1569CB-6F46-4D30-D361-790EE8F4D3AB\" behaviour=\"0\" geometry=\"0\" styleclass=\".lanescope-link\" x=\"194.3\" y=\"76\" points=\"-1,-13 70.7,-13 70.7,1.1\" target=\"91085053-B47A-E7D3-E3B9-790EE8F4212C\"/>\n          <link id=\"65414C50-4715-5E4D-C168-791C8E3066D9\" dataid=\"1D9B6EF8-07A6-B3BC-5908-791C8E320063\" master=\"A20D6DC9-1343-DE79-2DB0-791C8E309118\" behaviour=\"0\" geometry=\"0\" styleclass=\".lanescope-link\" x=\"319\" y=\"95.1\" points=\"0,0 0,31.5 1,31.5\" target=\"D5CF77A2-144F-76EC-6A33-791C8E300A83\"/>\n          <link id=\"90D33B27-8984-46C5-7A14-78BBA1B3F850\" dataid=\"ADB8BB46-470F-5A76-E8A9-78BBA1B5FC4F\" master=\"CE0EC47B-37B5-570C-49C9-78BBA1B3A53D\" behaviour=\"0\" geometry=\"0\" styleclass=\".lanescope-link\" x=\"199\" y=\"646.6\" points=\"6,-143.05 71.2,-143.05 71.2,-163\" target=\"7B7B9A8B-D411-00A0-F197-78BBA1B34ACE\"/>\n          <link id=\"0E1B5F88-FF9E-A34A-B200-791D3C25C633\" dataid=\"415C366D-E775-E492-E58B-791D3C26D4BF\" master=\"CD533CC0-B94F-7C71-41E9-791D3C25D13E\" behaviour=\"0\" geometry=\"0\" styleclass=\".lanescope-link\" x=\"194\" y=\"161\" points=\"0,0 66.25,0 66.25,0\" target=\"03BD6C7A-E8A6-9001-AB6B-791D3C259EA0\"/>\n          <link id=\"6AAC6975-95EB-0A26-4770-791D989D4D94\" dataid=\"68C7A678-521D-A4C4-A1FE-791D989F7144\" master=\"77254254-3D9D-EBFC-764B-791D989DCE4B\" behaviour=\"0\" geometry=\"0\" styleclass=\".lanescope-link\" x=\"323.25\" y=\"191.6\" points=\"0,0 0,25 3,25\" target=\"8BC5B18E-F6AD-D607-D1E4-791D989D2668\"/>\n          <link id=\"38BDB68A-83AA-91CF-05B3-79520B2BEE9E\" dataid=\"20D4ECAC-070E-9530-18A6-79520B2DD577\" master=\"A4BF7947-2882-E444-AE6A-79520B2B2C90\" behaviour=\"0\" geometry=\"0\" styleclass=\".lanescope-link\" x=\"326.05\" y=\"370.45\" points=\"0,0 0,23.5 4.95,23.5\" target=\"077A3A18-D322-886E-3005-79520B2BF0AD\"/>\n          <link id=\"2EE2C5D6-C67F-EB90-088F-795218DF3A88\" dataid=\"4A1508D3-0467-52A8-4433-795218E6CCC9\" master=\"CB73DD1D-69CB-40D2-646E-795218DF427E\" behaviour=\"0\" geometry=\"0\" styleclass=\".lanescope-link\" x=\"328\" y=\"449.95\" points=\"5.75,8 5.75,25.65 0,25.65\" target=\"43DFB22A-9F59-E205-700B-795218DFA555\"/>\n          <link id=\"AAA8D983-4B14-0C73-95C0-7957AB041760\" dataid=\"1443ACBB-E579-476A-5D74-7957AB066C6E\" master=\"B6E13A7C-0F31-E7E9-42E9-7957AB04CAFC\" behaviour=\"0\" geometry=\"0\" styleclass=\".lanescope-link\" x=\"200\" y=\"410\" points=\"0,12 48,12 48,2\" target=\"691156C9-4BAD-192D-E81A-7957AB040B4A\"/>\n        </links>\n        <sprites id=\"97820F67-3B85-C08C-9115-78B2A5818D9B\">\n          <sprite id=\"DFF1519B-E662-2239-5408-78B34E1F7CF0\" dataid=\"4A04C7EC-8DF2-42FA-2A98-794AA0FF9C2C\" annotation=\"673445AD-AD67-80DD-7777-78B418040B76\" dx=\"NaN\" dy=\"NaN\" box=\"264,32.1,119.85,63\" spriteid=\"Experimental Object\">\n            <anchor id=\"91085053-B47A-E7D3-E3B9-790EE8F4212C\" dx=\"1\" dy=\"45\" target=\"19E83F7B-906F-EF2B-ADE6-790EE8F347D2\"/>\n            <anchor id=\"83AFD6A0-8F17-9AD5-95BA-78B4180F0C3E\" dx=\"0\" dy=\"0\" target=\"673445AD-AD67-80DD-7777-78B418040B76\"/>\n            <anchor id=\"A20D6DC9-1343-DE79-2DB0-791C8E309118\" dx=\"55\" dy=\"63\" target=\"65414C50-4715-5E4D-C168-791C8E3066D9\"/>\n          </sprite>\n          <sprite id=\"F2E9789C-0676-7E11-E301-78B5C7270EEA\" dataid=\"77F06520-3A03-07D0-38D5-794AA100986F\" annotation=\"5FFB6DF2-80E2-5A7D-E885-78B5CF6385A7\" dx=\"NaN\" dy=\"NaN\" box=\"261.25,128.6,119.5,62.75\" spriteid=\"Activity\">\n            <anchor id=\"03BD6C7A-E8A6-9001-AB6B-791D3C259EA0\" dx=\"-1\" dy=\"32.4\" target=\"0E1B5F88-FF9E-A34A-B200-791D3C25C633\"/>\n            <anchor id=\"D5CF77A2-144F-76EC-6A33-791C8E300A83\" dx=\"58.75\" dy=\"-2\" target=\"65414C50-4715-5E4D-C168-791C8E3066D9\"/>\n            <anchor id=\"7F669E25-5DBB-24BA-C8ED-78B5CF69A57B\" dx=\"0\" dy=\"0\" target=\"5FFB6DF2-80E2-5A7D-E885-78B5CF6385A7\"/>\n            <anchor id=\"77254254-3D9D-EBFC-764B-791D989DCE4B\" dx=\"62\" dy=\"63\" target=\"6AAC6975-95EB-0A26-4770-791D989D4D94\"/>\n          </sprite>\n          <sprite id=\"2F5159C8-6BEA-DDE8-0619-78B63B8C42B3\" dataid=\"42AA8D1F-C3C5-0872-6C3C-794AA100A2B3\" annotation=\"318BE034-16DC-698F-0C77-78B6472499AA\" dx=\"NaN\" dy=\"NaN\" box=\"263.25,216.6,119.5,62.75\" spriteid=\"Activity\">\n            <anchor id=\"8BC5B18E-F6AD-D607-D1E4-791D989D2668\" dx=\"63\" dy=\"0\" target=\"6AAC6975-95EB-0A26-4770-791D989D4D94\"/>\n            <anchor id=\"D7125A79-A71C-855D-F380-78B690D88CED\" dx=\"59.75\" dy=\"31.35\" target=\"8B76C99A-EADD-CB84-1C5C-78B690D8E45E\"/>\n            <anchor id=\"1F5E5889-B55D-9566-77F9-78B64729C8A5\" dx=\"0\" dy=\"0\" target=\"318BE034-16DC-698F-0C77-78B6472499AA\"/>\n          </sprite>\n          <sprite id=\"4FA20054-2D27-18F6-2330-78B690D31E41\" dataid=\"2B918712-F542-DF28-4974-794AA1008913\" annotation=\"BBAEDB4C-FBB7-DB45-BEFB-78B69ACDEAA7\" dx=\"NaN\" dy=\"NaN\" box=\"264.05,308.45,119.85,63\" spriteid=\"Experimental Object\">\n            <anchor id=\"A4BF7947-2882-E444-AE6A-79520B2B2C90\" dx=\"62\" dy=\"62\" target=\"38BDB68A-83AA-91CF-05B3-79520B2BEE9E\"/>\n            <anchor id=\"7DBF3BF1-41EE-1958-9CE5-78B690D81DC3\" dx=\"59.95\" dy=\"31.5\" target=\"8B76C99A-EADD-CB84-1C5C-78B690D8E45E\"/>\n            <anchor id=\"7D5F4DCC-1B6D-E820-C9F7-78B69AD3AACD\" dx=\"0\" dy=\"0\" target=\"BBAEDB4C-FBB7-DB45-BEFB-78B69ACDEAA7\"/>\n          </sprite>\n          <sprite id=\"B979AC95-52F7-E99F-79C7-78B70D0DE64F\" dataid=\"FB5E8BDC-E7C5-4F2E-55A6-794AA1001143\" annotation=\"FB0B50E2-DA94-D8CF-0902-78B71855BE92\" dx=\"NaN\" dy=\"NaN\" box=\"244.2,475.6,162,59\" spriteid=\"Activity\">\n            <anchor id=\"7B7B9A8B-D411-00A0-F197-78BBA1B34ACE\" dx=\"26\" dy=\"8\" target=\"90D33B27-8984-46C5-7A14-78BBA1B3F850\"/>\n            <anchor id=\"8EE5990B-5120-4953-F518-78B7185CEFD1\" dx=\"0\" dy=\"0\" target=\"FB0B50E2-DA94-D8CF-0902-78B71855BE92\"/>\n            <anchor id=\"D9BFFCD3-90A0-0B39-E6A9-78B7A5817E8D\" dx=\"81\" dy=\"29.5\" target=\"C51B735D-D39F-97CB-FF4D-78B7A581BDEE\"/>\n            <anchor id=\"43DFB22A-9F59-E205-700B-795218DFA555\" dx=\"83.8\" dy=\"0\" target=\"2EE2C5D6-C67F-EB90-088F-795218DF3A88\"/>\n          </sprite>\n          <sprite id=\"866C1DBF-FC2E-C8FB-5971-78B7A57BD34E\" dataid=\"430BCC5E-1EE7-B885-8FF6-794AA1007816\" annotation=\"36956BDF-7695-4B12-2222-78B7AC89A75B\" dx=\"NaN\" dy=\"NaN\" box=\"263.25,563.6,121,62.75\" spriteid=\"Activity\">\n            <anchor id=\"99BE2DEB-B71C-B38F-22B9-78B81A0CDD82\" dx=\"60.5\" dy=\"31.35\" target=\"1F980322-F1E9-DB4F-C9CE-78B81A0CA554\"/>\n            <anchor id=\"7B26B4EB-2384-1FB6-91AB-78B7AC8F4802\" dx=\"0\" dy=\"0\" target=\"36956BDF-7695-4B12-2222-78B7AC89A75B\"/>\n            <anchor id=\"CADD2A6B-A27D-71CF-9CAC-78B7A581CE74\" dx=\"60.50000000000001\" dy=\"31.4\" target=\"C51B735D-D39F-97CB-FF4D-78B7A581BDEE\"/>\n            <anchor id=\"AC4529D3-491B-1465-5B77-78BC9CD0F029\" dx=\"4\" dy=\"38.4\" target=\"39ABBD3A-FB0E-4A36-6088-78BC9CD0A43E\"/>\n          </sprite>\n          <sprite id=\"E7DA4B1F-2D11-8A91-C8CC-7951F6450FE5\" dataid=\"15BEC8EC-2403-D713-739D-7951F64A5017\" annotation=\"1BDE3625-E77F-6A6F-4CFA-79522C3631BF\" dx=\"NaN\" dy=\"NaN\" box=\"241,394.95,168,62.75\" spriteid=\"Activity\">\n            <anchor id=\"077A3A18-D322-886E-3005-79520B2BF0AD\" dx=\"90.04518828451882\" dy=\"-1\" target=\"38BDB68A-83AA-91CF-05B3-79520B2BEE9E\"/>\n            <anchor id=\"CB73DD1D-69CB-40D2-646E-795218DF427E\" dx=\"92.78661087866108\" dy=\"63\" target=\"2EE2C5D6-C67F-EB90-088F-795218DF3A88\"/>\n            <anchor id=\"9EA98EDF-31B4-5FFF-F68F-79522C44A5F6\" dx=\"0\" dy=\"0\" target=\"1BDE3625-E77F-6A6F-4CFA-79522C3631BF\"/>\n            <anchor id=\"691156C9-4BAD-192D-E81A-7957AB040B4A\" dx=\"7.02928870292887\" dy=\"17.05\" target=\"AAA8D983-4B14-0C73-95C0-7957AB041760\"/>\n          </sprite>\n          <sprite id=\"D90CD077-51BE-C12E-678F-78BB84F3525C\" dataid=\"F67B8BBE-6A53-B0E3-4CCA-794AA100235A\" annotation=\"33DB63C2-D005-5A44-56B7-78BBF17F66D0\" dx=\"NaN\" dy=\"NaN\" box=\"179,465.95,25.049999999999997,76.3\" spriteid=\"Parameter Specification\">\n            <anchor id=\"D1B5C0BD-099B-2232-E4BF-78BBF185F70D\" dx=\"0\" dy=\"0\" target=\"33DB63C2-D005-5A44-56B7-78BBF17F66D0\"/>\n            <anchor id=\"CE0EC47B-37B5-570C-49C9-78BBA1B3A53D\" dx=\"26\" dy=\"37.6\" target=\"90D33B27-8984-46C5-7A14-78BBA1B3F850\"/>\n          </sprite>\n          <sprite id=\"D465C8EB-57E1-D1B6-435D-78BC55090D20\" dataid=\"87C683DA-12D3-1391-8A69-794AA1009880\" annotation=\"378DB40B-FE53-C180-C2FB-78BC5904D3D6\" dx=\"NaN\" dy=\"NaN\" box=\"177,564.95,25.049999999999997,76.3\" spriteid=\"Parameter Specification\">\n            <anchor id=\"4549DB9F-3D8F-FC2F-7927-78BC9CD0DAFA\" dx=\"27\" dy=\"27\" target=\"39ABBD3A-FB0E-4A36-6088-78BC9CD0A43E\"/>\n            <anchor id=\"2FC1C6A2-0685-49E7-50CB-78BC590AC4BB\" dx=\"0\" dy=\"0\" target=\"378DB40B-FE53-C180-C2FB-78BC5904D3D6\"/>\n          </sprite>\n          <sprite id=\"14C70219-FB94-D44F-0821-791D2F328CB4\" dataid=\"4AC9A56F-DF5E-39E8-96BC-794AA1007D17\" annotation=\"85C48DD1-E4E2-A81E-5D93-791D3FF3B2A7\" dx=\"NaN\" dy=\"NaN\" box=\"166,132,25.049999999999997,76.3\" spriteid=\"Parameter Specification\">\n            <anchor id=\"CD533CC0-B94F-7C71-41E9-791D3C25D13E\" dx=\"28\" dy=\"29\" target=\"0E1B5F88-FF9E-A34A-B200-791D3C25C633\"/>\n            <anchor id=\"D1EE648D-09CD-068B-59BA-791D3FFA1F18\" dx=\"0\" dy=\"0\" target=\"85C48DD1-E4E2-A81E-5D93-791D3FF3B2A7\"/>\n          </sprite>\n          <sprite id=\"E09190F0-34DB-8174-21ED-79578BA0A3BA\" dataid=\"9FA78264-8785-AFA2-48E1-79578BAEE8BD\" annotation=\"E3238DD6-A0A7-8343-4279-7957B0204EB1\" dx=\"NaN\" dy=\"NaN\" box=\"175,383,25.049999999999997,76.3\" spriteid=\"Parameter Specification\">\n            <anchor id=\"0F24487F-5D19-058E-6F5D-7957B02758F6\" dx=\"0\" dy=\"0\" target=\"E3238DD6-A0A7-8343-4279-7957B0204EB1\"/>\n            <anchor id=\"B6E13A7C-0F31-E7E9-42E9-7957AB04CAFC\" dx=\"25\" dy=\"39\" target=\"AAA8D983-4B14-0C73-95C0-7957AB041760\"/>\n          </sprite>\n          <sprite id=\"00A2C59A-C7D7-9598-559F-790EDD07191D\" dataid=\"0F04571A-D6E0-787F-BF69-794AA10068F9\" annotation=\"F496DCDB-716C-1E16-AFA9-790EEDA21105\" dx=\"NaN\" dy=\"NaN\" box=\"166.3,52,25.05,28.3\" spriteid=\"Constant Specification\">\n            <anchor id=\"1B38143D-FEB5-7CD8-723F-790EEDA8F038\" dx=\"0\" dy=\"0\" target=\"F496DCDB-716C-1E16-AFA9-790EEDA21105\"/>\n            <anchor id=\"CA1569CB-6F46-4D30-D361-790EE8F4D3AB\" dx=\"27\" dy=\"11\" target=\"19E83F7B-906F-EF2B-ADE6-790EE8F347D2\"/>\n          </sprite>\n          <sprite id=\"753B260A-35F5-C45D-42E3-78B81A04B708\" dataid=\"D8A55B6E-65BA-75FD-43B9-794AA1004864\" annotation=\"53B5F940-2CB5-03D3-F34B-78B842B5A4BA\" dx=\"NaN\" dy=\"NaN\" box=\"290,651.45,64,63.1\" spriteid=\"Measurement Specification\">\n            <anchor id=\"F430C836-941D-6C50-A0E7-78B842BD391A\" dx=\"0\" dy=\"0\" target=\"53B5F940-2CB5-03D3-F34B-78B842B5A4BA\"/>\n            <anchor id=\"726CD328-14D6-F79C-B6C0-78B81A0C8D5A\" dx=\"32\" dy=\"31.55\" target=\"1F980322-F1E9-DB4F-C9CE-78B81A0CA554\"/>\n          </sprite>\n        </sprites>\n        <annotations id=\"90825723-95AD-BE89-0ABB-78B2A581DD4C\">\n          <annotation id=\"673445AD-AD67-80DD-7777-78B418040B76\" master=\"83AFD6A0-8F17-9AD5-95BA-78B4180F0C3E\" dx=\"8.899999999999977\" dy=\"21\" box=\"272.9,53.1,100,16\" spriteid=\"annotation\"><![CDATA[Cell-Line]]></annotation>\n          <annotation id=\"F496DCDB-716C-1E16-AFA9-790EEDA21105\" master=\"1B38143D-FEB5-7CD8-723F-790EEDA8F038\" dx=\"-37.5\" dy=\"28.30000000000001\" box=\"128.8,80.3,100,16\" spriteid=\"annotation\"><![CDATA[cell-type]]></annotation>\n          <annotation id=\"5FFB6DF2-80E2-5A7D-E885-78B5CF6385A7\" master=\"7F669E25-5DBB-24BA-C8ED-78B5CF69A57B\" dx=\"6.75\" dy=\"18.75\" box=\"268,147.35,100,16\" spriteid=\"annotation\"><![CDATA[Transfection]]></annotation>\n          <annotation id=\"85C48DD1-E4E2-A81E-5D93-791D3FF3B2A7\" master=\"D1EE648D-09CD-068B-59BA-791D3FFA1F18\" dx=\"-108.5\" dy=\"12.300000000000011\" box=\"57.5,144.3,100,35.7\" spriteid=\"annotation\"><![CDATA[promoter-construct]]></annotation>\n          <annotation id=\"318BE034-16DC-698F-0C77-78B6472499AA\" master=\"1F5E5889-B55D-9566-77F9-78B64729C8A5\" dx=\"6.75\" dy=\"19.75\" box=\"270,236.35,100,23.25\" spriteid=\"annotation\"><![CDATA[Cell Lysing]]></annotation>\n          <annotation id=\"BBAEDB4C-FBB7-DB45-BEFB-78B69ACDEAA7\" master=\"7D5F4DCC-1B6D-E820-C9F7-78B69AD3AACD\" dx=\"8.899999999999977\" dy=\"16\" box=\"272.95,324.45,100,30\" spriteid=\"annotation\"><![CDATA[Lysate]]></annotation>\n          <annotation id=\"FB0B50E2-DA94-D8CF-0902-78B71855BE92\" master=\"8EE5990B-5120-4953-F518-78B7185CEFD1\" dx=\"-0.8499999999999659\" dy=\"15.549999999999956\" box=\"243.35,491.15,155,20\" spriteid=\"annotation\"><![CDATA[Immunoprecipitation]]></annotation>\n          <annotation id=\"33DB63C2-D005-5A44-56B7-78BBF17F66D0\" master=\"D1B5C0BD-099B-2232-E4BF-78BBF185F70D\" dx=\"-141\" dy=\"3.3000000000000114\" box=\"38,469.25,127.5,19.700000000000003\" spriteid=\"annotation\"><![CDATA[immunoprecipitate]]></annotation>\n          <annotation id=\"53B5F940-2CB5-03D3-F34B-78B842B5A4BA\" master=\"F430C836-941D-6C50-A0E7-78B842BD391A\" dx=\"-108\" dy=\"10.100000000000025\" box=\"182,661.55,100,40.45\" spriteid=\"annotation\"><![CDATA[protein-concentration]]></annotation>\n          <annotation id=\"378DB40B-FE53-C180-C2FB-78BC5904D3D6\" master=\"2FC1C6A2-0685-49E7-50CB-78BC590AC4BB\" dx=\"-112.5\" dy=\"1.3000000000000114\" box=\"64.5,566.25,100,46.7\" spriteid=\"annotation\"><![CDATA[primary-antibody]]></annotation>\n          <annotation id=\"E3238DD6-A0A7-8343-4279-7957B0204EB1\" master=\"0F24487F-5D19-058E-6F5D-7957B02758F6\" dx=\"-95.5\" dy=\"6.300000000000011\" box=\"79.5,389.3,100,39.7\" spriteid=\"annotation\"><![CDATA[blocking-peptide]]></annotation>\n          <annotation id=\"1BDE3625-E77F-6A6F-4CFA-79522C3631BF\" master=\"9EA98EDF-31B4-5FFF-F68F-79522C44A5F6\" dx=\"13.707112970711297\" dy=\"7.75\" box=\"254.7,402.7,140.3,34.25\" spriteid=\"annotation\"><![CDATA[DNA-Binding Blocking Reaction]]></annotation>\n          <annotation id=\"36956BDF-7695-4B12-2222-78B7AC89A75B\" master=\"7B26B4EB-2384-1FB6-91AB-78B7AC8F4802\" dx=\"4.800000000000011\" dy=\"12.75\" box=\"268.05,576.35,109.95,36.65\" spriteid=\"annotation\"><![CDATA[Western\rBlot]]></annotation>\n        </annotations>\n      </lane>\n      <links id=\"B7F89C45-B289-8DEA-7D19-78B2A58131B8\"/>\n      <annotations id=\"649A418C-9F74-BB70-D074-78B2A5813F09\"/>\n    </panel>\n    <links id=\"C73AA95D-2530-67D0-FA39-78B2A581D58C\"/>\n    <annotations id=\"06224632-CEE2-619F-86DD-78B2A5815401\"/>\n  </panels>\n</diagram>","dateTime":"Thu Jan 1 19:50:22 GMT-0800 2015","source":"11777939-Fig1C"}