{"designUid":"3F78C9AA-5648-0009-0DC1-A803F28D4AC0","type":"Mutate_Tfx_Incubate_IP_WB","modelName":"11777939-Fig8C","citeKey":"11777939-Fig8C","edges":[{"start":"CCE84139-F097-9B75-C54F-A803F28D1901","_type":"KefedLink","uid":"965835BC-5323-9DB5-3A05-78B699B9F646","end":"2F332E29-AB89-5C25-6F7E-A803F28D8314"},{"start":"2F332E29-AB89-5C25-6F7E-A803F28D8314","_type":"KefedLink","uid":"5D94C0CE-A643-8EAD-64A8-78B716BA88A9","end":"4EC7F6E0-3CD2-3938-E7B4-A803F28D18D5"},{"start":"4EC7F6E0-3CD2-3938-E7B4-A803F28D18D5","_type":"KefedLink","uid":"199E68D5-79C8-2EEC-452B-78B7AB0F8C93","end":"DBF8BBEC-7639-D12D-89CF-A803F28DDA46"},{"start":"DBF8BBEC-7639-D12D-89CF-A803F28DDA46","_type":"KefedLink","uid":"BB89F14F-D850-D262-EAA9-78B821C4BAC9","end":"A2AD1065-CAC9-1BAA-821C-A803F28DAB19"},{"start":"7F736B7B-6336-C40B-BE07-A803F28DB593","_type":"KefedLink","uid":"ADB8BB46-470F-5A76-E8A9-78BBA1B5FC4F","end":"4EC7F6E0-3CD2-3938-E7B4-A803F28D18D5"},{"start":"DEEB7A8A-959D-EE69-86C5-A803F28DA212","_type":"KefedLink","uid":"B7BF7488-7EBB-C7AA-3580-78BC9CD276D2","end":"DBF8BBEC-7639-D12D-89CF-A803F28DDA46"},{"start":"CFF6BFC0-FF51-74BF-117E-A803F28DBAEF","_type":"KefedLink","uid":"1D9B6EF8-07A6-B3BC-5908-791C8E320063","end":"CB4931A3-F590-37D2-0CFA-A803F28D369F"},{"start":"72BDE80A-D516-78B9-35EB-A803F28D5998","_type":"KefedLink","uid":"415C366D-E775-E492-E58B-791D3C26D4BF","end":"CB4931A3-F590-37D2-0CFA-A803F28D369F"},{"start":"CB4931A3-F590-37D2-0CFA-A803F28D369F","_type":"KefedLink","uid":"E4684EF2-B68D-A0C3-82A2-88B7D70EBC2F","end":"5F0FAAAC-93AF-A58E-5761-A803F28D95CA"},{"start":"5F0FAAAC-93AF-A58E-5761-A803F28D95CA","_type":"KefedLink","uid":"AF23B4CE-D83C-03B1-23FF-88B7D71678A6","end":"CCE84139-F097-9B75-C54F-A803F28D1901"},{"start":"4994EC3C-1AFB-3064-20E0-A803F28DB9B1","_type":"KefedLink","uid":"B72FAA1D-6E77-AFAE-2390-88B8ADFE1DF1","end":"5F0FAAAC-93AF-A58E-5761-A803F28D95CA"},{"start":"E83E7014-A23B-E4BD-5686-A804C4FD6A33","_type":"KefedLink","uid":"724D0A46-E67C-60D0-28C3-A80519DBFFDB","end":"CFF6BFC0-FF51-74BF-117E-A803F28DBAEF"}],"uid":"96EAE332-5D28-C161-39E5-A80930C3EAA5","nodes":[{"_type":"KefedObject","compositions":0,"spriteid":"Experimental Object","nameValue":"Cell-Line","ontologyIds":[],"did":"DFF1519B-E662-2239-5408-78B34E1F7CF0","type":"sprite","master":"","uid":"CFF6BFC0-FF51-74BF-117E-A803F28DBAEF","dataTable":[],"notes":null},{"_type":"KefedObject","compositions":0,"spriteid":"Activity","nameValue":"Transfection","ontologyIds":[],"did":"F2E9789C-0676-7E11-E301-78B5C7270EEA","type":"sprite","master":"","uid":"CB4931A3-F590-37D2-0CFA-A803F28D369F","dataTable":[],"notes":null},{"_type":"KefedObject","compositions":0,"spriteid":"Activity","nameValue":"Cell Lysing","ontologyIds":[],"did":"2F5159C8-6BEA-DDE8-0619-78B63B8C42B3","type":"sprite","master":"","uid":"CCE84139-F097-9B75-C54F-A803F28D1901","dataTable":[],"notes":null},{"_type":"KefedObject","compositions":0,"spriteid":"Experimental Object","nameValue":"Lysate","ontologyIds":[],"did":"4FA20054-2D27-18F6-2330-78B690D31E41","type":"sprite","master":"","uid":"2F332E29-AB89-5C25-6F7E-A803F28D8314","dataTable":[],"notes":null},{"_type":"KefedObject","compositions":0,"spriteid":"Activity","nameValue":"Immunoprecipitation","ontologyIds":[],"did":"B979AC95-52F7-E99F-79C7-78B70D0DE64F","type":"sprite","master":"","uid":"4EC7F6E0-3CD2-3938-E7B4-A803F28D18D5","dataTable":[],"notes":null},{"_type":"KefedObject","compositions":0,"spriteid":"Activity","nameValue":"Western\rBlot","ontologyIds":[],"did":"866C1DBF-FC2E-C8FB-5971-78B7A57BD34E","type":"sprite","master":"","uid":"DBF8BBEC-7639-D12D-89CF-A803F28DDA46","dataTable":[],"notes":null},{"spriteid":"Measurement Specification","nameValue":"protein-concentration","did":"753B260A-35F5-C45D-42E3-78B81A04B708","master":"","ontologyIds":[],"valueType":{"maximumValue":"","multipleSlotFields":[],"orderedValues":false,"nameValue":"","allowedUnits":[],"valueTypeName":"Text","allowedPatterns":[],"allowedValues":[],"_type":"KefedFullValueTemplate","allowFreeValueInput":true,"termLookupFunction":"","allowFreeUnitInput":true,"minimumValue":"","allowFreePatternInput":false},"_type":"KefedObject","compositions":0,"uid":"A2AD1065-CAC9-1BAA-821C-A803F28DAB19","type":"sprite","notes":null,"dataTable":[]},{"spriteid":"Parameter Specification","nameValue":"immunoprecipitate","did":"D90CD077-51BE-C12E-678F-78BB84F3525C","master":"","ontologyIds":[],"valueType":{"maximumValue":"","multipleSlotFields":[{"_type":"KefedFieldTemplate","notes":null,"ontologyIds":[],"nameValue":"molecule","uid":"C368D153-92AA-4CDF-9D3A-A803F28D21BA","valueType":{"maximumValue":"","orderedValues":false,"nameValue":"","allowedUnits":[],"valueTypeName":"Text","allowedPatterns":[],"allowedValues":[],"_type":"KefedBaseValueTemplate","allowFreeValueInput":true,"termLookupFunction":"","allowFreeUnitInput":true,"minimumValue":"","allowFreePatternInput":false}},{"_type":"KefedFieldTemplate","notes":null,"ontologyIds":[],"nameValue":"fragment-start-pos","uid":"608B8B06-2457-E0F1-C86C-A803F28D2AFB","valueType":{"maximumValue":"","orderedValues":false,"nameValue":"","allowedUnits":[],"valueTypeName":"Integer","allowedPatterns":[],"allowedValues":[],"_type":"KefedBaseValueTemplate","allowFreeValueInput":true,"termLookupFunction":"","allowFreeUnitInput":true,"minimumValue":"","allowFreePatternInput":false}},{"_type":"KefedFieldTemplate","notes":null,"ontologyIds":[],"nameValue":"fragment-end-pos","uid":"CE49D5B7-513E-1A69-5713-A803F28D58CA","valueType":{"maximumValue":"","orderedValues":false,"nameValue":"","allowedUnits":[],"valueTypeName":"Integer","allowedPatterns":[],"allowedValues":[],"_type":"KefedBaseValueTemplate","allowFreeValueInput":true,"termLookupFunction":"","allowFreeUnitInput":true,"minimumValue":"","allowFreePatternInput":false}}],"orderedValues":false,"nameValue":"","allowedUnits":[],"valueTypeName":"Text","allowedPatterns":[],"allowedValues":[],"_type":"KefedFullValueTemplate","allowFreeValueInput":true,"termLookupFunction":"","allowFreeUnitInput":true,"minimumValue":"","allowFreePatternInput":false},"_type":"KefedObject","compositions":0,"uid":"7F736B7B-6336-C40B-BE07-A803F28DB593","type":"sprite","notes":null,"dataTable":[]},{"spriteid":"Parameter Specification","nameValue":"primary-antibody","did":"D465C8EB-57E1-D1B6-435D-78BC55090D20","master":"","ontologyIds":[],"valueType":{"maximumValue":"","multipleSlotFields":[],"orderedValues":false,"nameValue":"","allowedUnits":[],"valueTypeName":"Text","allowedPatterns":[],"allowedValues":[],"_type":"KefedFullValueTemplate","allowFreeValueInput":true,"termLookupFunction":"","allowFreeUnitInput":true,"minimumValue":"","allowFreePatternInput":false},"_type":"KefedObject","compositions":0,"uid":"DEEB7A8A-959D-EE69-86C5-A803F28DA212","type":"sprite","notes":null,"dataTable":[]},{"spriteid":"Parameter Specification","nameValue":"promoter-construct","did":"14C70219-FB94-D44F-0821-791D2F328CB4","master":"","ontologyIds":[],"valueType":{"maximumValue":"","multipleSlotFields":[{"_type":"KefedFieldTemplate","notes":null,"ontologyIds":[],"nameValue":"molecule","uid":"749DBC54-61D4-20A9-7A7F-A803F28D7C8D","valueType":{"maximumValue":"","orderedValues":false,"nameValue":"","allowedUnits":[],"valueTypeName":"Text","allowedPatterns":[],"allowedValues":[],"_type":"KefedBaseValueTemplate","allowFreeValueInput":true,"termLookupFunction":"","allowFreeUnitInput":true,"minimumValue":"","allowFreePatternInput":false}},{"_type":"KefedFieldTemplate","notes":null,"ontologyIds":[],"nameValue":"fragment-start-pos","uid":"2C34AA40-A129-E807-3AE3-A803F28D67BB","valueType":{"maximumValue":"","orderedValues":false,"nameValue":"","allowedUnits":[],"valueTypeName":"Integer","allowedPatterns":[],"allowedValues":[],"_type":"KefedBaseValueTemplate","allowFreeValueInput":true,"termLookupFunction":"","allowFreeUnitInput":true,"minimumValue":"","allowFreePatternInput":false}},{"_type":"KefedFieldTemplate","notes":null,"ontologyIds":[],"nameValue":"fragment-end-pos","uid":"90DE6B3A-87AE-1BC2-518B-A803F28D9FB2","valueType":{"maximumValue":"","orderedValues":false,"nameValue":"","allowedUnits":[],"valueTypeName":"Integer","allowedPatterns":[],"allowedValues":[],"_type":"KefedBaseValueTemplate","allowFreeValueInput":true,"termLookupFunction":"","allowFreeUnitInput":true,"minimumValue":"","allowFreePatternInput":false}}],"orderedValues":false,"nameValue":"","allowedUnits":[],"valueTypeName":"Text","allowedPatterns":[],"allowedValues":[],"_type":"KefedFullValueTemplate","allowFreeValueInput":true,"termLookupFunction":"","allowFreeUnitInput":true,"minimumValue":"","allowFreePatternInput":false},"_type":"KefedObject","compositions":0,"uid":"72BDE80A-D516-78B9-35EB-A803F28D5998","type":"sprite","notes":null,"dataTable":[]},{"_type":"KefedObject","compositions":0,"spriteid":"Activity","nameValue":"Incubation","ontologyIds":[],"did":"F8F0E310-FB9B-035A-6492-88B7CE03B3F6","type":"sprite","master":"","uid":"5F0FAAAC-93AF-A58E-5761-A803F28D95CA","dataTable":[],"notes":null},{"spriteid":"Parameter Specification","nameValue":"reagent","did":"74A2B83A-AD64-8525-3ABE-88B8478AC27E","master":"","ontologyIds":[],"valueType":{"maximumValue":"","multipleSlotFields":[],"orderedValues":false,"nameValue":"","allowedUnits":[],"valueTypeName":"Text","allowedPatterns":[],"allowedValues":[],"_type":"KefedFullValueTemplate","allowFreeValueInput":true,"termLookupFunction":"","allowFreeUnitInput":true,"minimumValue":"","allowFreePatternInput":false},"_type":"KefedObject","compositions":0,"uid":"4994EC3C-1AFB-3064-20E0-A803F28DB9B1","type":"sprite","notes":null,"dataTable":[]},{"spriteid":"Parameter Specification","nameValue":"modified-cell-type","did":"54058CA1-C61B-CE20-F80A-A804C4F52F44","master":"","ontologyIds":[],"valueType":{"maximumValue":"","multipleSlotFields":[{"_type":"KefedFieldTemplate","notes":null,"ontologyIds":[],"nameValue":"cell-type","uid":"CF259E26-85DA-B56D-E785-A805F0978F38","valueType":{"maximumValue":"","orderedValues":false,"nameValue":"","allowedUnits":[],"valueTypeName":"Text","allowedPatterns":[],"allowedValues":[],"_type":"KefedBaseValueTemplate","allowFreeValueInput":true,"termLookupFunction":"","allowFreeUnitInput":true,"minimumValue":"","allowFreePatternInput":true}},{"_type":"KefedFieldTemplate","notes":null,"ontologyIds":[],"nameValue":"gene","uid":"F462788F-2B96-E0AF-D242-A80606E0C6C3","valueType":{"maximumValue":"","orderedValues":false,"nameValue":"","allowedUnits":[],"valueTypeName":"Text","allowedPatterns":[],"allowedValues":[],"_type":"KefedBaseValueTemplate","allowFreeValueInput":true,"termLookupFunction":"","allowFreeUnitInput":true,"minimumValue":"","allowFreePatternInput":true}},{"_type":"KefedFieldTemplate","notes":null,"ontologyIds":[],"nameValue":"modification","uid":"17C9EDC5-4F02-1745-1CFC-A806132BD0D9","valueType":{"maximumValue":"","orderedValues":false,"nameValue":"","allowedUnits":[],"valueTypeName":"Text List","allowedPatterns":[],"allowedValues":["+/+","+/-","-/+","-/-"],"_type":"KefedBaseValueTemplate","allowFreeValueInput":true,"termLookupFunction":"","allowFreeUnitInput":true,"minimumValue":"","allowFreePatternInput":true}}],"orderedValues":false,"nameValue":"","allowedUnits":[],"valueTypeName":"Table","allowedPatterns":[],"allowedValues":[],"_type":"KefedFullValueTemplate","allowFreeValueInput":true,"termLookupFunction":"","allowFreeUnitInput":true,"minimumValue":"","allowFreePatternInput":true},"_type":"KefedObject","compositions":0,"uid":"E83E7014-A23B-E4BD-5686-A804C4FD6A33","type":"sprite","notes":null,"dataTable":[]}],"experimentData":{"A2AD1065-CAC9-1BAA-821C-A803F28DAB19":[{"4994EC3C-1AFB-3064-20E0-A803F28DB9B1":"control","E83E7014-A23B-E4BD-5686-A804C4FD6A33":{"17C9EDC5-4F02-1745-1CFC-A806132BD0D9":"-/-","CF259E26-85DA-B56D-E785-A805F0978F38":"mouse embryo fibroblasts","F462788F-2B96-E0AF-D242-A80606E0C6C3":"eps8"},"A2AD1065-CAC9-1BAA-821C-A803F28DAB19":"6/7: high","72BDE80A-D516-78B9-35EB-A803F28D5998":"eps8-myc","DEEB7A8A-959D-EE69-86C5-A803F28DA212":"Sos-1","mx_internal_uid":"8DA992DE-F08E-5BFD-D90C-A811E1040F36","7F736B7B-6336-C40B-BE07-A803F28DB593":"lysate"},{"4994EC3C-1AFB-3064-20E0-A803F28DB9B1":"PDGF","E83E7014-A23B-E4BD-5686-A804C4FD6A33":{"17C9EDC5-4F02-1745-1CFC-A806132BD0D9":"-/-","CF259E26-85DA-B56D-E785-A805F0978F38":"mouse embryo fibroblasts","F462788F-2B96-E0AF-D242-A80606E0C6C3":"eps8"},"A2AD1065-CAC9-1BAA-821C-A803F28DAB19":"6/7: high","72BDE80A-D516-78B9-35EB-A803F28D5998":"eps8-myc","DEEB7A8A-959D-EE69-86C5-A803F28DA212":"Sos-1","mx_internal_uid":"F9842233-D831-5408-F78A-A811E12CC7A5","7F736B7B-6336-C40B-BE07-A803F28DB593":"lysate"},{"4994EC3C-1AFB-3064-20E0-A803F28DB9B1":"control","E83E7014-A23B-E4BD-5686-A804C4FD6A33":{"17C9EDC5-4F02-1745-1CFC-A806132BD0D9":"-/-","CF259E26-85DA-B56D-E785-A805F0978F38":"mouse embryo fibroblasts","F462788F-2B96-E0AF-D242-A80606E0C6C3":"eps8"},"A2AD1065-CAC9-1BAA-821C-A803F28DAB19":"0/7: none","72BDE80A-D516-78B9-35EB-A803F28D5998":"eps8-myc","DEEB7A8A-959D-EE69-86C5-A803F28DA212":"Sos-1","mx_internal_uid":"C3C1C662-5FC7-1270-F6E5-A811E12FDCE6","7F736B7B-6336-C40B-BE07-A803F28DB593":"control"},{"4994EC3C-1AFB-3064-20E0-A803F28DB9B1":"control","E83E7014-A23B-E4BD-5686-A804C4FD6A33":{"17C9EDC5-4F02-1745-1CFC-A806132BD0D9":"-/-","CF259E26-85DA-B56D-E785-A805F0978F38":"mouse embryo fibroblasts","F462788F-2B96-E0AF-D242-A80606E0C6C3":"eps8"},"A2AD1065-CAC9-1BAA-821C-A803F28DAB19":"1/7: very low","72BDE80A-D516-78B9-35EB-A803F28D5998":"eps8-myc","DEEB7A8A-959D-EE69-86C5-A803F28DA212":"Sos-1","mx_internal_uid":"D1EC655F-B572-C401-4994-A811E133F717","7F736B7B-6336-C40B-BE07-A803F28DB593":"myc"},{"4994EC3C-1AFB-3064-20E0-A803F28DB9B1":"PDGF","E83E7014-A23B-E4BD-5686-A804C4FD6A33":{"17C9EDC5-4F02-1745-1CFC-A806132BD0D9":"-/-","CF259E26-85DA-B56D-E785-A805F0978F38":"mouse embryo fibroblasts","F462788F-2B96-E0AF-D242-A80606E0C6C3":"eps8"},"A2AD1065-CAC9-1BAA-821C-A803F28DAB19":"1/7: very low","72BDE80A-D516-78B9-35EB-A803F28D5998":"eps8-myc","DEEB7A8A-959D-EE69-86C5-A803F28DA212":"Sos-1","mx_internal_uid":"528E8E8A-0CAF-2447-E811-A811E137BC32","7F736B7B-6336-C40B-BE07-A803F28DB593":"myc"},{"4994EC3C-1AFB-3064-20E0-A803F28DB9B1":"control","E83E7014-A23B-E4BD-5686-A804C4FD6A33":{"17C9EDC5-4F02-1745-1CFC-A806132BD0D9":"-/-","CF259E26-85DA-B56D-E785-A805F0978F38":"mouse embryo fibroblasts","F462788F-2B96-E0AF-D242-A80606E0C6C3":"eps8"},"A2AD1065-CAC9-1BAA-821C-A803F28DAB19":"6/7: high","72BDE80A-D516-78B9-35EB-A803F28D5998":"eps8-myc","DEEB7A8A-959D-EE69-86C5-A803F28DA212":"E3b1","mx_internal_uid":"2E7E693B-8C3C-0B5A-F571-A811E13B9963","7F736B7B-6336-C40B-BE07-A803F28DB593":"lysate"},{"4994EC3C-1AFB-3064-20E0-A803F28DB9B1":"PDGF","E83E7014-A23B-E4BD-5686-A804C4FD6A33":{"17C9EDC5-4F02-1745-1CFC-A806132BD0D9":"-/-","CF259E26-85DA-B56D-E785-A805F0978F38":"mouse embryo fibroblasts","F462788F-2B96-E0AF-D242-A80606E0C6C3":"eps8"},"A2AD1065-CAC9-1BAA-821C-A803F28DAB19":"6/7: high","72BDE80A-D516-78B9-35EB-A803F28D5998":"eps8-myc","DEEB7A8A-959D-EE69-86C5-A803F28DA212":"E3b1","mx_internal_uid":"0FD034C7-E5DD-A54D-BE19-A811E13F952C","7F736B7B-6336-C40B-BE07-A803F28DB593":"lysate"},{"4994EC3C-1AFB-3064-20E0-A803F28DB9B1":"control","E83E7014-A23B-E4BD-5686-A804C4FD6A33":{"17C9EDC5-4F02-1745-1CFC-A806132BD0D9":"-/-","CF259E26-85DA-B56D-E785-A805F0978F38":"mouse embryo fibroblasts","F462788F-2B96-E0AF-D242-A80606E0C6C3":"eps8"},"A2AD1065-CAC9-1BAA-821C-A803F28DAB19":"0/7: none","72BDE80A-D516-78B9-35EB-A803F28D5998":"eps8-myc","DEEB7A8A-959D-EE69-86C5-A803F28DA212":"E3b1","mx_internal_uid":"C27C8F13-CEFF-1B2A-7405-A811E14B1DF6","7F736B7B-6336-C40B-BE07-A803F28DB593":"control"},{"4994EC3C-1AFB-3064-20E0-A803F28DB9B1":"control","E83E7014-A23B-E4BD-5686-A804C4FD6A33":{"17C9EDC5-4F02-1745-1CFC-A806132BD0D9":"-/-","CF259E26-85DA-B56D-E785-A805F0978F38":"mouse embryo fibroblasts","F462788F-2B96-E0AF-D242-A80606E0C6C3":"eps8"},"A2AD1065-CAC9-1BAA-821C-A803F28DAB19":"6/7: high","72BDE80A-D516-78B9-35EB-A803F28D5998":"eps8-myc","DEEB7A8A-959D-EE69-86C5-A803F28DA212":"E3b1","mx_internal_uid":"E677FBFC-52CA-6A42-FC52-A811E14F0DC8","7F736B7B-6336-C40B-BE07-A803F28DB593":"myc"},{"4994EC3C-1AFB-3064-20E0-A803F28DB9B1":"PDGF","E83E7014-A23B-E4BD-5686-A804C4FD6A33":{"17C9EDC5-4F02-1745-1CFC-A806132BD0D9":"-/-","CF259E26-85DA-B56D-E785-A805F0978F38":"mouse embryo fibroblasts","F462788F-2B96-E0AF-D242-A80606E0C6C3":"eps8"},"A2AD1065-CAC9-1BAA-821C-A803F28DAB19":"6/7: high","72BDE80A-D516-78B9-35EB-A803F28D5998":"eps8-myc","DEEB7A8A-959D-EE69-86C5-A803F28DA212":"E3b1","mx_internal_uid":"F3156DF7-67A1-AF86-CCD0-A811E1531F43","7F736B7B-6336-C40B-BE07-A803F28DB593":"myc"},{"4994EC3C-1AFB-3064-20E0-A803F28DB9B1":"control","E83E7014-A23B-E4BD-5686-A804C4FD6A33":{"17C9EDC5-4F02-1745-1CFC-A806132BD0D9":"-/-","CF259E26-85DA-B56D-E785-A805F0978F38":"mouse embryo fibroblasts","F462788F-2B96-E0AF-D242-A80606E0C6C3":"eps8"},"A2AD1065-CAC9-1BAA-821C-A803F28DAB19":"4/7: moderate","72BDE80A-D516-78B9-35EB-A803F28D5998":"eps8-myc","DEEB7A8A-959D-EE69-86C5-A803F28DA212":"myc","mx_internal_uid":"AAE6A16B-5E22-B9B8-517F-A811E1575ABC","7F736B7B-6336-C40B-BE07-A803F28DB593":"lysate"},{"4994EC3C-1AFB-3064-20E0-A803F28DB9B1":"PDGF","E83E7014-A23B-E4BD-5686-A804C4FD6A33":{"17C9EDC5-4F02-1745-1CFC-A806132BD0D9":"-/-","CF259E26-85DA-B56D-E785-A805F0978F38":"mouse embryo fibroblasts","F462788F-2B96-E0AF-D242-A80606E0C6C3":"eps8"},"A2AD1065-CAC9-1BAA-821C-A803F28DAB19":"4/7: moderate","72BDE80A-D516-78B9-35EB-A803F28D5998":"eps8-myc","DEEB7A8A-959D-EE69-86C5-A803F28DA212":"myc","mx_internal_uid":"7EB5AD49-8D29-0EF5-06E8-A811E15B7AE6","7F736B7B-6336-C40B-BE07-A803F28DB593":"lysate"},{"4994EC3C-1AFB-3064-20E0-A803F28DB9B1":"control","E83E7014-A23B-E4BD-5686-A804C4FD6A33":{"17C9EDC5-4F02-1745-1CFC-A806132BD0D9":"-/-","CF259E26-85DA-B56D-E785-A805F0978F38":"mouse embryo fibroblasts","F462788F-2B96-E0AF-D242-A80606E0C6C3":"eps8"},"A2AD1065-CAC9-1BAA-821C-A803F28DAB19":"0/7: none","72BDE80A-D516-78B9-35EB-A803F28D5998":"eps8-myc","DEEB7A8A-959D-EE69-86C5-A803F28DA212":"myc","mx_internal_uid":"59461195-0418-1BCF-2A1D-A811E15F1E3B","7F736B7B-6336-C40B-BE07-A803F28DB593":"control"},{"4994EC3C-1AFB-3064-20E0-A803F28DB9B1":"control","E83E7014-A23B-E4BD-5686-A804C4FD6A33":{"17C9EDC5-4F02-1745-1CFC-A806132BD0D9":"-/-","CF259E26-85DA-B56D-E785-A805F0978F38":"mouse embryo fibroblasts","F462788F-2B96-E0AF-D242-A80606E0C6C3":"eps8"},"A2AD1065-CAC9-1BAA-821C-A803F28DAB19":"7/7: very high","72BDE80A-D516-78B9-35EB-A803F28D5998":"eps8-myc","DEEB7A8A-959D-EE69-86C5-A803F28DA212":"myc","mx_internal_uid":"C503A3B2-6842-D2DC-F244-A811E1632FE9","7F736B7B-6336-C40B-BE07-A803F28DB593":"myc"},{"4994EC3C-1AFB-3064-20E0-A803F28DB9B1":"PDGF","E83E7014-A23B-E4BD-5686-A804C4FD6A33":{"17C9EDC5-4F02-1745-1CFC-A806132BD0D9":"-/-","CF259E26-85DA-B56D-E785-A805F0978F38":"mouse embryo fibroblasts","F462788F-2B96-E0AF-D242-A80606E0C6C3":"eps8"},"A2AD1065-CAC9-1BAA-821C-A803F28DAB19":"7/7: very high","72BDE80A-D516-78B9-35EB-A803F28D5998":"eps8-myc","DEEB7A8A-959D-EE69-86C5-A803F28DA212":"myc","7F736B7B-6336-C40B-BE07-A803F28DB593":"myc"}]},"_type":"KefedExperiment","description":"","kefedVersion":"2.0","diagramXML":"<diagram version=\"0\" width=\"2879\" height=\"2879\" id=\"763ED148-E7F3-705B-6502-78B2A5814AF7\">\n  <columns id=\"9EBAA77A-0695-1C85-BED8-78B2A5816E1C\" multicolumn=\"false\">\n    <column id=\"79A41F92-E438-694F-5A01-78B2A5811B1E\" width=\"2817\" height=\"30\" title=\"Default column\"/>\n    <column id=\"3C1FF556-5D8D-D501-81AE-78B33A0757DE\" width=\"80\" height=\"30\" title=\"Default column\"/>\n    <column id=\"B9A5FD4C-5072-CAE9-F93D-790B332BEF61\" width=\"80\" height=\"30\" title=\"Default column\"/>\n    <column id=\"5E976005-5475-C96E-ECB5-791BEA35651F\" width=\"80\" height=\"30\" title=\"Default column\"/>\n    <column id=\"6AC18DA9-0A13-5A90-7460-791ED295BD9D\" width=\"80\" height=\"30\" title=\"Default column\"/>\n    <column id=\"2678AE3D-88E0-30D3-A325-797EDB9ED621\" width=\"80\" height=\"30\" title=\"Default column\"/>\n    <column id=\"4FAFF106-C2BC-CD96-E4E3-887B5AA85044\" width=\"80\" height=\"30\" title=\"Default column\"/>\n    <column id=\"A54719A5-EE46-FA66-E193-88B5979C9567\" width=\"80\" height=\"30\" title=\"Default column\"/>\n    <column id=\"1C0AC181-D536-9A95-14D5-88C0C307C3D5\" width=\"80\" height=\"30\" title=\"Default column\"/>\n    <column id=\"CC5E1511-39A6-462B-84C9-A8048E8355D4\" width=\"80\" height=\"30\" title=\"Default column\"/>\n    <column id=\"26D01DB4-9A83-87D8-D611-A80750CFBF84\" width=\"80\" height=\"30\" title=\"Default column\"/>\n    <column id=\"CE9C3812-82D7-B34E-08AE-A809CFCE99F1\" width=\"80\" height=\"30\" title=\"Default column\"/>\n  </columns>\n  <panels id=\"1FA1B5C8-4194-5F7D-AC26-78B2A58171EE\" multipanel=\"false\">\n    <panel id=\"B6A21531-A056-009A-6310-78B2A581C5D2\" height=\"2879\" title=\"KO_Transfect_IP_WB\">\n      <lane id=\"E6F2BB19-0507-F848-30A3-78B2A581CE35\" height=\"2879\" title=\"Mutate_Tfx_Incubate_IP_WB\">\n        <links id=\"07B16B61-0816-17C3-B755-78B2A581CCE7\">\n          <link id=\"8B76C99A-EADD-CB84-1C5C-78B690D8E45E\" dataid=\"965835BC-5323-9DB5-3A05-78B699B9F646\" master=\"D7125A79-A71C-855D-F380-78B690D88CED\" behaviour=\"0\" geometry=\"0\" styleclass=\".lanescope-link\" x=\"319\" y=\"470\" points=\"1,-172.05 2,-172.05 2,-85.05\" target=\"7DBF3BF1-41EE-1958-9CE5-78B690D81DC3\"/>\n          <link id=\"EF7593BD-93E0-C222-8253-78B70D12D0D0\" dataid=\"5D94C0CE-A643-8EAD-64A8-78B716BA88A9\" master=\"9EFDB32A-4680-9E77-19D2-78B70D12112D\" behaviour=\"0\" geometry=\"0\" styleclass=\".lanescope-link\" x=\"318.95\" y=\"538\" points=\"2,-153.05 3.25,-153.05 3.25,-72.9\" target=\"355D3AC9-6EEF-37E6-64FC-78B70D12FDBA\"/>\n          <link id=\"C51B735D-D39F-97CB-FF4D-78B7A581BDEE\" dataid=\"199E68D5-79C8-2EEC-452B-78B7AB0F8C93\" master=\"D9BFFCD3-90A0-0B39-E6A9-78B7A5817E8D\" behaviour=\"0\" geometry=\"0\" styleclass=\".lanescope-link\" x=\"319.2\" y=\"623\" points=\"3,-157.9 1.55,-157.9 1.55,-68\" target=\"CADD2A6B-A27D-71CF-9CAC-78B7A581CE74\"/>\n          <link id=\"1F980322-F1E9-DB4F-C9CE-78B81A0CA554\" dataid=\"BB89F14F-D850-D262-EAA9-78B821C4BAC9\" master=\"99BE2DEB-B71C-B38F-22B9-78B81A0CDD82\" behaviour=\"0\" geometry=\"0\" styleclass=\".lanescope-link\" x=\"320.75\" y=\"712\" points=\"0,-157.05 -1.75,-157.05 -1.75,-69\" target=\"726CD328-14D6-F79C-B6C0-78B81A0C8D5A\"/>\n          <link id=\"39ABBD3A-FB0E-4A36-6088-78BC9CD0A43E\" dataid=\"B7BF7488-7EBB-C7AA-3580-78BC9CD276D2\" master=\"4549DB9F-3D8F-FC2F-7927-78BC9CD0DAFA\" behaviour=\"0\" geometry=\"0\" styleclass=\".lanescope-link\" x=\"201\" y=\"754\" points=\"0,-202.05 63.25,-202.05 63.25,-192\" target=\"AC4529D3-491B-1465-5B77-78BC9CD0F029\"/>\n          <link id=\"65414C50-4715-5E4D-C168-791C8E3066D9\" dataid=\"1D9B6EF8-07A6-B3BC-5908-791C8E320063\" master=\"A20D6DC9-1343-DE79-2DB0-791C8E309118\" behaviour=\"0\" geometry=\"0\" styleclass=\".lanescope-link\" x=\"319\" y=\"95.1\" points=\"0,-18 0,4.5 1,4.5\" target=\"D5CF77A2-144F-76EC-6A33-791C8E300A83\"/>\n          <link id=\"90D33B27-8984-46C5-7A14-78BBA1B3F850\" dataid=\"ADB8BB46-470F-5A76-E8A9-78BBA1B5FC4F\" master=\"CE0EC47B-37B5-570C-49C9-78BBA1B3A53D\" behaviour=\"0\" geometry=\"0\" styleclass=\".lanescope-link\" x=\"199\" y=\"646.6\" points=\"3,-183.05 68.2,-183.05 68.2,-203\" target=\"7B7B9A8B-D411-00A0-F197-78BBA1B34ACE\"/>\n          <link id=\"46B7EEE8-E273-A03D-54C4-88B7D70D82CA\" dataid=\"E4684EF2-B68D-A0C3-82A2-88B7D70EBC2F\" master=\"1C6F2705-921A-B33C-A3BD-88B7D70DBEC3\" behaviour=\"0\" geometry=\"0\" styleclass=\".lanescope-link\" x=\"321\" y=\"132.95\" points=\"0,0 3.75,0 3.75,76.75\" target=\"EEA47BB4-8B1B-E59A-845B-88B7D70D50BE\"/>\n          <link id=\"11A75821-B513-170C-9C92-88B7D70F91AD\" dataid=\"AF23B4CE-D83C-03B1-23FF-88B7D71678A6\" master=\"51FCDB0B-01D2-7558-F5C1-88B7D70F9BB6\" behaviour=\"0\" geometry=\"0\" styleclass=\".lanescope-link\" x=\"320\" y=\"209.7\" points=\"4.75,0 0,0 0,88.25\" target=\"85719FEB-B0D9-39F0-93C5-88B7D70FF358\"/>\n          <link id=\"0E1B5F88-FF9E-A34A-B200-791D3C25C633\" dataid=\"415C366D-E775-E492-E58B-791D3C26D4BF\" master=\"CD533CC0-B94F-7C71-41E9-791D3C25D13E\" behaviour=\"0\" geometry=\"0\" styleclass=\".lanescope-link\" x=\"194\" y=\"161\" points=\"-3,-34 96.25,-34 96.25,-27\" target=\"03BD6C7A-E8A6-9001-AB6B-791D3C259EA0\"/>\n          <link id=\"1ACB1429-CF4B-2595-337B-88B8ADFDD276\" dataid=\"B72FAA1D-6E77-AFAE-2390-88B8ADFE1DF1\" master=\"230BF245-0DA3-1A96-FB32-88B8ADFD01A8\" behaviour=\"0\" geometry=\"0\" styleclass=\".lanescope-link\" x=\"196\" y=\"203\" points=\"0,0 68,0 68,0\" target=\"47296C7F-BDB3-0CB2-4DEA-88B8ADFDAD5A\"/>\n          <link id=\"01FD7EF8-ECFF-BED9-4FED-A80519D76405\" dataid=\"724D0A46-E67C-60D0-28C3-A80519DBFFDB\" master=\"C3D4E1E4-04D0-276E-BBE0-A80519D82A01\" behaviour=\"0\" geometry=\"0\" styleclass=\".lanescope-link\" x=\"155.65\" y=\"48\" points=\"66,0 108.35,0 108.35,3.1\" target=\"BB04AB5E-FC3A-1D58-AE89-A80519D8B3F6\"/>\n        </links>\n        <sprites id=\"97820F67-3B85-C08C-9115-78B2A5818D9B\">\n          <sprite id=\"DFF1519B-E662-2239-5408-78B34E1F7CF0\" dataid=\"CFF6BFC0-FF51-74BF-117E-A803F28DBAEF\" annotation=\"673445AD-AD67-80DD-7777-78B418040B76\" dx=\"NaN\" dy=\"NaN\" box=\"264,14.1,119.85,63\" spriteid=\"Experimental Object\">\n            <anchor id=\"83AFD6A0-8F17-9AD5-95BA-78B4180F0C3E\" dx=\"0\" dy=\"0\" target=\"673445AD-AD67-80DD-7777-78B418040B76\"/>\n            <anchor id=\"A20D6DC9-1343-DE79-2DB0-791C8E309118\" dx=\"55\" dy=\"63\" target=\"65414C50-4715-5E4D-C168-791C8E3066D9\"/>\n            <anchor id=\"BB04AB5E-FC3A-1D58-AE89-A80519D8B3F6\" dx=\"0\" dy=\"37\" target=\"01FD7EF8-ECFF-BED9-4FED-A80519D76405\"/>\n          </sprite>\n          <sprite id=\"F2E9789C-0676-7E11-E301-78B5C7270EEA\" dataid=\"CB4931A3-F590-37D2-0CFA-A803F28D369F\" annotation=\"5FFB6DF2-80E2-5A7D-E885-78B5CF6385A7\" dx=\"NaN\" dy=\"NaN\" box=\"261.25,101.6,119.5,62.75\" spriteid=\"Activity\">\n            <anchor id=\"7F669E25-5DBB-24BA-C8ED-78B5CF69A57B\" dx=\"0\" dy=\"0\" target=\"5FFB6DF2-80E2-5A7D-E885-78B5CF6385A7\"/>\n            <anchor id=\"03BD6C7A-E8A6-9001-AB6B-791D3C259EA0\" dx=\"29\" dy=\"32.4\" target=\"0E1B5F88-FF9E-A34A-B200-791D3C25C633\"/>\n            <anchor id=\"D5CF77A2-144F-76EC-6A33-791C8E300A83\" dx=\"58.75\" dy=\"-2\" target=\"65414C50-4715-5E4D-C168-791C8E3066D9\"/>\n            <anchor id=\"1C6F2705-921A-B33C-A3BD-88B7D70DBEC3\" dx=\"59.75\" dy=\"31.35\" target=\"46B7EEE8-E273-A03D-54C4-88B7D70D82CA\"/>\n          </sprite>\n          <sprite id=\"866C1DBF-FC2E-C8FB-5971-78B7A57BD34E\" dataid=\"DBF8BBEC-7639-D12D-89CF-A803F28DDA46\" annotation=\"36956BDF-7695-4B12-2222-78B7AC89A75B\" dx=\"NaN\" dy=\"NaN\" box=\"260.25,523.6,121,62.75\" spriteid=\"Activity\">\n            <anchor id=\"7B26B4EB-2384-1FB6-91AB-78B7AC8F4802\" dx=\"0\" dy=\"0\" target=\"36956BDF-7695-4B12-2222-78B7AC89A75B\"/>\n            <anchor id=\"CADD2A6B-A27D-71CF-9CAC-78B7A581CE74\" dx=\"60.50000000000001\" dy=\"31.4\" target=\"C51B735D-D39F-97CB-FF4D-78B7A581BDEE\"/>\n            <anchor id=\"AC4529D3-491B-1465-5B77-78BC9CD0F029\" dx=\"4\" dy=\"38.4\" target=\"39ABBD3A-FB0E-4A36-6088-78BC9CD0A43E\"/>\n            <anchor id=\"99BE2DEB-B71C-B38F-22B9-78B81A0CDD82\" dx=\"60.5\" dy=\"31.35\" target=\"1F980322-F1E9-DB4F-C9CE-78B81A0CA554\"/>\n          </sprite>\n          <sprite id=\"D465C8EB-57E1-D1B6-435D-78BC55090D20\" dataid=\"DEEB7A8A-959D-EE69-86C5-A803F28DA212\" annotation=\"378DB40B-FE53-C180-C2FB-78BC5904D3D6\" dx=\"NaN\" dy=\"NaN\" box=\"174,524.95,25.049999999999997,76.3\" spriteid=\"Parameter Specification\">\n            <anchor id=\"4549DB9F-3D8F-FC2F-7927-78BC9CD0DAFA\" dx=\"27\" dy=\"27\" target=\"39ABBD3A-FB0E-4A36-6088-78BC9CD0A43E\"/>\n            <anchor id=\"2FC1C6A2-0685-49E7-50CB-78BC590AC4BB\" dx=\"0\" dy=\"0\" target=\"378DB40B-FE53-C180-C2FB-78BC5904D3D6\"/>\n          </sprite>\n          <sprite id=\"B979AC95-52F7-E99F-79C7-78B70D0DE64F\" dataid=\"4EC7F6E0-3CD2-3938-E7B4-A803F28D18D5\" annotation=\"FB0B50E2-DA94-D8CF-0902-78B71855BE92\" dx=\"NaN\" dy=\"NaN\" box=\"241.2,435.6,162,59\" spriteid=\"Activity\">\n            <anchor id=\"D9BFFCD3-90A0-0B39-E6A9-78B7A5817E8D\" dx=\"81\" dy=\"29.5\" target=\"C51B735D-D39F-97CB-FF4D-78B7A581BDEE\"/>\n            <anchor id=\"355D3AC9-6EEF-37E6-64FC-78B70D12FDBA\" dx=\"81\" dy=\"29.523505976095617\" target=\"EF7593BD-93E0-C222-8253-78B70D12D0D0\"/>\n            <anchor id=\"7B7B9A8B-D411-00A0-F197-78BBA1B34ACE\" dx=\"26\" dy=\"8\" target=\"90D33B27-8984-46C5-7A14-78BBA1B3F850\"/>\n            <anchor id=\"8EE5990B-5120-4953-F518-78B7185CEFD1\" dx=\"0\" dy=\"0\" target=\"FB0B50E2-DA94-D8CF-0902-78B71855BE92\"/>\n          </sprite>\n          <sprite id=\"4FA20054-2D27-18F6-2330-78B690D31E41\" dataid=\"2F332E29-AB89-5C25-6F7E-A803F28D8314\" annotation=\"BBAEDB4C-FBB7-DB45-BEFB-78B69ACDEAA7\" dx=\"NaN\" dy=\"NaN\" box=\"261.05,353.45,119.85,63\" spriteid=\"Experimental Object\">\n            <anchor id=\"7D5F4DCC-1B6D-E820-C9F7-78B69AD3AACD\" dx=\"0\" dy=\"0\" target=\"BBAEDB4C-FBB7-DB45-BEFB-78B69ACDEAA7\"/>\n            <anchor id=\"9EFDB32A-4680-9E77-19D2-78B70D12112D\" dx=\"59.9\" dy=\"31.5\" target=\"EF7593BD-93E0-C222-8253-78B70D12D0D0\"/>\n            <anchor id=\"7DBF3BF1-41EE-1958-9CE5-78B690D81DC3\" dx=\"59.95\" dy=\"31.5\" target=\"8B76C99A-EADD-CB84-1C5C-78B690D8E45E\"/>\n          </sprite>\n          <sprite id=\"2F5159C8-6BEA-DDE8-0619-78B63B8C42B3\" dataid=\"CCE84139-F097-9B75-C54F-A803F28D1901\" annotation=\"318BE034-16DC-698F-0C77-78B6472499AA\" dx=\"NaN\" dy=\"NaN\" box=\"260.25,266.6,119.5,62.75\" spriteid=\"Activity\">\n            <anchor id=\"1F5E5889-B55D-9566-77F9-78B64729C8A5\" dx=\"0\" dy=\"0\" target=\"318BE034-16DC-698F-0C77-78B6472499AA\"/>\n            <anchor id=\"D7125A79-A71C-855D-F380-78B690D88CED\" dx=\"59.75\" dy=\"31.35\" target=\"8B76C99A-EADD-CB84-1C5C-78B690D8E45E\"/>\n            <anchor id=\"85719FEB-B0D9-39F0-93C5-88B7D70FF358\" dx=\"59.75\" dy=\"31.35\" target=\"11A75821-B513-170C-9C92-88B7D70F91AD\"/>\n          </sprite>\n          <sprite id=\"F8F0E310-FB9B-035A-6492-88B7CE03B3F6\" dataid=\"5F0FAAAC-93AF-A58E-5761-A803F28D95CA\" annotation=\"F15883F6-8AC8-16F3-4456-88B7D0E8A165\" dx=\"NaN\" dy=\"NaN\" box=\"265,178.35,119.5,62.75\" spriteid=\"Activity\">\n            <anchor id=\"51FCDB0B-01D2-7558-F5C1-88B7D70F9BB6\" dx=\"59.75\" dy=\"31.35\" target=\"11A75821-B513-170C-9C92-88B7D70F91AD\"/>\n            <anchor id=\"47296C7F-BDB3-0CB2-4DEA-88B8ADFDAD5A\" dx=\"-1\" dy=\"24.65\" target=\"1ACB1429-CF4B-2595-337B-88B8ADFDD276\"/>\n            <anchor id=\"EEA47BB4-8B1B-E59A-845B-88B7D70D50BE\" dx=\"59.75\" dy=\"31.35\" target=\"46B7EEE8-E273-A03D-54C4-88B7D70D82CA\"/>\n            <anchor id=\"F76EFA0E-A8B5-AF54-FF21-88B7D0EE09E0\" dx=\"0\" dy=\"0\" target=\"F15883F6-8AC8-16F3-4456-88B7D0E8A165\"/>\n          </sprite>\n          <sprite id=\"74A2B83A-AD64-8525-3ABE-88B8478AC27E\" dataid=\"4994EC3C-1AFB-3064-20E0-A803F28DB9B1\" annotation=\"87A19402-72C3-561A-413A-88B84B940103\" dx=\"NaN\" dy=\"NaN\" box=\"168,180,25.049999999999997,76.3\" spriteid=\"Parameter Specification\">\n            <anchor id=\"230BF245-0DA3-1A96-FB32-88B8ADFD01A8\" dx=\"28\" dy=\"23\" target=\"1ACB1429-CF4B-2595-337B-88B8ADFDD276\"/>\n            <anchor id=\"3A81D72E-EC8E-B30D-EFBE-88B84B9B5405\" dx=\"0\" dy=\"0\" target=\"87A19402-72C3-561A-413A-88B84B940103\"/>\n          </sprite>\n          <sprite id=\"14C70219-FB94-D44F-0821-791D2F328CB4\" dataid=\"72BDE80A-D516-78B9-35EB-A803F28D5998\" annotation=\"85C48DD1-E4E2-A81E-5D93-791D3FF3B2A7\" dx=\"NaN\" dy=\"NaN\" box=\"166,91,25.049999999999997,76.3\" spriteid=\"Parameter Specification\">\n            <anchor id=\"CD533CC0-B94F-7C71-41E9-791D3C25D13E\" dx=\"25\" dy=\"36\" target=\"0E1B5F88-FF9E-A34A-B200-791D3C25C633\"/>\n            <anchor id=\"D1EE648D-09CD-068B-59BA-791D3FFA1F18\" dx=\"0\" dy=\"0\" target=\"85C48DD1-E4E2-A81E-5D93-791D3FF3B2A7\"/>\n          </sprite>\n          <sprite id=\"D90CD077-51BE-C12E-678F-78BB84F3525C\" dataid=\"7F736B7B-6336-C40B-BE07-A803F28DB593\" annotation=\"33DB63C2-D005-5A44-56B7-78BBF17F66D0\" dx=\"NaN\" dy=\"NaN\" box=\"176,425.95,25.049999999999997,76.3\" spriteid=\"Parameter Specification\">\n            <anchor id=\"CE0EC47B-37B5-570C-49C9-78BBA1B3A53D\" dx=\"26\" dy=\"37.6\" target=\"90D33B27-8984-46C5-7A14-78BBA1B3F850\"/>\n            <anchor id=\"D1B5C0BD-099B-2232-E4BF-78BBF185F70D\" dx=\"0\" dy=\"0\" target=\"33DB63C2-D005-5A44-56B7-78BBF17F66D0\"/>\n          </sprite>\n          <sprite id=\"54058CA1-C61B-CE20-F80A-A804C4F52F44\" dataid=\"E83E7014-A23B-E4BD-5686-A804C4FD6A33\" annotation=\"F6AECB3B-72F1-4954-BFC3-A804CA611CBF\" dx=\"NaN\" dy=\"NaN\" box=\"197.65,15,25.049999999999997,76.3\" spriteid=\"Parameter Specification\">\n            <anchor id=\"C3D4E1E4-04D0-276E-BBE0-A80519D82A01\" dx=\"24\" dy=\"33\" target=\"01FD7EF8-ECFF-BED9-4FED-A80519D76405\"/>\n            <anchor id=\"0A6AE1BD-FD2A-702D-8295-A804CA67FE8A\" dx=\"0\" dy=\"0\" target=\"F6AECB3B-72F1-4954-BFC3-A804CA611CBF\"/>\n          </sprite>\n          <sprite id=\"753B260A-35F5-C45D-42E3-78B81A04B708\" dataid=\"A2AD1065-CAC9-1BAA-821C-A803F28DAB19\" selected=\"true\" annotation=\"53B5F940-2CB5-03D3-F34B-78B842B5A4BA\" dx=\"NaN\" dy=\"NaN\" box=\"287,611.45,64,63.1\" spriteid=\"Measurement Specification\">\n            <anchor id=\"F430C836-941D-6C50-A0E7-78B842BD391A\" dx=\"0\" dy=\"0\" target=\"53B5F940-2CB5-03D3-F34B-78B842B5A4BA\"/>\n            <anchor id=\"726CD328-14D6-F79C-B6C0-78B81A0C8D5A\" dx=\"32\" dy=\"31.55\" target=\"1F980322-F1E9-DB4F-C9CE-78B81A0CA554\"/>\n          </sprite>\n        </sprites>\n        <annotations id=\"90825723-95AD-BE89-0ABB-78B2A581DD4C\">\n          <annotation id=\"673445AD-AD67-80DD-7777-78B418040B76\" master=\"83AFD6A0-8F17-9AD5-95BA-78B4180F0C3E\" dx=\"8.899999999999977\" dy=\"21\" box=\"272.9,35.1,100,16\" spriteid=\"annotation\"><![CDATA[Cell-Line]]></annotation>\n          <annotation id=\"5FFB6DF2-80E2-5A7D-E885-78B5CF6385A7\" master=\"7F669E25-5DBB-24BA-C8ED-78B5CF69A57B\" dx=\"6.75\" dy=\"18.75\" box=\"268,120.35,100,16\" spriteid=\"annotation\"><![CDATA[Transfection]]></annotation>\n          <annotation id=\"36956BDF-7695-4B12-2222-78B7AC89A75B\" master=\"7B26B4EB-2384-1FB6-91AB-78B7AC8F4802\" dx=\"4.800000000000011\" dy=\"12.75\" box=\"265.05,536.35,106.95,36.65\" spriteid=\"annotation\"><![CDATA[Western\rBlot]]></annotation>\n          <annotation id=\"53B5F940-2CB5-03D3-F34B-78B842B5A4BA\" master=\"F430C836-941D-6C50-A0E7-78B842BD391A\" dx=\"-108\" dy=\"10.100000000000025\" box=\"179,621.55,100,40.45\" spriteid=\"annotation\"><![CDATA[protein-concentration]]></annotation>\n          <annotation id=\"378DB40B-FE53-C180-C2FB-78BC5904D3D6\" master=\"2FC1C6A2-0685-49E7-50CB-78BC590AC4BB\" dx=\"-112.5\" dy=\"1.3000000000000114\" box=\"61.5,526.25,100,46.7\" spriteid=\"annotation\"><![CDATA[primary-antibody]]></annotation>\n          <annotation id=\"FB0B50E2-DA94-D8CF-0902-78B71855BE92\" master=\"8EE5990B-5120-4953-F518-78B7185CEFD1\" dx=\"-0.8499999999999659\" dy=\"15.549999999999956\" box=\"240.35,451.15,155,20\" spriteid=\"annotation\"><![CDATA[Immunoprecipitation]]></annotation>\n          <annotation id=\"33DB63C2-D005-5A44-56B7-78BBF17F66D0\" master=\"D1B5C0BD-099B-2232-E4BF-78BBF185F70D\" dx=\"-141\" dy=\"3.3000000000000114\" box=\"35,429.25,127.5,19.700000000000003\" spriteid=\"annotation\"><![CDATA[immunoprecipitate]]></annotation>\n          <annotation id=\"BBAEDB4C-FBB7-DB45-BEFB-78B69ACDEAA7\" master=\"7D5F4DCC-1B6D-E820-C9F7-78B69AD3AACD\" dx=\"8.899999999999977\" dy=\"16\" box=\"269.95,369.45,100,30\" spriteid=\"annotation\"><![CDATA[Lysate]]></annotation>\n          <annotation id=\"318BE034-16DC-698F-0C77-78B6472499AA\" master=\"1F5E5889-B55D-9566-77F9-78B64729C8A5\" dx=\"5.75\" dy=\"15.75\" box=\"266,282.35,100,23.25\" spriteid=\"annotation\"><![CDATA[Cell Lysing]]></annotation>\n          <annotation id=\"F15883F6-8AC8-16F3-4456-88B7D0E8A165\" master=\"F76EFA0E-A8B5-AF54-FF21-88B7D0EE09E0\" dx=\"11.75\" dy=\"17.75\" box=\"276.75,196.1,100,16\" spriteid=\"annotation\"><![CDATA[Incubation]]></annotation>\n          <annotation id=\"85C48DD1-E4E2-A81E-5D93-791D3FF3B2A7\" master=\"D1EE648D-09CD-068B-59BA-791D3FFA1F18\" dx=\"-108.5\" dy=\"12.300000000000011\" box=\"57.5,103.3,100,35.7\" spriteid=\"annotation\"><![CDATA[promoter-construct]]></annotation>\n          <annotation id=\"87A19402-72C3-561A-413A-88B84B940103\" master=\"3A81D72E-EC8E-B30D-EFBE-88B84B9B5405\" dx=\"-98.5\" dy=\"18.30000000000001\" box=\"69.5,198.3,100,16\" spriteid=\"annotation\"><![CDATA[reagent]]></annotation>\n          <annotation id=\"F6AECB3B-72F1-4954-BFC3-A804CA611CBF\" master=\"0A6AE1BD-FD2A-702D-8295-A804CA67FE8A\" dx=\"-86.5\" dy=\"18.299999999999997\" box=\"111.15,33.3,72,41.7\" spriteid=\"annotation\"><![CDATA[modified-cell-type]]></annotation>\n        </annotations>\n      </lane>\n      <links id=\"B7F89C45-B289-8DEA-7D19-78B2A58131B8\"/>\n      <annotations id=\"649A418C-9F74-BB70-D074-78B2A5813F09\"/>\n    </panel>\n    <links id=\"C73AA95D-2530-67D0-FA39-78B2A581D58C\"/>\n    <annotations id=\"06224632-CEE2-619F-86DD-78B2A5815401\"/>\n  </panels>\n</diagram>","dateTime":"Thu Jan 1 20:07:10 GMT-0800 2015","source":"11777939-Fig8C"}