{"designUid":"B2EB4579-884D-B323-A748-A332E850DA9D","type":"Retroviral_Ras_GTP","modelName":"11777939-Fig5C","citeKey":"11777939-Fig5C","edges":[{"start":"46BB0138-1D07-A06A-71CE-A332E8518D7B","_type":"KefedLink","uid":"965835BC-5323-9DB5-3A05-78B699B9F646","end":"8817EADC-9CB2-DF5F-12D4-A332E851C628"},{"start":"8817EADC-9CB2-DF5F-12D4-A332E851C628","_type":"KefedLink","uid":"5D94C0CE-A643-8EAD-64A8-78B716BA88A9","end":"64F44D9C-849A-CE3F-6320-A332E8517E92"},{"start":"64F44D9C-849A-CE3F-6320-A332E8517E92","_type":"KefedLink","uid":"199E68D5-79C8-2EEC-452B-78B7AB0F8C93","end":"52158033-DEA9-0302-4FA0-A332E851CAD3"},{"start":"52158033-DEA9-0302-4FA0-A332E851CAD3","_type":"KefedLink","uid":"BB89F14F-D850-D262-EAA9-78B821C4BAC9","end":"06375D16-A807-6D2D-60AB-A332E8510C9A"},{"start":"1C3C3A02-D838-DDBB-1601-A332E8523722","_type":"KefedLink","uid":"ADB8BB46-470F-5A76-E8A9-78BBA1B5FC4F","end":"64F44D9C-849A-CE3F-6320-A332E8517E92"},{"start":"EF9D1800-9AC6-1E7F-4347-A332E85244BC","_type":"KefedLink","uid":"B7BF7488-7EBB-C7AA-3580-78BC9CD276D2","end":"52158033-DEA9-0302-4FA0-A332E851CAD3"},{"start":"5265AE3C-28D7-4D50-F2E4-A332E852B8BC","_type":"KefedLink","uid":"C9029B14-FD42-753D-DB03-790EE8F644EE","end":"36C234C5-DFDF-66D4-02BB-A332E8503A28"},{"start":"36C234C5-DFDF-66D4-02BB-A332E8503A28","_type":"KefedLink","uid":"1D9B6EF8-07A6-B3BC-5908-791C8E320063","end":"88FA079C-D65F-7D4E-F43A-A332E8518B96"},{"start":"717143F7-659E-B23B-E6AB-A332E852DDAF","_type":"KefedLink","uid":"415C366D-E775-E492-E58B-791D3C26D4BF","end":"88FA079C-D65F-7D4E-F43A-A332E8518B96"},{"start":"88FA079C-D65F-7D4E-F43A-A332E8518B96","_type":"KefedLink","uid":"D95B500F-EC0F-D9E9-09B7-A30693CFAF76","end":"46BB0138-1D07-A06A-71CE-A332E8518D7B"},{"start":"8817EADC-9CB2-DF5F-12D4-A332E851C628","_type":"KefedLink","uid":"2194C643-91F3-1F16-7F58-A335115DF928","end":"D434EE94-92C9-5148-F164-A334FCC04B87"},{"start":"83405A4E-E762-7B08-61F3-A3374A08F9B5","_type":"KefedLink","uid":"7081C83C-3AEC-A2EA-8063-A3376B4A73C6","end":"D434EE94-92C9-5148-F164-A334FCC04B87"},{"start":"D434EE94-92C9-5148-F164-A334FCC04B87","_type":"KefedLink","uid":"875A8F7F-B017-40C5-DE99-A337C8D78490","end":"207BDC73-E0E0-7E18-7180-A337C8D6D259"}],"uid":"3A3CE739-1DD0-0F22-E137-A342BE39CEC3","nodes":[{"_type":"KefedObject","compositions":0,"spriteid":"Experimental Object","nameValue":"Cell-Line","ontologyIds":[],"did":"DFF1519B-E662-2239-5408-78B34E1F7CF0","type":"sprite","master":"","uid":"36C234C5-DFDF-66D4-02BB-A332E8503A28","dataTable":[],"notes":null},{"_type":"KefedObject","compositions":0,"spriteid":"Activity","nameValue":"Retroviral Vector Treatment","ontologyIds":[],"did":"F2E9789C-0676-7E11-E301-78B5C7270EEA","type":"sprite","master":"","uid":"88FA079C-D65F-7D4E-F43A-A332E8518B96","dataTable":[],"notes":null},{"_type":"KefedObject","compositions":0,"spriteid":"Activity","nameValue":"Cell Lysing","ontologyIds":[],"did":"2F5159C8-6BEA-DDE8-0619-78B63B8C42B3","type":"sprite","master":"","uid":"46BB0138-1D07-A06A-71CE-A332E8518D7B","dataTable":[],"notes":null},{"_type":"KefedObject","compositions":0,"spriteid":"Experimental Object","nameValue":"Lysate","ontologyIds":[],"did":"4FA20054-2D27-18F6-2330-78B690D31E41","type":"sprite","master":"","uid":"8817EADC-9CB2-DF5F-12D4-A332E851C628","dataTable":[],"notes":null},{"_type":"KefedObject","compositions":0,"spriteid":"Activity","nameValue":"Affinity Precipitation","ontologyIds":[],"did":"B979AC95-52F7-E99F-79C7-78B70D0DE64F","type":"sprite","master":"","uid":"64F44D9C-849A-CE3F-6320-A332E8517E92","dataTable":[],"notes":null},{"_type":"KefedObject","compositions":0,"spriteid":"Activity","nameValue":"Western\rBlot","ontologyIds":[],"did":"866C1DBF-FC2E-C8FB-5971-78B7A57BD34E","type":"sprite","master":"","uid":"52158033-DEA9-0302-4FA0-A332E851CAD3","dataTable":[],"notes":null},{"spriteid":"Measurement Specification","nameValue":"protein-concentration","did":"753B260A-35F5-C45D-42E3-78B81A04B708","master":"","ontologyIds":[],"valueType":{"maximumValue":"","multipleSlotFields":[],"orderedValues":false,"nameValue":"","allowedUnits":[],"valueTypeName":"Text","allowedPatterns":[],"allowedValues":[],"_type":"KefedFullValueTemplate","allowFreeValueInput":true,"termLookupFunction":"","allowFreeUnitInput":true,"minimumValue":"","allowFreePatternInput":true},"_type":"KefedObject","compositions":0,"uid":"06375D16-A807-6D2D-60AB-A332E8510C9A","type":"sprite","notes":null,"dataTable":[]},{"spriteid":"Parameter Specification","nameValue":"precipitate-target","did":"D90CD077-51BE-C12E-678F-78BB84F3525C","master":"","ontologyIds":[],"valueType":{"maximumValue":"","multipleSlotFields":[{"_type":"KefedFieldTemplate","notes":null,"ontologyIds":[],"nameValue":"molecule","uid":"92A4D4DC-FA1C-C04C-1582-A332E8525ADC","valueType":{"maximumValue":"","orderedValues":false,"nameValue":"","allowedUnits":[],"valueTypeName":"Text","allowedPatterns":[],"allowedValues":[],"_type":"KefedBaseValueTemplate","allowFreeValueInput":true,"termLookupFunction":"","allowFreeUnitInput":true,"minimumValue":"","allowFreePatternInput":true}},{"_type":"KefedFieldTemplate","notes":null,"ontologyIds":[],"nameValue":"fragment-start-pos","uid":"28A5B175-40AC-7BA2-CAE4-A332E852C4E0","valueType":{"maximumValue":"","orderedValues":false,"nameValue":"","allowedUnits":[],"valueTypeName":"Integer","allowedPatterns":[],"allowedValues":[],"_type":"KefedBaseValueTemplate","allowFreeValueInput":true,"termLookupFunction":"","allowFreeUnitInput":true,"minimumValue":"","allowFreePatternInput":true}},{"_type":"KefedFieldTemplate","notes":null,"ontologyIds":[],"nameValue":"fragment-end-pos","uid":"6A248075-C5C1-7AE3-39AE-A332E8527436","valueType":{"maximumValue":"","orderedValues":false,"nameValue":"","allowedUnits":[],"valueTypeName":"Integer","allowedPatterns":[],"allowedValues":[],"_type":"KefedBaseValueTemplate","allowFreeValueInput":true,"termLookupFunction":"","allowFreeUnitInput":true,"minimumValue":"","allowFreePatternInput":true}}],"orderedValues":false,"nameValue":"","allowedUnits":[],"valueTypeName":"Text","allowedPatterns":[],"allowedValues":[],"_type":"KefedFullValueTemplate","allowFreeValueInput":true,"termLookupFunction":"","allowFreeUnitInput":true,"minimumValue":"","allowFreePatternInput":true},"_type":"KefedObject","compositions":0,"uid":"1C3C3A02-D838-DDBB-1601-A332E8523722","type":"sprite","notes":null,"dataTable":[]},{"spriteid":"Parameter Specification","nameValue":"primary-antibody","did":"D465C8EB-57E1-D1B6-435D-78BC55090D20","master":"","ontologyIds":[],"valueType":{"maximumValue":"","multipleSlotFields":[],"orderedValues":false,"nameValue":"","allowedUnits":[],"valueTypeName":"Text","allowedPatterns":[],"allowedValues":[],"_type":"KefedFullValueTemplate","allowFreeValueInput":true,"termLookupFunction":"","allowFreeUnitInput":true,"minimumValue":"","allowFreePatternInput":true},"_type":"KefedObject","compositions":0,"uid":"EF9D1800-9AC6-1E7F-4347-A332E85244BC","type":"sprite","notes":null,"dataTable":[]},{"spriteid":"Constant Specification","nameValue":"mutated-cell-type","did":"00A2C59A-C7D7-9598-559F-790EDD07191D","master":"","ontologyIds":[],"valueType":{"maximumValue":"","multipleSlotFields":[{"_type":"KefedFieldTemplate","notes":null,"ontologyIds":[],"nameValue":"cell-type","uid":"C65C80B8-274B-20F1-818B-A33E9A7CD7DA","valueType":{"maximumValue":"","orderedValues":false,"nameValue":"","allowedUnits":[],"valueTypeName":"Text","allowedPatterns":[],"allowedValues":[],"_type":"KefedBaseValueTemplate","allowFreeValueInput":true,"termLookupFunction":"","allowFreeUnitInput":true,"minimumValue":"","allowFreePatternInput":false}},{"_type":"KefedFieldTemplate","notes":null,"ontologyIds":[],"nameValue":"gene","uid":"9A7BD313-E88E-86AD-7582-A33ED8DC5ED0","valueType":{"maximumValue":"","orderedValues":false,"nameValue":"","allowedUnits":[],"valueTypeName":"Text","allowedPatterns":[],"allowedValues":["+/+"],"_type":"KefedBaseValueTemplate","allowFreeValueInput":true,"termLookupFunction":"","allowFreeUnitInput":true,"minimumValue":"","allowFreePatternInput":false}},{"_type":"KefedFieldTemplate","notes":null,"ontologyIds":[],"nameValue":"mutation","uid":"79026F3B-A432-9AAD-1A9C-A33F2CBF7277","valueType":{"maximumValue":"","orderedValues":false,"nameValue":"","allowedUnits":[],"valueTypeName":"Text List","allowedPatterns":[],"allowedValues":["+/+","+/-","-/+","-/-"],"_type":"KefedBaseValueTemplate","allowFreeValueInput":true,"termLookupFunction":"","allowFreeUnitInput":true,"minimumValue":"","allowFreePatternInput":false}}],"orderedValues":false,"nameValue":"","allowedUnits":[],"valueTypeName":"Table","allowedPatterns":[],"allowedValues":[],"_type":"KefedFullValueTemplate","allowFreeValueInput":true,"termLookupFunction":"","allowFreeUnitInput":true,"minimumValue":"","allowFreePatternInput":false},"_type":"KefedObject","compositions":0,"uid":"5265AE3C-28D7-4D50-F2E4-A332E852B8BC","type":"sprite","notes":null,"dataTable":[]},{"spriteid":"Parameter Specification","nameValue":"viral-construct","did":"14C70219-FB94-D44F-0821-791D2F328CB4","master":"","ontologyIds":[],"valueType":{"maximumValue":"","multipleSlotFields":[{"_type":"KefedFieldTemplate","notes":null,"ontologyIds":[],"nameValue":"molecule","uid":"93FDF76F-872E-DC1C-DF41-A332E852FB05","valueType":{"maximumValue":"","orderedValues":false,"nameValue":"","allowedUnits":[],"valueTypeName":"Text","allowedPatterns":[],"allowedValues":[],"_type":"KefedBaseValueTemplate","allowFreeValueInput":true,"termLookupFunction":"","allowFreeUnitInput":true,"minimumValue":"","allowFreePatternInput":true}}],"orderedValues":false,"nameValue":"","allowedUnits":[],"valueTypeName":"Table","allowedPatterns":[],"allowedValues":[],"_type":"KefedFullValueTemplate","allowFreeValueInput":true,"termLookupFunction":"","allowFreeUnitInput":true,"minimumValue":"","allowFreePatternInput":true},"_type":"KefedObject","compositions":0,"uid":"717143F7-659E-B23B-E6AB-A332E852DDAF","type":"sprite","notes":null,"dataTable":[]},{"_type":"KefedObject","compositions":0,"spriteid":"Activity","nameValue":"Western Blot 2","ontologyIds":[],"did":"FC67552C-396E-6892-7D28-A334FCBBC6D5","type":"sprite","master":"","uid":"D434EE94-92C9-5148-F164-A334FCC04B87","dataTable":[],"notes":null},{"spriteid":"Parameter Specification","nameValue":"primary-antibody2","did":"809B963D-E823-35CA-221B-A3374A01ED57","master":"","ontologyIds":[],"valueType":{"maximumValue":"","multipleSlotFields":[],"orderedValues":false,"nameValue":"","allowedUnits":[],"valueTypeName":"Text","allowedPatterns":[],"allowedValues":[],"_type":"KefedFullValueTemplate","allowFreeValueInput":true,"termLookupFunction":"","allowFreeUnitInput":true,"minimumValue":"","allowFreePatternInput":true},"_type":"KefedObject","compositions":0,"uid":"83405A4E-E762-7B08-61F3-A3374A08F9B5","type":"sprite","notes":null,"dataTable":[]},{"spriteid":"Measurement Specification","nameValue":"protein-concentration-2","did":"8796ACFB-BF7A-96A7-F19A-A337C09C47CB","master":"","ontologyIds":[],"valueType":{"maximumValue":"","multipleSlotFields":[],"orderedValues":false,"nameValue":"","allowedUnits":[],"valueTypeName":"Text","allowedPatterns":[],"allowedValues":[],"_type":"KefedFullValueTemplate","allowFreeValueInput":true,"termLookupFunction":"","allowFreeUnitInput":true,"minimumValue":"","allowFreePatternInput":true},"_type":"KefedObject","compositions":0,"uid":"207BDC73-E0E0-7E18-7180-A337C8D6D259","type":"sprite","notes":null,"dataTable":[]}],"experimentData":{"06375D16-A807-6D2D-60AB-A332E8510C9A":[{"EF9D1800-9AC6-1E7F-4347-A332E85244BC":" Rac-GTP","5265AE3C-28D7-4D50-F2E4-A332E852B8BC":{"C65C80B8-274B-20F1-818B-A33E9A7CD7DA":"mouse embryo fibroblasts","9A7BD313-E88E-86AD-7582-A33ED8DC5ED0":"eps8","79026F3B-A432-9AAD-1A9C-A33F2CBF7277":"+/+"},"1C3C3A02-D838-DDBB-1601-A332E8523722":" GST-CRIB-PAK65","mx_internal_uid":"5BC21D8A-8CCF-5803-8C15-A349A0A139BD","06375D16-A807-6D2D-60AB-A332E8510C9A":"1/7: very low","717143F7-659E-B23B-E6AB-A332E852DDAF":{"93FDF76F-872E-DC1C-DF41-A332E852FB05":" control"}},{"EF9D1800-9AC6-1E7F-4347-A332E85244BC":" Rac-GTP","5265AE3C-28D7-4D50-F2E4-A332E852B8BC":{"C65C80B8-274B-20F1-818B-A33E9A7CD7DA":"mouse embryo fibroblasts","9A7BD313-E88E-86AD-7582-A33ED8DC5ED0":"eps8","79026F3B-A432-9AAD-1A9C-A33F2CBF7277":"+/+"},"1C3C3A02-D838-DDBB-1601-A332E8523722":" GST-CRIB-PAK65","mx_internal_uid":"9F055045-2A70-7F84-20DD-A349A0C3C8B9","06375D16-A807-6D2D-60AB-A332E8510C9A":"6/7: high","717143F7-659E-B23B-E6AB-A332E852DDAF":{"93FDF76F-872E-DC1C-DF41-A332E852FB05":" E3b1"}},{"EF9D1800-9AC6-1E7F-4347-A332E85244BC":" Rac-GTP","5265AE3C-28D7-4D50-F2E4-A332E852B8BC":{"C65C80B8-274B-20F1-818B-A33E9A7CD7DA":"mouse embryo fibroblasts","9A7BD313-E88E-86AD-7582-A33ED8DC5ED0":"eps8","79026F3B-A432-9AAD-1A9C-A33F2CBF7277":"+/+"},"1C3C3A02-D838-DDBB-1601-A332E8523722":" GST-CRIB-PAK65","mx_internal_uid":"93D87C48-1848-CCEC-1FAE-A349A0C77AD3","06375D16-A807-6D2D-60AB-A332E8510C9A":"1/7: very low","717143F7-659E-B23B-E6AB-A332E852DDAF":{"93FDF76F-872E-DC1C-DF41-A332E852FB05":" E3b1-DY"}},{"EF9D1800-9AC6-1E7F-4347-A332E85244BC":" Rac-GTP","5265AE3C-28D7-4D50-F2E4-A332E852B8BC":{"C65C80B8-274B-20F1-818B-A33E9A7CD7DA":"mouse embryo fibroblasts","9A7BD313-E88E-86AD-7582-A33ED8DC5ED0":"eps8","79026F3B-A432-9AAD-1A9C-A33F2CBF7277":"-/-"},"1C3C3A02-D838-DDBB-1601-A332E8523722":" GST-CRIB-PAK65","mx_internal_uid":"789899B2-10AC-6050-3081-A349A0CB4048","06375D16-A807-6D2D-60AB-A332E8510C9A":"1/7: very low","717143F7-659E-B23B-E6AB-A332E852DDAF":{"93FDF76F-872E-DC1C-DF41-A332E852FB05":" control"}},{"EF9D1800-9AC6-1E7F-4347-A332E85244BC":" Rac-GTP","5265AE3C-28D7-4D50-F2E4-A332E852B8BC":{"C65C80B8-274B-20F1-818B-A33E9A7CD7DA":"mouse embryo fibroblasts","9A7BD313-E88E-86AD-7582-A33ED8DC5ED0":"eps8","79026F3B-A432-9AAD-1A9C-A33F2CBF7277":"-/-"},"1C3C3A02-D838-DDBB-1601-A332E8523722":" GST-CRIB-PAK65","mx_internal_uid":"994D175E-A9B3-B527-1ACC-A349A0CFE3A8","06375D16-A807-6D2D-60AB-A332E8510C9A":"1/7: very low","717143F7-659E-B23B-E6AB-A332E852DDAF":{"93FDF76F-872E-DC1C-DF41-A332E852FB05":" E3b1"}},{"EF9D1800-9AC6-1E7F-4347-A332E85244BC":" Rac-GTP","5265AE3C-28D7-4D50-F2E4-A332E852B8BC":{"C65C80B8-274B-20F1-818B-A33E9A7CD7DA":"mouse embryo fibroblasts","9A7BD313-E88E-86AD-7582-A33ED8DC5ED0":"eps8","79026F3B-A432-9AAD-1A9C-A33F2CBF7277":"-/-"},"1C3C3A02-D838-DDBB-1601-A332E8523722":" GST-CRIB-PAK65","mx_internal_uid":"D148D663-CCA7-0B9C-42DF-A349A0D32AFD","06375D16-A807-6D2D-60AB-A332E8510C9A":"1/7: very low","717143F7-659E-B23B-E6AB-A332E852DDAF":{"93FDF76F-872E-DC1C-DF41-A332E852FB05":" E3b1-DY"}}],"207BDC73-E0E0-7E18-7180-A337C8D6D259":[{"207BDC73-E0E0-7E18-7180-A337C8D6D259":"6/7: high","5265AE3C-28D7-4D50-F2E4-A332E852B8BC":{"C65C80B8-274B-20F1-818B-A33E9A7CD7DA":"mouse embryo fibroblasts","9A7BD313-E88E-86AD-7582-A33ED8DC5ED0":"eps8","79026F3B-A432-9AAD-1A9C-A33F2CBF7277":"+/+"},"717143F7-659E-B23B-E6AB-A332E852DDAF":{"93FDF76F-872E-DC1C-DF41-A332E852FB05":" control"},"83405A4E-E762-7B08-61F3-A3374A08F9B5":"Rac","mx_internal_uid":"BF332EFC-9ABB-FD47-9CAE-A34CCF92E6CA"},{"207BDC73-E0E0-7E18-7180-A337C8D6D259":"6/7: high","5265AE3C-28D7-4D50-F2E4-A332E852B8BC":{"C65C80B8-274B-20F1-818B-A33E9A7CD7DA":"mouse embryo fibroblasts","9A7BD313-E88E-86AD-7582-A33ED8DC5ED0":"eps8","79026F3B-A432-9AAD-1A9C-A33F2CBF7277":"+/+"},"717143F7-659E-B23B-E6AB-A332E852DDAF":{"93FDF76F-872E-DC1C-DF41-A332E852FB05":" E3b1"},"83405A4E-E762-7B08-61F3-A3374A08F9B5":"Rac","mx_internal_uid":"E8F6E272-30D9-16B7-9713-A34CCFB43053"},{"207BDC73-E0E0-7E18-7180-A337C8D6D259":"6/7: high","5265AE3C-28D7-4D50-F2E4-A332E852B8BC":{"C65C80B8-274B-20F1-818B-A33E9A7CD7DA":"mouse embryo fibroblasts","9A7BD313-E88E-86AD-7582-A33ED8DC5ED0":"eps8","79026F3B-A432-9AAD-1A9C-A33F2CBF7277":"+/+"},"717143F7-659E-B23B-E6AB-A332E852DDAF":{"93FDF76F-872E-DC1C-DF41-A332E852FB05":" E3b1-DY"},"83405A4E-E762-7B08-61F3-A3374A08F9B5":"Rac","mx_internal_uid":"3B3BBDBC-DFA0-06C3-7F49-A34CCFB787FE"},{"207BDC73-E0E0-7E18-7180-A337C8D6D259":"6/7: high","5265AE3C-28D7-4D50-F2E4-A332E852B8BC":{"C65C80B8-274B-20F1-818B-A33E9A7CD7DA":"mouse embryo fibroblasts","9A7BD313-E88E-86AD-7582-A33ED8DC5ED0":"eps8","79026F3B-A432-9AAD-1A9C-A33F2CBF7277":"-/-"},"717143F7-659E-B23B-E6AB-A332E852DDAF":{"93FDF76F-872E-DC1C-DF41-A332E852FB05":" control"},"83405A4E-E762-7B08-61F3-A3374A08F9B5":"Rac","mx_internal_uid":"83747B32-AEDB-6ED3-038D-A34CCFBBF9AF"},{"207BDC73-E0E0-7E18-7180-A337C8D6D259":"6/7: high","5265AE3C-28D7-4D50-F2E4-A332E852B8BC":{"C65C80B8-274B-20F1-818B-A33E9A7CD7DA":"mouse embryo fibroblasts","9A7BD313-E88E-86AD-7582-A33ED8DC5ED0":"eps8","79026F3B-A432-9AAD-1A9C-A33F2CBF7277":"-/-"},"717143F7-659E-B23B-E6AB-A332E852DDAF":{"93FDF76F-872E-DC1C-DF41-A332E852FB05":" E3b1"},"83405A4E-E762-7B08-61F3-A3374A08F9B5":"Rac","mx_internal_uid":"2A27A0B9-E9D4-18AB-9D9D-A34CCFBFA50B"},{"207BDC73-E0E0-7E18-7180-A337C8D6D259":"6/7: high","5265AE3C-28D7-4D50-F2E4-A332E852B8BC":{"C65C80B8-274B-20F1-818B-A33E9A7CD7DA":"mouse embryo fibroblasts","9A7BD313-E88E-86AD-7582-A33ED8DC5ED0":"eps8","79026F3B-A432-9AAD-1A9C-A33F2CBF7277":"-/-"},"717143F7-659E-B23B-E6AB-A332E852DDAF":{"93FDF76F-872E-DC1C-DF41-A332E852FB05":" E3b1-DY"},"83405A4E-E762-7B08-61F3-A3374A08F9B5":"Rac","mx_internal_uid":"49CC070D-D7AC-E8F0-EEC9-A34CCFC33238"},{"207BDC73-E0E0-7E18-7180-A337C8D6D259":"6/7: high","5265AE3C-28D7-4D50-F2E4-A332E852B8BC":{"C65C80B8-274B-20F1-818B-A33E9A7CD7DA":"mouse embryo fibroblasts","9A7BD313-E88E-86AD-7582-A33ED8DC5ED0":"eps8","79026F3B-A432-9AAD-1A9C-A33F2CBF7277":"+/+"},"717143F7-659E-B23B-E6AB-A332E852DDAF":{"93FDF76F-872E-DC1C-DF41-A332E852FB05":" control"},"83405A4E-E762-7B08-61F3-A3374A08F9B5":"E3b1","mx_internal_uid":"0EA69690-E9E2-BC5B-032E-A34CCFC7345F"},{"207BDC73-E0E0-7E18-7180-A337C8D6D259":"7/7: very high","5265AE3C-28D7-4D50-F2E4-A332E852B8BC":{"C65C80B8-274B-20F1-818B-A33E9A7CD7DA":"mouse embryo fibroblasts","9A7BD313-E88E-86AD-7582-A33ED8DC5ED0":"eps8","79026F3B-A432-9AAD-1A9C-A33F2CBF7277":"+/+"},"717143F7-659E-B23B-E6AB-A332E852DDAF":{"93FDF76F-872E-DC1C-DF41-A332E852FB05":" E3b1"},"83405A4E-E762-7B08-61F3-A3374A08F9B5":"E3b1","mx_internal_uid":"E1EA03AD-5E1D-76A2-DBD6-A34CCFCB2708"},{"207BDC73-E0E0-7E18-7180-A337C8D6D259":"7/7: very high","5265AE3C-28D7-4D50-F2E4-A332E852B8BC":{"C65C80B8-274B-20F1-818B-A33E9A7CD7DA":"mouse embryo fibroblasts","9A7BD313-E88E-86AD-7582-A33ED8DC5ED0":"eps8","79026F3B-A432-9AAD-1A9C-A33F2CBF7277":"+/+"},"717143F7-659E-B23B-E6AB-A332E852DDAF":{"93FDF76F-872E-DC1C-DF41-A332E852FB05":" E3b1-DY"},"83405A4E-E762-7B08-61F3-A3374A08F9B5":"E3b1","mx_internal_uid":"C250A7DC-3C50-8AA2-FFC5-A34CCFCEED31"},{"207BDC73-E0E0-7E18-7180-A337C8D6D259":"6/7: high","5265AE3C-28D7-4D50-F2E4-A332E852B8BC":{"C65C80B8-274B-20F1-818B-A33E9A7CD7DA":"mouse embryo fibroblasts","9A7BD313-E88E-86AD-7582-A33ED8DC5ED0":"eps8","79026F3B-A432-9AAD-1A9C-A33F2CBF7277":"-/-"},"717143F7-659E-B23B-E6AB-A332E852DDAF":{"93FDF76F-872E-DC1C-DF41-A332E852FB05":" control"},"83405A4E-E762-7B08-61F3-A3374A08F9B5":"E3b1","mx_internal_uid":"2F7B567F-212E-1302-0FA1-A34CCFD3F660"},{"207BDC73-E0E0-7E18-7180-A337C8D6D259":"7/7: very high","5265AE3C-28D7-4D50-F2E4-A332E852B8BC":{"C65C80B8-274B-20F1-818B-A33E9A7CD7DA":"mouse embryo fibroblasts","9A7BD313-E88E-86AD-7582-A33ED8DC5ED0":"eps8","79026F3B-A432-9AAD-1A9C-A33F2CBF7277":"-/-"},"717143F7-659E-B23B-E6AB-A332E852DDAF":{"93FDF76F-872E-DC1C-DF41-A332E852FB05":" E3b1"},"83405A4E-E762-7B08-61F3-A3374A08F9B5":"E3b1","mx_internal_uid":"CBAF983D-7613-8939-8765-A34CCFD7D5B9"},{"207BDC73-E0E0-7E18-7180-A337C8D6D259":"7/7: very high","5265AE3C-28D7-4D50-F2E4-A332E852B8BC":{"C65C80B8-274B-20F1-818B-A33E9A7CD7DA":"mouse embryo fibroblasts","9A7BD313-E88E-86AD-7582-A33ED8DC5ED0":"eps8","79026F3B-A432-9AAD-1A9C-A33F2CBF7277":"-/-"},"717143F7-659E-B23B-E6AB-A332E852DDAF":{"93FDF76F-872E-DC1C-DF41-A332E852FB05":" E3b1-DY"},"83405A4E-E762-7B08-61F3-A3374A08F9B5":"E3b1","mx_internal_uid":"783D7ECC-628C-9B1B-14A4-A34CCFDD449D"}]},"_type":"KefedExperiment","description":"","kefedVersion":"2.0","diagramXML":"<diagram version=\"0\" width=\"2879\" height=\"2879\" id=\"763ED148-E7F3-705B-6502-78B2A5814AF7\">\n  <columns id=\"9EBAA77A-0695-1C85-BED8-78B2A5816E1C\" multicolumn=\"false\">\n    <column id=\"79A41F92-E438-694F-5A01-78B2A5811B1E\" width=\"2817\" height=\"30\" title=\"Default column\"/>\n    <column id=\"3C1FF556-5D8D-D501-81AE-78B33A0757DE\" width=\"80\" height=\"30\" title=\"Default column\"/>\n    <column id=\"B9A5FD4C-5072-CAE9-F93D-790B332BEF61\" width=\"80\" height=\"30\" title=\"Default column\"/>\n    <column id=\"5E976005-5475-C96E-ECB5-791BEA35651F\" width=\"80\" height=\"30\" title=\"Default column\"/>\n    <column id=\"6AC18DA9-0A13-5A90-7460-791ED295BD9D\" width=\"80\" height=\"30\" title=\"Default column\"/>\n    <column id=\"2678AE3D-88E0-30D3-A325-797EDB9ED621\" width=\"80\" height=\"30\" title=\"Default column\"/>\n    <column id=\"4FAFF106-C2BC-CD96-E4E3-887B5AA85044\" width=\"80\" height=\"30\" title=\"Default column\"/>\n    <column id=\"A54719A5-EE46-FA66-E193-88B5979C9567\" width=\"80\" height=\"30\" title=\"Default column\"/>\n    <column id=\"1C0AC181-D536-9A95-14D5-88C0C307C3D5\" width=\"80\" height=\"30\" title=\"Default column\"/>\n    <column id=\"83680896-E330-B6BC-6624-88E5990C21F5\" width=\"80\" height=\"30\" title=\"Default column\"/>\n    <column id=\"2887D0EB-A235-E50A-AD1B-88E8A6E506BC\" width=\"80\" height=\"30\" title=\"Default column\"/>\n    <column id=\"011546BD-9FA8-2E2B-46AA-A301C52E4018\" width=\"80\" height=\"30\" title=\"Default column\"/>\n    <column id=\"B0886A3A-8FEE-5BE8-F7C8-A333857DF1C9\" width=\"80\" height=\"30\" title=\"Default column\"/>\n    <column id=\"6B683AEF-31BC-93B2-B72C-A33D6C0CC200\" width=\"80\" height=\"30\" title=\"Default column\"/>\n    <column id=\"5F182A62-B7AA-E7D7-AC84-A3435DC5EDE8\" width=\"80\" height=\"30\" title=\"Default column\"/>\n  </columns>\n  <panels id=\"1FA1B5C8-4194-5F7D-AC26-78B2A58171EE\" multipanel=\"false\">\n    <panel id=\"B6A21531-A056-009A-6310-78B2A581C5D2\" height=\"2879\" title=\"2Tfx_IP_WB\">\n      <lane id=\"E6F2BB19-0507-F848-30A3-78B2A581CE35\" height=\"2879\" title=\"Retroviral_Ras_GTP\">\n        <links id=\"07B16B61-0816-17C3-B755-78B2A581CCE7\">\n          <link id=\"8B76C99A-EADD-CB84-1C5C-78B690D8E45E\" dataid=\"965835BC-5323-9DB5-3A05-78B699B9F646\" master=\"D7125A79-A71C-855D-F380-78B690D88CED\" behaviour=\"0\" geometry=\"0\" styleclass=\".lanescope-link\" x=\"319\" y=\"470\" points=\"8,-268.4 18,-268.4 18,-160.1\" target=\"7DBF3BF1-41EE-1958-9CE5-78B690D81DC3\"/>\n          <link id=\"EF7593BD-93E0-C222-8253-78B70D12D0D0\" dataid=\"5D94C0CE-A643-8EAD-64A8-78B716BA88A9\" master=\"9EFDB32A-4680-9E77-19D2-78B70D12112D\" behaviour=\"0\" geometry=\"0\" styleclass=\".lanescope-link\" x=\"318.95\" y=\"538\" points=\"9,-228.1 10.25,-228.1 10.25,-147.9\" target=\"355D3AC9-6EEF-37E6-64FC-78B70D12FDBA\"/>\n          <link id=\"C51B735D-D39F-97CB-FF4D-78B7A581BDEE\" dataid=\"199E68D5-79C8-2EEC-452B-78B7AB0F8C93\" master=\"D9BFFCD3-90A0-0B39-E6A9-78B7A5817E8D\" behaviour=\"0\" geometry=\"0\" styleclass=\".lanescope-link\" x=\"319.2\" y=\"623\" points=\"10,-232.9 13.55,-232.9 13.55,-132\" target=\"CADD2A6B-A27D-71CF-9CAC-78B7A581CE74\"/>\n          <link id=\"1F980322-F1E9-DB4F-C9CE-78B81A0CA554\" dataid=\"BB89F14F-D850-D262-EAA9-78B821C4BAC9\" master=\"99BE2DEB-B71C-B38F-22B9-78B81A0CDD82\" behaviour=\"0\" geometry=\"0\" styleclass=\".lanescope-link\" x=\"320.75\" y=\"712\" points=\"12,-221.05 10.25,-221.05 10.25,-133\" target=\"726CD328-14D6-F79C-B6C0-78B81A0C8D5A\"/>\n          <link id=\"39ABBD3A-FB0E-4A36-6088-78BC9CD0A43E\" dataid=\"B7BF7488-7EBB-C7AA-3580-78BC9CD276D2\" master=\"4549DB9F-3D8F-FC2F-7927-78BC9CD0DAFA\" behaviour=\"0\" geometry=\"0\" styleclass=\".lanescope-link\" x=\"201\" y=\"754\" points=\"12,-266.05 75.25,-266.05 75.25,-256\" target=\"AC4529D3-491B-1465-5B77-78BC9CD0F029\"/>\n          <link id=\"19E83F7B-906F-EF2B-ADE6-790EE8F347D2\" dataid=\"C9029B14-FD42-753D-DB03-790EE8F644EE\" master=\"CA1569CB-6F46-4D30-D361-790EE8F4D3AB\" behaviour=\"0\" geometry=\"0\" styleclass=\".lanescope-link\" x=\"194.3\" y=\"76\" points=\"-1,-33 70.7,-33 70.7,-16.9\" target=\"91085053-B47A-E7D3-E3B9-790EE8F4212C\"/>\n          <link id=\"65414C50-4715-5E4D-C168-791C8E3066D9\" dataid=\"1D9B6EF8-07A6-B3BC-5908-791C8E320063\" master=\"A20D6DC9-1343-DE79-2DB0-791C8E309118\" behaviour=\"0\" geometry=\"0\" styleclass=\".lanescope-link\" x=\"319\" y=\"95.1\" points=\"0,-18 0,4.5 1,4.5\" target=\"D5CF77A2-144F-76EC-6A33-791C8E300A83\"/>\n          <link id=\"90D33B27-8984-46C5-7A14-78BBA1B3F850\" dataid=\"ADB8BB46-470F-5A76-E8A9-78BBA1B5FC4F\" master=\"CE0EC47B-37B5-570C-49C9-78BBA1B3A53D\" behaviour=\"0\" geometry=\"0\" styleclass=\".lanescope-link\" x=\"199\" y=\"646.6\" points=\"10,-258.1 75.2,-258.1 75.2,-278\" target=\"7B7B9A8B-D411-00A0-F197-78BBA1B34ACE\"/>\n          <link id=\"0E1B5F88-FF9E-A34A-B200-791D3C25C633\" dataid=\"415C366D-E775-E492-E58B-791D3C26D4BF\" master=\"CD533CC0-B94F-7C71-41E9-791D3C25D13E\" behaviour=\"0\" geometry=\"0\" styleclass=\".lanescope-link\" x=\"194\" y=\"161\" points=\"-3,-34 96.25,-34 96.25,-27\" target=\"03BD6C7A-E8A6-9001-AB6B-791D3C259EA0\"/>\n          <link id=\"C26EA719-5AEF-C6B5-E9E9-A30693CD1103\" dataid=\"D95B500F-EC0F-D9E9-09B7-A30693CFAF76\" master=\"7E5D8390-5384-DFC7-C725-A30693CD2B2E\" behaviour=\"0\" geometry=\"0\" styleclass=\".lanescope-link\" x=\"318.25\" y=\"164.6\" points=\"0,0 0,26 7,26\" target=\"E0E06F92-DC3C-1015-B713-A30693CD4390\"/>\n          <link id=\"B117FECC-CDCF-CDE9-226C-A3351159EFFA\" dataid=\"2194C643-91F3-1F16-7F58-A335115DF928\" master=\"1DCDAD8C-3DC1-D949-8553-A3351159E1FB\" behaviour=\"0\" geometry=\"0\" styleclass=\".lanescope-link\" x=\"386.05\" y=\"318.4\" points=\"0,0 171.95,0 171.95,69.5\" target=\"A54EE0A7-EB92-5005-9C16-A33511596281\"/>\n          <link id=\"2FAEF485-9668-DF17-2999-A337C0A5473B\" dataid=\"875A8F7F-B017-40C5-DE99-A337C8D78490\" master=\"453B9738-D185-85DE-A90D-A337C0A5CC1C\" behaviour=\"0\" geometry=\"0\" styleclass=\".lanescope-link\" x=\"562.75\" y=\"413\" points=\"0,7.25 1.25,7.25 1.25,114\" target=\"FEC927FD-D13A-9318-D22D-A337C0A5C190\"/>\n          <link id=\"32D01260-BF7B-7DD5-6F78-A3376B48B518\" dataid=\"7081C83C-3AEC-A2EA-8063-A3376B4A73C6\" master=\"D6691C93-7704-731E-4FEC-A3376B490121\" behaviour=\"0\" geometry=\"0\" styleclass=\".lanescope-link\" x=\"472.6\" y=\"405\" points=\"0,15 30.4,15 30.4,13.9\" target=\"B77BC6CB-3979-616B-D21C-A3376B49B61C\"/>\n        </links>\n        <sprites id=\"97820F67-3B85-C08C-9115-78B2A5818D9B\">\n          <sprite id=\"DFF1519B-E662-2239-5408-78B34E1F7CF0\" dataid=\"36C234C5-DFDF-66D4-02BB-A332E8503A28\" annotation=\"673445AD-AD67-80DD-7777-78B418040B76\" dx=\"NaN\" dy=\"NaN\" box=\"264,14.1,119.85,63\" spriteid=\"Experimental Object\">\n            <anchor id=\"83AFD6A0-8F17-9AD5-95BA-78B4180F0C3E\" dx=\"0\" dy=\"0\" target=\"673445AD-AD67-80DD-7777-78B418040B76\"/>\n            <anchor id=\"A20D6DC9-1343-DE79-2DB0-791C8E309118\" dx=\"55\" dy=\"63\" target=\"65414C50-4715-5E4D-C168-791C8E3066D9\"/>\n            <anchor id=\"91085053-B47A-E7D3-E3B9-790EE8F4212C\" dx=\"1\" dy=\"45\" target=\"19E83F7B-906F-EF2B-ADE6-790EE8F347D2\"/>\n          </sprite>\n          <sprite id=\"F2E9789C-0676-7E11-E301-78B5C7270EEA\" dataid=\"88FA079C-D65F-7D4E-F43A-A332E8518B96\" annotation=\"5FFB6DF2-80E2-5A7D-E885-78B5CF6385A7\" dx=\"NaN\" dy=\"NaN\" box=\"261.25,101.6,119.5,62.75\" spriteid=\"Activity\">\n            <anchor id=\"D5CF77A2-144F-76EC-6A33-791C8E300A83\" dx=\"58.75\" dy=\"-2\" target=\"65414C50-4715-5E4D-C168-791C8E3066D9\"/>\n            <anchor id=\"7F669E25-5DBB-24BA-C8ED-78B5CF69A57B\" dx=\"0\" dy=\"0\" target=\"5FFB6DF2-80E2-5A7D-E885-78B5CF6385A7\"/>\n            <anchor id=\"03BD6C7A-E8A6-9001-AB6B-791D3C259EA0\" dx=\"29\" dy=\"32.4\" target=\"0E1B5F88-FF9E-A34A-B200-791D3C25C633\"/>\n            <anchor id=\"7E5D8390-5384-DFC7-C725-A30693CD2B2E\" dx=\"57\" dy=\"63\" target=\"C26EA719-5AEF-C6B5-E9E9-A30693CD1103\"/>\n          </sprite>\n          <sprite id=\"B979AC95-52F7-E99F-79C7-78B70D0DE64F\" dataid=\"64F44D9C-849A-CE3F-6320-A332E8517E92\" annotation=\"FB0B50E2-DA94-D8CF-0902-78B71855BE92\" dx=\"NaN\" dy=\"NaN\" box=\"248.2,360.6,162,59\" spriteid=\"Activity\">\n            <anchor id=\"8EE5990B-5120-4953-F518-78B7185CEFD1\" dx=\"0\" dy=\"0\" target=\"FB0B50E2-DA94-D8CF-0902-78B71855BE92\"/>\n            <anchor id=\"D9BFFCD3-90A0-0B39-E6A9-78B7A5817E8D\" dx=\"81\" dy=\"29.5\" target=\"C51B735D-D39F-97CB-FF4D-78B7A581BDEE\"/>\n            <anchor id=\"7B7B9A8B-D411-00A0-F197-78BBA1B34ACE\" dx=\"26\" dy=\"8\" target=\"90D33B27-8984-46C5-7A14-78BBA1B3F850\"/>\n            <anchor id=\"355D3AC9-6EEF-37E6-64FC-78B70D12FDBA\" dx=\"81\" dy=\"29.523505976095617\" target=\"EF7593BD-93E0-C222-8253-78B70D12D0D0\"/>\n          </sprite>\n          <sprite id=\"4FA20054-2D27-18F6-2330-78B690D31E41\" dataid=\"8817EADC-9CB2-DF5F-12D4-A332E851C628\" annotation=\"BBAEDB4C-FBB7-DB45-BEFB-78B69ACDEAA7\" dx=\"NaN\" dy=\"NaN\" box=\"268.05,278.4,119.85,63\" spriteid=\"Experimental Object\">\n            <anchor id=\"1DCDAD8C-3DC1-D949-8553-A3351159E1FB\" dx=\"118\" dy=\"40\" target=\"B117FECC-CDCF-CDE9-226C-A3351159EFFA\"/>\n            <anchor id=\"7DBF3BF1-41EE-1958-9CE5-78B690D81DC3\" dx=\"68.95\" dy=\"31.5\" target=\"8B76C99A-EADD-CB84-1C5C-78B690D8E45E\"/>\n            <anchor id=\"9EFDB32A-4680-9E77-19D2-78B70D12112D\" dx=\"59.9\" dy=\"31.5\" target=\"EF7593BD-93E0-C222-8253-78B70D12D0D0\"/>\n            <anchor id=\"7D5F4DCC-1B6D-E820-C9F7-78B69AD3AACD\" dx=\"0\" dy=\"0\" target=\"BBAEDB4C-FBB7-DB45-BEFB-78B69ACDEAA7\"/>\n          </sprite>\n          <sprite id=\"2F5159C8-6BEA-DDE8-0619-78B63B8C42B3\" dataid=\"46BB0138-1D07-A06A-71CE-A332E8518D7B\" annotation=\"318BE034-16DC-698F-0C77-78B6472499AA\" dx=\"NaN\" dy=\"NaN\" box=\"267.25,191.6,119.5,62.75\" spriteid=\"Activity\">\n            <anchor id=\"D7125A79-A71C-855D-F380-78B690D88CED\" dx=\"59.75\" dy=\"10\" target=\"8B76C99A-EADD-CB84-1C5C-78B690D8E45E\"/>\n            <anchor id=\"E0E06F92-DC3C-1015-B713-A30693CD4390\" dx=\"58\" dy=\"-1\" target=\"C26EA719-5AEF-C6B5-E9E9-A30693CD1103\"/>\n            <anchor id=\"1F5E5889-B55D-9566-77F9-78B64729C8A5\" dx=\"0\" dy=\"0\" target=\"318BE034-16DC-698F-0C77-78B6472499AA\"/>\n          </sprite>\n          <sprite id=\"866C1DBF-FC2E-C8FB-5971-78B7A57BD34E\" dataid=\"52158033-DEA9-0302-4FA0-A332E851CAD3\" annotation=\"36956BDF-7695-4B12-2222-78B7AC89A75B\" dx=\"NaN\" dy=\"NaN\" box=\"272.25,459.6,121,62.75\" spriteid=\"Activity\">\n            <anchor id=\"7B26B4EB-2384-1FB6-91AB-78B7AC8F4802\" dx=\"0\" dy=\"0\" target=\"36956BDF-7695-4B12-2222-78B7AC89A75B\"/>\n            <anchor id=\"AC4529D3-491B-1465-5B77-78BC9CD0F029\" dx=\"4\" dy=\"38.4\" target=\"39ABBD3A-FB0E-4A36-6088-78BC9CD0A43E\"/>\n            <anchor id=\"99BE2DEB-B71C-B38F-22B9-78B81A0CDD82\" dx=\"60.5\" dy=\"31.35\" target=\"1F980322-F1E9-DB4F-C9CE-78B81A0CA554\"/>\n            <anchor id=\"CADD2A6B-A27D-71CF-9CAC-78B7A581CE74\" dx=\"60.50000000000001\" dy=\"31.4\" target=\"C51B735D-D39F-97CB-FF4D-78B7A581BDEE\"/>\n          </sprite>\n          <sprite id=\"D465C8EB-57E1-D1B6-435D-78BC55090D20\" dataid=\"EF9D1800-9AC6-1E7F-4347-A332E85244BC\" annotation=\"378DB40B-FE53-C180-C2FB-78BC5904D3D6\" dx=\"NaN\" dy=\"NaN\" box=\"186,460.95,25.049999999999997,76.3\" spriteid=\"Parameter Specification\">\n            <anchor id=\"2FC1C6A2-0685-49E7-50CB-78BC590AC4BB\" dx=\"0\" dy=\"0\" target=\"378DB40B-FE53-C180-C2FB-78BC5904D3D6\"/>\n            <anchor id=\"4549DB9F-3D8F-FC2F-7927-78BC9CD0DAFA\" dx=\"27\" dy=\"27\" target=\"39ABBD3A-FB0E-4A36-6088-78BC9CD0A43E\"/>\n          </sprite>\n          <sprite id=\"809B963D-E823-35CA-221B-A3374A01ED57\" dataid=\"83405A4E-E762-7B08-61F3-A3374A08F9B5\" annotation=\"CE959F27-457D-BC4E-A395-A3376FD3EA90\" dx=\"NaN\" dy=\"NaN\" box=\"446.6,384,25.049999999999997,76.3\" spriteid=\"Parameter Specification\">\n            <anchor id=\"97AC7069-FEF6-E663-A300-A3376FD946D7\" dx=\"0\" dy=\"0\" target=\"CE959F27-457D-BC4E-A395-A3376FD3EA90\"/>\n            <anchor id=\"D6691C93-7704-731E-4FEC-A3376B490121\" dx=\"26\" dy=\"36\" target=\"32D01260-BF7B-7DD5-6F78-A3376B48B518\"/>\n          </sprite>\n          <sprite id=\"FC67552C-396E-6892-7D28-A334FCBBC6D5\" dataid=\"D434EE94-92C9-5148-F164-A334FCC04B87\" annotation=\"E624D311-9DDC-3E0B-82D9-A3351A0D837D\" dx=\"NaN\" dy=\"NaN\" box=\"503,388.9,119.5,62.75\" spriteid=\"Activity\">\n            <anchor id=\"A54EE0A7-EB92-5005-9C16-A33511596281\" dx=\"55\" dy=\"-1\" target=\"B117FECC-CDCF-CDE9-226C-A3351159EFFA\"/>\n            <anchor id=\"B77BC6CB-3979-616B-D21C-A3376B49B61C\" dx=\"0\" dy=\"30\" target=\"32D01260-BF7B-7DD5-6F78-A3376B48B518\"/>\n            <anchor id=\"453B9738-D185-85DE-A90D-A337C0A5CC1C\" dx=\"59.75\" dy=\"31.35\" target=\"2FAEF485-9668-DF17-2999-A337C0A5473B\"/>\n            <anchor id=\"0D3875F8-D3A0-CFE1-1363-A3351A137CCC\" dx=\"0\" dy=\"0\" target=\"E624D311-9DDC-3E0B-82D9-A3351A0D837D\"/>\n          </sprite>\n          <sprite id=\"D90CD077-51BE-C12E-678F-78BB84F3525C\" dataid=\"1C3C3A02-D838-DDBB-1601-A332E8523722\" annotation=\"33DB63C2-D005-5A44-56B7-78BBF17F66D0\" dx=\"NaN\" dy=\"NaN\" box=\"183,350.9,25.049999999999997,76.3\" spriteid=\"Parameter Specification\">\n            <anchor id=\"D1B5C0BD-099B-2232-E4BF-78BBF185F70D\" dx=\"0\" dy=\"0\" target=\"33DB63C2-D005-5A44-56B7-78BBF17F66D0\"/>\n            <anchor id=\"CE0EC47B-37B5-570C-49C9-78BBA1B3A53D\" dx=\"26\" dy=\"37.6\" target=\"90D33B27-8984-46C5-7A14-78BBA1B3F850\"/>\n          </sprite>\n          <sprite id=\"14C70219-FB94-D44F-0821-791D2F328CB4\" dataid=\"717143F7-659E-B23B-E6AB-A332E852DDAF\" annotation=\"85C48DD1-E4E2-A81E-5D93-791D3FF3B2A7\" dx=\"NaN\" dy=\"NaN\" box=\"166,91,25.049999999999997,76.3\" spriteid=\"Parameter Specification\">\n            <anchor id=\"CD533CC0-B94F-7C71-41E9-791D3C25D13E\" dx=\"25\" dy=\"36\" target=\"0E1B5F88-FF9E-A34A-B200-791D3C25C633\"/>\n            <anchor id=\"D1EE648D-09CD-068B-59BA-791D3FFA1F18\" dx=\"0\" dy=\"0\" target=\"85C48DD1-E4E2-A81E-5D93-791D3FF3B2A7\"/>\n          </sprite>\n          <sprite id=\"00A2C59A-C7D7-9598-559F-790EDD07191D\" dataid=\"5265AE3C-28D7-4D50-F2E4-A332E852B8BC\" annotation=\"F496DCDB-716C-1E16-AFA9-790EEDA21105\" dx=\"NaN\" dy=\"NaN\" box=\"166.3,32,25.05,28.3\" spriteid=\"Constant Specification\">\n            <anchor id=\"1B38143D-FEB5-7CD8-723F-790EEDA8F038\" dx=\"0\" dy=\"0\" target=\"F496DCDB-716C-1E16-AFA9-790EEDA21105\"/>\n            <anchor id=\"CA1569CB-6F46-4D30-D361-790EE8F4D3AB\" dx=\"27\" dy=\"11\" target=\"19E83F7B-906F-EF2B-ADE6-790EE8F347D2\"/>\n          </sprite>\n          <sprite id=\"753B260A-35F5-C45D-42E3-78B81A04B708\" dataid=\"06375D16-A807-6D2D-60AB-A332E8510C9A\" annotation=\"53B5F940-2CB5-03D3-F34B-78B842B5A4BA\" dx=\"NaN\" dy=\"NaN\" box=\"299,547.45,64,63.1\" spriteid=\"Measurement Specification\">\n            <anchor id=\"F430C836-941D-6C50-A0E7-78B842BD391A\" dx=\"0\" dy=\"0\" target=\"53B5F940-2CB5-03D3-F34B-78B842B5A4BA\"/>\n            <anchor id=\"726CD328-14D6-F79C-B6C0-78B81A0C8D5A\" dx=\"32\" dy=\"31.55\" target=\"1F980322-F1E9-DB4F-C9CE-78B81A0CA554\"/>\n          </sprite>\n          <sprite id=\"8796ACFB-BF7A-96A7-F19A-A337C09C47CB\" dataid=\"207BDC73-E0E0-7E18-7180-A337C8D6D259\" selected=\"true\" annotation=\"75D416BD-E0BC-EA14-8CEA-A337CD9EEC5C\" dx=\"NaN\" dy=\"NaN\" box=\"532,495.45,64,63.1\" spriteid=\"Measurement Specification\">\n            <anchor id=\"FEC927FD-D13A-9318-D22D-A337C0A5C190\" dx=\"32\" dy=\"31.55\" target=\"2FAEF485-9668-DF17-2999-A337C0A5473B\"/>\n            <anchor id=\"51C4D5A9-6AE2-63DC-D302-A337CDA7F293\" dx=\"0\" dy=\"0\" target=\"75D416BD-E0BC-EA14-8CEA-A337CD9EEC5C\"/>\n          </sprite>\n        </sprites>\n        <annotations id=\"90825723-95AD-BE89-0ABB-78B2A581DD4C\">\n          <annotation id=\"673445AD-AD67-80DD-7777-78B418040B76\" master=\"83AFD6A0-8F17-9AD5-95BA-78B4180F0C3E\" dx=\"8.899999999999977\" dy=\"21\" box=\"272.9,35.1,100,16\" spriteid=\"annotation\"><![CDATA[Cell-Line]]></annotation>\n          <annotation id=\"F496DCDB-716C-1E16-AFA9-790EEDA21105\" master=\"1B38143D-FEB5-7CD8-723F-790EEDA8F038\" dx=\"-37.5\" dy=\"28.30000000000001\" box=\"128.8,60.3,100,16\" spriteid=\"annotation\"><![CDATA[mutated-cell-type]]></annotation>\n          <annotation id=\"BBAEDB4C-FBB7-DB45-BEFB-78B69ACDEAA7\" master=\"7D5F4DCC-1B6D-E820-C9F7-78B69AD3AACD\" dx=\"8.899999999999977\" dy=\"16\" box=\"276.95,294.4,100,30\" spriteid=\"annotation\"><![CDATA[Lysate]]></annotation>\n          <annotation id=\"318BE034-16DC-698F-0C77-78B6472499AA\" master=\"1F5E5889-B55D-9566-77F9-78B64729C8A5\" dx=\"5.75\" dy=\"15.75\" box=\"273,207.35,100,23.25\" spriteid=\"annotation\"><![CDATA[Cell Lysing]]></annotation>\n          <annotation id=\"36956BDF-7695-4B12-2222-78B7AC89A75B\" master=\"7B26B4EB-2384-1FB6-91AB-78B7AC8F4802\" dx=\"4.800000000000011\" dy=\"12.75\" box=\"277.05,472.35,106.95,36.65\" spriteid=\"annotation\"><![CDATA[Western\rBlot]]></annotation>\n          <annotation id=\"53B5F940-2CB5-03D3-F34B-78B842B5A4BA\" master=\"F430C836-941D-6C50-A0E7-78B842BD391A\" dx=\"-108\" dy=\"10.100000000000025\" box=\"191,557.55,100,40.45\" spriteid=\"annotation\"><![CDATA[protein-concentration]]></annotation>\n          <annotation id=\"378DB40B-FE53-C180-C2FB-78BC5904D3D6\" master=\"2FC1C6A2-0685-49E7-50CB-78BC590AC4BB\" dx=\"-112.5\" dy=\"1.3000000000000114\" box=\"73.5,462.25,100,46.7\" spriteid=\"annotation\"><![CDATA[primary-antibody]]></annotation>\n          <annotation id=\"5FFB6DF2-80E2-5A7D-E885-78B5CF6385A7\" master=\"7F669E25-5DBB-24BA-C8ED-78B5CF69A57B\" dx=\"6.75\" dy=\"2.75\" box=\"268,104.35,100,59.25\" spriteid=\"annotation\"><![CDATA[Retroviral Vector Treatment]]></annotation>\n          <annotation id=\"85C48DD1-E4E2-A81E-5D93-791D3FF3B2A7\" master=\"D1EE648D-09CD-068B-59BA-791D3FFA1F18\" dx=\"-108.5\" dy=\"12.300000000000011\" box=\"57.5,103.3,100,35.7\" spriteid=\"annotation\"><![CDATA[viral-construct]]></annotation>\n          <annotation id=\"FB0B50E2-DA94-D8CF-0902-78B71855BE92\" master=\"8EE5990B-5120-4953-F518-78B7185CEFD1\" dx=\"-0.8499999999999659\" dy=\"15.549999999999956\" box=\"247.35,376.15,155,20\" spriteid=\"annotation\"><![CDATA[Affinity Precipitation]]></annotation>\n          <annotation id=\"CE959F27-457D-BC4E-A395-A3376FD3EA90\" master=\"97AC7069-FEF6-E663-A300-A3376FD946D7\" dx=\"-37.5\" dy=\"76.29999999999995\" box=\"409.1,460.3,100,41.7\" spriteid=\"annotation\"><![CDATA[primary-antibody2]]></annotation>\n          <annotation id=\"E624D311-9DDC-3E0B-82D9-A3351A0D837D\" master=\"0D3875F8-D3A0-CFE1-1363-A3351A137CCC\" dx=\"5.75\" dy=\"16.75\" box=\"508.75,405.65,100,32.25\" spriteid=\"annotation\"><![CDATA[Western Blot 2]]></annotation>\n          <annotation id=\"75D416BD-E0BC-EA14-8CEA-A337CD9EEC5C\" master=\"51C4D5A9-6AE2-63DC-D302-A337CDA7F293\" dx=\"-18\" dy=\"63.09999999999991\" box=\"514,558.55,100,60.400000000000006\" spriteid=\"annotation\"><![CDATA[protein-concentration-2]]></annotation>\n          <annotation id=\"33DB63C2-D005-5A44-56B7-78BBF17F66D0\" master=\"D1B5C0BD-099B-2232-E4BF-78BBF185F70D\" dx=\"-141\" dy=\"3.3000000000000114\" box=\"42,354.2,127.5,19.700000000000003\" spriteid=\"annotation\"><![CDATA[precipitate-target]]></annotation>\n        </annotations>\n      </lane>\n      <links id=\"B7F89C45-B289-8DEA-7D19-78B2A58131B8\"/>\n      <annotations id=\"649A418C-9F74-BB70-D074-78B2A5813F09\"/>\n    </panel>\n    <links id=\"C73AA95D-2530-67D0-FA39-78B2A581D58C\"/>\n    <annotations id=\"06224632-CEE2-619F-86DD-78B2A5815401\"/>\n  </panels>\n</diagram>","dateTime":"Thu Jan 1 19:58:27 GMT-0800 2015","source":"11777939-Fig5C"}