{"designUid":"277CC7D1-0E69-A4C1-6F9C-79B638D50B5F","type":"In Vitro Competitive Binding Assay","modelName":"11777939-Fig2BC","citeKey":"","edges":[{"start":"1AD77FD3-CFCF-7B4B-A310-79B754E69E17","_type":"KefedLink","uid":"22C73819-2AED-5389-DCB5-79B768383A56","end":"D8D1E11D-9B5D-05C4-F8F4-79B70D2A8247"},{"start":"D8D1E11D-9B5D-05C4-F8F4-79B70D2A8247","_type":"KefedLink","uid":"EDF83C4D-98BA-456C-651C-79BB41605EF6","end":"54FB1DDC-3F74-CE5C-FA1F-79B99351E943"},{"start":"612D56A6-B280-5569-84F8-79BB87517B39","_type":"KefedLink","uid":"7C4B1658-B7E2-A864-D920-79BBE94B8EA8","end":"54FB1DDC-3F74-CE5C-FA1F-79B99351E943"},{"start":"54FB1DDC-3F74-CE5C-FA1F-79B99351E943","_type":"KefedLink","uid":"761B89B3-F5C1-A18C-9F01-79BCD12E25BA","end":"622AA8AE-8505-9CC8-0B13-79BCB9BDEBBA"},{"start":"BB77AC3C-9919-7BF4-43BD-79BD8DB22247","_type":"KefedLink","uid":"2E4B8433-D9C2-116C-F91E-79BDB2D7C4EC","end":"622AA8AE-8505-9CC8-0B13-79BCB9BDEBBA"},{"start":"66217E27-372C-5696-92CB-79BFA3EF3CB1","_type":"KefedLink","uid":"B9D28BB9-A687-856D-47A8-79BFB1936734","end":"54FB1DDC-3F74-CE5C-FA1F-79B99351E943"},{"start":"622AA8AE-8505-9CC8-0B13-79BCB9BDEBBA","_type":"KefedLink","uid":"593D4993-5053-31F6-378A-79C068196A96","end":"5361748C-A266-3F23-AF6D-79C06818BDFD"},{"start":"5361748C-A266-3F23-AF6D-79C06818BDFD","_type":"KefedLink","uid":"DFE833F1-EDB8-9D63-957A-79E49E8B7A29","end":"8671F949-C562-DFF9-ED6B-79E49E8AB92D"},{"start":"8671F949-C562-DFF9-ED6B-79E49E8AB92D","_type":"KefedLink","uid":"C7F693CA-1764-451E-244A-79E5052F17DE","end":"13AD7E86-35A7-C7FC-2A5C-79E5052E37BC"}],"uid":"245D9DEF-B36B-8F78-4557-79FF2B679080","nodes":[{"_type":"KefedObject","compositions":0,"spriteid":"Experimental Object","nameValue":"Tagged Fragment","ontologyIds":[],"did":"D2EBD2D1-4FF6-E18B-2992-79B70D2446DA","type":"sprite","master":"","uid":"D8D1E11D-9B5D-05C4-F8F4-79B70D2A8247","dataTable":[],"notes":null},{"spriteid":"Parameter Specification","nameValue":"tagged-molecular-fragment","did":"4972A437-B58D-DDEF-1682-79B754E1CC6A","master":"","ontologyIds":[],"valueType":{"maximumValue":"","multipleSlotFields":[{"_type":"KefedFieldTemplate","notes":null,"ontologyIds":[],"nameValue":"tag","uid":"5D996428-7B23-0BA5-747A-79B9D86C305C","valueType":{"maximumValue":"","orderedValues":false,"nameValue":"","allowedUnits":[],"valueTypeName":"Text","allowedPatterns":[],"allowedValues":[],"_type":"KefedBaseValueTemplate","allowFreeValueInput":true,"termLookupFunction":"","allowFreeUnitInput":true,"minimumValue":"","allowFreePatternInput":false}},{"_type":"KefedFieldTemplate","notes":null,"ontologyIds":[],"nameValue":"molecule","uid":"CD225F82-270F-416A-3876-79B9F4722EF2","valueType":{"maximumValue":"","orderedValues":false,"nameValue":"","allowedUnits":[],"valueTypeName":"Text","allowedPatterns":[],"allowedValues":[],"_type":"KefedBaseValueTemplate","allowFreeValueInput":true,"termLookupFunction":"","allowFreeUnitInput":true,"minimumValue":"","allowFreePatternInput":false}},{"_type":"KefedFieldTemplate","notes":null,"ontologyIds":[],"nameValue":"fragment-start","uid":"21B5B5B0-34BB-625E-B925-79BA1172D3A3","valueType":{"maximumValue":"","orderedValues":false,"nameValue":"","allowedUnits":[],"valueTypeName":"Integer","allowedPatterns":[],"allowedValues":[],"_type":"KefedBaseValueTemplate","allowFreeValueInput":true,"termLookupFunction":"","allowFreeUnitInput":true,"minimumValue":"","allowFreePatternInput":false}},{"_type":"KefedFieldTemplate","notes":null,"ontologyIds":[],"nameValue":"fragment-end","uid":"88B9BEE7-B70A-2502-E96E-79BA39B82ABB","valueType":{"maximumValue":"","orderedValues":false,"nameValue":"","allowedUnits":[],"valueTypeName":"Integer","allowedPatterns":[],"allowedValues":[],"_type":"KefedBaseValueTemplate","allowFreeValueInput":true,"termLookupFunction":"","allowFreeUnitInput":true,"minimumValue":"","allowFreePatternInput":false}},{"_type":"KefedFieldTemplate","notes":null,"ontologyIds":[],"nameValue":"concentration","uid":"016D9680-3A67-6D21-648B-79BA8F04D5B9","valueType":{"maximumValue":"","orderedValues":false,"nameValue":"","allowedUnits":["uM","nM","pM"],"valueTypeName":"Decimal with units","allowedPatterns":[],"allowedValues":[],"_type":"KefedBaseValueTemplate","allowFreeValueInput":true,"termLookupFunction":"","allowFreeUnitInput":true,"minimumValue":"","allowFreePatternInput":false}}],"orderedValues":false,"nameValue":"","allowedUnits":[],"valueTypeName":"Table","allowedPatterns":[],"allowedValues":[],"_type":"KefedFullValueTemplate","allowFreeValueInput":true,"termLookupFunction":"","allowFreeUnitInput":true,"minimumValue":"","allowFreePatternInput":false},"_type":"KefedObject","compositions":0,"uid":"1AD77FD3-CFCF-7B4B-A310-79B754E69E17","type":"sprite","notes":null,"dataTable":[]},{"_type":"KefedObject","compositions":0,"spriteid":"Activity","nameValue":"Binding\rReaction","ontologyIds":[],"did":"8234FA11-BDC2-AA8C-8BC3-79B9934C9F41","type":"sprite","master":"","uid":"54FB1DDC-3F74-CE5C-FA1F-79B99351E943","dataTable":[],"notes":null},{"spriteid":"Parameter Specification","nameValue":"primary-molecular-fragment","did":"E61DB1C0-E961-85AD-DF17-79BB874B8EFB","master":"","ontologyIds":[],"valueType":{"maximumValue":"","multipleSlotFields":[{"_type":"KefedFieldTemplate","notes":null,"ontologyIds":[],"nameValue":"molecule","uid":"D15F9F4F-8F5D-4A93-8FD1-79BDD4599723","valueType":{"maximumValue":"","orderedValues":false,"nameValue":"","allowedUnits":[],"valueTypeName":"Text","allowedPatterns":[],"allowedValues":[],"_type":"KefedBaseValueTemplate","allowFreeValueInput":true,"termLookupFunction":"","allowFreeUnitInput":true,"minimumValue":"","allowFreePatternInput":false}},{"_type":"KefedFieldTemplate","notes":null,"ontologyIds":[],"nameValue":"frg-start","uid":"FA3552B5-B3B9-F86B-6A8E-79BDE6C23087","valueType":{"maximumValue":"","orderedValues":false,"nameValue":"","allowedUnits":[],"valueTypeName":"Text","allowedPatterns":[],"allowedValues":[],"_type":"KefedBaseValueTemplate","allowFreeValueInput":true,"termLookupFunction":"","allowFreeUnitInput":true,"minimumValue":"","allowFreePatternInput":false}},{"_type":"KefedFieldTemplate","notes":null,"ontologyIds":[],"nameValue":"frg-end","uid":"7D1FF38D-2AF0-D4F7-629F-79BDFB06B524","valueType":{"maximumValue":"","orderedValues":false,"nameValue":"","allowedUnits":[],"valueTypeName":"Text","allowedPatterns":[],"allowedValues":[],"_type":"KefedBaseValueTemplate","allowFreeValueInput":true,"termLookupFunction":"","allowFreeUnitInput":true,"minimumValue":"","allowFreePatternInput":false}},{"_type":"KefedFieldTemplate","notes":null,"ontologyIds":[],"nameValue":"concentration","uid":"E3131488-F16A-1D51-F1AE-79BE0E0A5234","valueType":{"maximumValue":"","orderedValues":false,"nameValue":"","allowedUnits":["uM","nM","pM","mM"],"valueTypeName":"Decimal with units","allowedPatterns":[],"allowedValues":[],"_type":"KefedBaseValueTemplate","allowFreeValueInput":true,"termLookupFunction":"","allowFreeUnitInput":true,"minimumValue":"","allowFreePatternInput":false}}],"orderedValues":false,"nameValue":"","allowedUnits":[],"valueTypeName":"Table","allowedPatterns":[],"allowedValues":[],"_type":"KefedFullValueTemplate","allowFreeValueInput":true,"termLookupFunction":"","allowFreeUnitInput":true,"minimumValue":"","allowFreePatternInput":false},"_type":"KefedObject","compositions":0,"uid":"612D56A6-B280-5569-84F8-79BB87517B39","type":"sprite","notes":null,"dataTable":[]},{"_type":"KefedObject","compositions":0,"spriteid":"Activity","nameValue":"Western Blot","ontologyIds":[],"did":"483EDD78-CC99-5059-20A9-79BCB9B89655","type":"sprite","master":"","uid":"622AA8AE-8505-9CC8-0B13-79BCB9BDEBBA","dataTable":[],"notes":null},{"spriteid":"Parameter Specification","nameValue":"antibody","did":"9C9106D7-FB21-894B-D442-79BD8DAA80CF","master":"","ontologyIds":[],"valueType":{"maximumValue":"","multipleSlotFields":[],"orderedValues":false,"nameValue":"","allowedUnits":[],"valueTypeName":"Text","allowedPatterns":[],"allowedValues":[],"_type":"KefedFullValueTemplate","allowFreeValueInput":true,"termLookupFunction":"","allowFreeUnitInput":true,"minimumValue":"","allowFreePatternInput":false},"_type":"KefedObject","compositions":0,"uid":"BB77AC3C-9919-7BF4-43BD-79BD8DB22247","type":"sprite","notes":null,"dataTable":[]},{"spriteid":"Parameter Specification","nameValue":"competing-molecular-fragment","did":"6018F85A-8D1D-BDEC-C57E-79BFA3E61D8F","master":"","ontologyIds":[],"valueType":{"maximumValue":"","multipleSlotFields":[{"_type":"KefedFieldTemplate","notes":null,"ontologyIds":[],"nameValue":"molecule","uid":"CAD08E1E-7836-4DA3-8E1D-79FCD79844C3","valueType":{"maximumValue":"","orderedValues":false,"nameValue":"","allowedUnits":[],"valueTypeName":"Text","allowedPatterns":[],"allowedValues":[],"_type":"KefedBaseValueTemplate","allowFreeValueInput":true,"termLookupFunction":"","allowFreeUnitInput":true,"minimumValue":"","allowFreePatternInput":false}},{"_type":"KefedFieldTemplate","notes":null,"ontologyIds":[],"nameValue":"concentration","uid":"B64B17F7-B42A-4312-41E7-79FCF4A9F3DB","valueType":{"maximumValue":"","orderedValues":false,"nameValue":"","allowedUnits":["pM"],"valueTypeName":"Decimal with units","allowedPatterns":[],"allowedValues":[],"_type":"KefedBaseValueTemplate","allowFreeValueInput":true,"termLookupFunction":"","allowFreeUnitInput":true,"minimumValue":"","allowFreePatternInput":false}}],"orderedValues":false,"nameValue":"","allowedUnits":[],"valueTypeName":"Table","allowedPatterns":[],"allowedValues":[],"_type":"KefedFullValueTemplate","allowFreeValueInput":true,"termLookupFunction":"","allowFreeUnitInput":true,"minimumValue":"","allowFreePatternInput":false},"_type":"KefedObject","compositions":0,"uid":"66217E27-372C-5696-92CB-79BFA3EF3CB1","type":"sprite","notes":null,"dataTable":[]},{"spriteid":"Measurement Specification","nameValue":"band-density","did":"B54D927D-17AC-2707-6E27-79C0621F275E","master":"","ontologyIds":[],"valueType":{"maximumValue":"","multipleSlotFields":[],"orderedValues":false,"nameValue":"","allowedUnits":[],"valueTypeName":"Text","allowedPatterns":[],"allowedValues":[],"_type":"KefedFullValueTemplate","allowFreeValueInput":true,"termLookupFunction":"","allowFreeUnitInput":true,"minimumValue":"","allowFreePatternInput":false},"_type":"KefedObject","compositions":0,"uid":"5361748C-A266-3F23-AF6D-79C06818BDFD","type":"sprite","notes":null,"dataTable":[]},{"_type":"KefedObject","compositions":0,"spriteid":"Activity","nameValue":"densiometric-scanning","ontologyIds":[],"did":"B6A7B49F-B811-6B03-EB5B-79E4994ED4CC","type":"sprite","master":"","uid":"8671F949-C562-DFF9-ED6B-79E49E8AB92D","dataTable":[],"notes":null},{"spriteid":"Measurement Specification","nameValue":"percent-of-input","did":"F2766E79-5789-235A-2E6D-79E4E642963D","master":"","ontologyIds":[],"valueType":{"maximumValue":"","multipleSlotFields":[],"orderedValues":false,"nameValue":"","allowedUnits":[],"valueTypeName":"Text","allowedPatterns":[],"allowedValues":[],"_type":"KefedFullValueTemplate","allowFreeValueInput":true,"termLookupFunction":"","allowFreeUnitInput":true,"minimumValue":"","allowFreePatternInput":true},"_type":"KefedObject","compositions":0,"uid":"13AD7E86-35A7-C7FC-2A5C-79E5052E37BC","type":"sprite","notes":null,"dataTable":[]}],"experimentData":{"5361748C-A266-3F23-AF6D-79C06818BDFD":[{"1AD77FD3-CFCF-7B4B-A310-79B754E69E17":{"88B9BEE7-B70A-2502-E96E-79BA39B82ABB":"1133","5D996428-7B23-0BA5-747A-79B9D86C305C":"His","21B5B5B0-34BB-625E-B925-79BA1172D3A3":"1131","016D9680-3A67-6D21-648B-79BA8F04D5B9":{"units":"pM","value":"10"},"CD225F82-270F-416A-3876-79B9F4722EF2":"Sos-1"},"mx_internal_uid":"8905447F-18CC-A812-66C4-7A0CF6BE9589","612D56A6-B280-5569-84F8-79BB87517B39":{"7D1FF38D-2AF0-D4F7-629F-79BDFB06B524":"480","E3131488-F16A-1D51-F1AE-79BE0E0A5234":{"units":"pM","value":"60"},"D15F9F4F-8F5D-4A93-8FD1-79BDD4599723":"GST-E3b1","FA3552B5-B3B9-F86B-6A8E-79BDE6C23087":"331"},"BB77AC3C-9919-7BF4-43BD-79BD8DB22247":"His","5361748C-A266-3F23-AF6D-79C06818BDFD":"moderate","66217E27-372C-5696-92CB-79BFA3EF3CB1":{"B64B17F7-B42A-4312-41E7-79FCF4A9F3DB":{"units":"pM","value":"0"},"CAD08E1E-7836-4DA3-8E1D-79FCD79844C3":"NH2 terminal SH3 domain of Grb2"}},{"1AD77FD3-CFCF-7B4B-A310-79B754E69E17":{"88B9BEE7-B70A-2502-E96E-79BA39B82ABB":"1133","5D996428-7B23-0BA5-747A-79B9D86C305C":"His","21B5B5B0-34BB-625E-B925-79BA1172D3A3":"1131","016D9680-3A67-6D21-648B-79BA8F04D5B9":{"units":"pM","value":"10"},"CD225F82-270F-416A-3876-79B9F4722EF2":"Sos-1"},"mx_internal_uid":"93DB0A3F-68DA-DD0B-27D6-7A0D589F95B0","612D56A6-B280-5569-84F8-79BB87517B39":{"7D1FF38D-2AF0-D4F7-629F-79BDFB06B524":"480","E3131488-F16A-1D51-F1AE-79BE0E0A5234":{"units":"pM","value":"60"},"D15F9F4F-8F5D-4A93-8FD1-79BDD4599723":"GST-E3b1","FA3552B5-B3B9-F86B-6A8E-79BDE6C23087":"331"},"BB77AC3C-9919-7BF4-43BD-79BD8DB22247":"His","5361748C-A266-3F23-AF6D-79C06818BDFD":"moderate","66217E27-372C-5696-92CB-79BFA3EF3CB1":{"B64B17F7-B42A-4312-41E7-79FCF4A9F3DB":{"units":"pM","value":"10"},"CAD08E1E-7836-4DA3-8E1D-79FCD79844C3":"NH2 terminal SH3 domain of Grb2"}},{"1AD77FD3-CFCF-7B4B-A310-79B754E69E17":{"88B9BEE7-B70A-2502-E96E-79BA39B82ABB":"1133","5D996428-7B23-0BA5-747A-79B9D86C305C":"His","21B5B5B0-34BB-625E-B925-79BA1172D3A3":"1131","016D9680-3A67-6D21-648B-79BA8F04D5B9":{"units":"pM","value":"10"},"CD225F82-270F-416A-3876-79B9F4722EF2":"Sos-1"},"mx_internal_uid":"3CB98B45-2A68-C6E5-4447-7A0F30C8B864","612D56A6-B280-5569-84F8-79BB87517B39":{"7D1FF38D-2AF0-D4F7-629F-79BDFB06B524":"480","E3131488-F16A-1D51-F1AE-79BE0E0A5234":{"units":"pM","value":"60"},"D15F9F4F-8F5D-4A93-8FD1-79BDD4599723":"GST-E3b1","FA3552B5-B3B9-F86B-6A8E-79BDE6C23087":"331"},"BB77AC3C-9919-7BF4-43BD-79BD8DB22247":"His","5361748C-A266-3F23-AF6D-79C06818BDFD":"very low","66217E27-372C-5696-92CB-79BFA3EF3CB1":{"B64B17F7-B42A-4312-41E7-79FCF4A9F3DB":{"units":"pM","value":"100"},"CAD08E1E-7836-4DA3-8E1D-79FCD79844C3":"NH2 terminal SH3 domain of Grb2"}},{"1AD77FD3-CFCF-7B4B-A310-79B754E69E17":{"88B9BEE7-B70A-2502-E96E-79BA39B82ABB":"1133","5D996428-7B23-0BA5-747A-79B9D86C305C":"His","21B5B5B0-34BB-625E-B925-79BA1172D3A3":"1131","016D9680-3A67-6D21-648B-79BA8F04D5B9":{"units":"pM","value":"10"},"CD225F82-270F-416A-3876-79B9F4722EF2":"Sos-1"},"mx_internal_uid":"5D25A551-890C-DDAA-DD8D-7A0F516FEB28","612D56A6-B280-5569-84F8-79BB87517B39":{"7D1FF38D-2AF0-D4F7-629F-79BDFB06B524":"480","E3131488-F16A-1D51-F1AE-79BE0E0A5234":{"units":"pM","value":"60"},"D15F9F4F-8F5D-4A93-8FD1-79BDD4599723":"GST-E3b1","FA3552B5-B3B9-F86B-6A8E-79BDE6C23087":"331"},"BB77AC3C-9919-7BF4-43BD-79BD8DB22247":"His","5361748C-A266-3F23-AF6D-79C06818BDFD":"none","66217E27-372C-5696-92CB-79BFA3EF3CB1":{"B64B17F7-B42A-4312-41E7-79FCF4A9F3DB":{"units":"pM","value":"1000"},"CAD08E1E-7836-4DA3-8E1D-79FCD79844C3":"NH2 terminal SH3 domain of Grb2"}},{"1AD77FD3-CFCF-7B4B-A310-79B754E69E17":{"88B9BEE7-B70A-2502-E96E-79BA39B82ABB":"1133","5D996428-7B23-0BA5-747A-79B9D86C305C":"His","21B5B5B0-34BB-625E-B925-79BA1172D3A3":"1131","016D9680-3A67-6D21-648B-79BA8F04D5B9":{"units":"pM","value":"10"},"CD225F82-270F-416A-3876-79B9F4722EF2":"Sos-1"},"mx_internal_uid":"FA820843-4121-9A72-7BC7-7A1047388274","612D56A6-B280-5569-84F8-79BB87517B39":{"7D1FF38D-2AF0-D4F7-629F-79BDFB06B524":"480","E3131488-F16A-1D51-F1AE-79BE0E0A5234":{"units":"pM","value":"60"},"D15F9F4F-8F5D-4A93-8FD1-79BDD4599723":"GST-E3b1","FA3552B5-B3B9-F86B-6A8E-79BDE6C23087":"331"},"BB77AC3C-9919-7BF4-43BD-79BD8DB22247":"His","5361748C-A266-3F23-AF6D-79C06818BDFD":"moderate","66217E27-372C-5696-92CB-79BFA3EF3CB1":{"B64B17F7-B42A-4312-41E7-79FCF4A9F3DB":{"units":"pM","value":"0"},"CAD08E1E-7836-4DA3-8E1D-79FCD79844C3":"NH2 terminal SH3 domain of Eps8"}},{"1AD77FD3-CFCF-7B4B-A310-79B754E69E17":{"88B9BEE7-B70A-2502-E96E-79BA39B82ABB":"1133","5D996428-7B23-0BA5-747A-79B9D86C305C":"His","21B5B5B0-34BB-625E-B925-79BA1172D3A3":"1131","016D9680-3A67-6D21-648B-79BA8F04D5B9":{"units":"pM","value":"10"},"CD225F82-270F-416A-3876-79B9F4722EF2":"Sos-1"},"mx_internal_uid":"31263995-1B35-7957-6BB8-7A10E1D19AF9","612D56A6-B280-5569-84F8-79BB87517B39":{"7D1FF38D-2AF0-D4F7-629F-79BDFB06B524":"480","E3131488-F16A-1D51-F1AE-79BE0E0A5234":{"units":"pM","value":"60"},"D15F9F4F-8F5D-4A93-8FD1-79BDD4599723":"GST-E3b1","FA3552B5-B3B9-F86B-6A8E-79BDE6C23087":"331"},"BB77AC3C-9919-7BF4-43BD-79BD8DB22247":"His","5361748C-A266-3F23-AF6D-79C06818BDFD":"moderate","66217E27-372C-5696-92CB-79BFA3EF3CB1":{"B64B17F7-B42A-4312-41E7-79FCF4A9F3DB":{"units":"pM","value":"10"},"CAD08E1E-7836-4DA3-8E1D-79FCD79844C3":"NH2 terminal SH3 domain of Eps8"}},{"1AD77FD3-CFCF-7B4B-A310-79B754E69E17":{"88B9BEE7-B70A-2502-E96E-79BA39B82ABB":"1133","5D996428-7B23-0BA5-747A-79B9D86C305C":"His","21B5B5B0-34BB-625E-B925-79BA1172D3A3":"1131","016D9680-3A67-6D21-648B-79BA8F04D5B9":{"units":"pM","value":"10"},"CD225F82-270F-416A-3876-79B9F4722EF2":"Sos-1"},"mx_internal_uid":"E2821169-6FF7-BB30-4978-7A10FC159D4F","612D56A6-B280-5569-84F8-79BB87517B39":{"7D1FF38D-2AF0-D4F7-629F-79BDFB06B524":"480","E3131488-F16A-1D51-F1AE-79BE0E0A5234":{"units":"pM","value":"60"},"D15F9F4F-8F5D-4A93-8FD1-79BDD4599723":"GST-E3b1","FA3552B5-B3B9-F86B-6A8E-79BDE6C23087":"331"},"BB77AC3C-9919-7BF4-43BD-79BD8DB22247":"His","5361748C-A266-3F23-AF6D-79C06818BDFD":"moderate","66217E27-372C-5696-92CB-79BFA3EF3CB1":{"B64B17F7-B42A-4312-41E7-79FCF4A9F3DB":{"units":"pM","value":"100"},"CAD08E1E-7836-4DA3-8E1D-79FCD79844C3":"NH2 terminal SH3 domain of Eps8"}},{"1AD77FD3-CFCF-7B4B-A310-79B754E69E17":{"88B9BEE7-B70A-2502-E96E-79BA39B82ABB":"1133","5D996428-7B23-0BA5-747A-79B9D86C305C":"His","21B5B5B0-34BB-625E-B925-79BA1172D3A3":"1131","016D9680-3A67-6D21-648B-79BA8F04D5B9":{"units":"pM","value":"10"},"CD225F82-270F-416A-3876-79B9F4722EF2":"Sos-1"},"mx_internal_uid":"69072FD5-15A0-6BD4-B569-7A111234EEBC","612D56A6-B280-5569-84F8-79BB87517B39":{"7D1FF38D-2AF0-D4F7-629F-79BDFB06B524":"480","E3131488-F16A-1D51-F1AE-79BE0E0A5234":{"units":"pM","value":"60"},"D15F9F4F-8F5D-4A93-8FD1-79BDD4599723":"GST-E3b1","FA3552B5-B3B9-F86B-6A8E-79BDE6C23087":"331"},"BB77AC3C-9919-7BF4-43BD-79BD8DB22247":"His","5361748C-A266-3F23-AF6D-79C06818BDFD":"moderate","66217E27-372C-5696-92CB-79BFA3EF3CB1":{"B64B17F7-B42A-4312-41E7-79FCF4A9F3DB":{"units":"pM","value":"1000"},"CAD08E1E-7836-4DA3-8E1D-79FCD79844C3":"NH2 terminal SH3 domain of Eps8"}},{"1AD77FD3-CFCF-7B4B-A310-79B754E69E17":{"88B9BEE7-B70A-2502-E96E-79BA39B82ABB":"1133","5D996428-7B23-0BA5-747A-79B9D86C305C":"His","21B5B5B0-34BB-625E-B925-79BA1172D3A3":"1131","016D9680-3A67-6D21-648B-79BA8F04D5B9":{"units":"pM","value":"10"},"CD225F82-270F-416A-3876-79B9F4722EF2":"Sos-1"},"mx_internal_uid":"8FDFBA8F-E5A5-D358-2DAD-7A12B6E6C288","612D56A6-B280-5569-84F8-79BB87517B39":{"7D1FF38D-2AF0-D4F7-629F-79BDFB06B524":"-1","E3131488-F16A-1D51-F1AE-79BE0E0A5234":{"units":"pM","value":"60"},"D15F9F4F-8F5D-4A93-8FD1-79BDD4599723":"immobilized GST","FA3552B5-B3B9-F86B-6A8E-79BDE6C23087":"0"},"BB77AC3C-9919-7BF4-43BD-79BD8DB22247":"His","5361748C-A266-3F23-AF6D-79C06818BDFD":"moderate","66217E27-372C-5696-92CB-79BFA3EF3CB1":{"B64B17F7-B42A-4312-41E7-79FCF4A9F3DB":{"units":"pM","value":"1000"},"CAD08E1E-7836-4DA3-8E1D-79FCD79844C3":"NH2 terminal SH3 domain of Eps8"}}]},"_type":"KefedExperiment","description":"","kefedVersion":"2.0","diagramXML":"<diagram version=\"0\" width=\"2879\" height=\"2879\" id=\"50D2A917-4789-E4CC-57F7-79B638D5A106\">\n  <columns id=\"6F68F950-AF5F-9EA7-0598-79B638D5E533\" multicolumn=\"false\">\n    <column id=\"5B436E83-F39F-04B8-243E-79B638D5B7A8\" width=\"2817\" height=\"30\" title=\"Default column\"/>\n    <column id=\"C4110BB1-1868-8C1F-486C-79B65522FF92\" width=\"80\" height=\"30\" title=\"Default column\"/>\n    <column id=\"400C532F-5B01-BD7B-4940-79E2F6D8741D\" width=\"80\" height=\"30\" title=\"Default column\"/>\n    <column id=\"4162BAD1-CA07-5670-F945-79F738571ABC\" width=\"80\" height=\"30\" title=\"Default column\"/>\n    <column id=\"B87937DC-E835-47A1-896A-79FFCA8FB115\" width=\"80\" height=\"30\" title=\"Default column\"/>\n  </columns>\n  <panels id=\"ED0193E9-BEDC-11B3-0AD7-79B638D53EA2\" multipanel=\"false\">\n    <panel id=\"DF507986-88BD-88D8-446E-79B638D5A977\" height=\"2879\" title=\"In Vitro Competitive Binding Assay\">\n      <lane id=\"12A88572-D3B7-6333-9797-79B638D570CE\" height=\"2879\" title=\"In Vitro Competitive Binding Assay\">\n        <links id=\"D32BF12D-D087-D932-215C-79B638D5C47D\">\n          <link id=\"83ABFD9F-2DB4-62B4-7E65-79B76835CACC\" dataid=\"22C73819-2AED-5389-DCB5-79B768383A56\" master=\"D1132F2D-CE4E-2B54-5EE9-79B7683542F3\" behaviour=\"0\" geometry=\"0\" styleclass=\".lanescope-link\" x=\"184.45\" y=\"98\" points=\"7.95,13 117,13 117,9 85.55,9\" target=\"AA8384CD-80DD-C479-D69F-79B768350B9A\"/>\n          <link id=\"51D94228-8A81-AD0E-DCB6-79BB415FC181\" dataid=\"EDF83C4D-98BA-456C-651C-79BB41605EF6\" master=\"C36DF52B-963A-9BC8-8645-79BB415F42F4\" behaviour=\"0\" geometry=\"0\" styleclass=\".lanescope-link\" x=\"334\" y=\"140\" points=\"0,0 0,37.85 0,37.85\" target=\"5DCD6E10-B9FC-FDAA-543B-79BB415FE6EC\"/>\n          <link id=\"7B1332BC-732E-F721-A409-79BCD12DC87D\" dataid=\"761B89B3-F5C1-A18C-9F01-79BCD12E25BA\" master=\"D4339C67-6159-835F-EF4D-79BCD12DBF38\" behaviour=\"0\" geometry=\"0\" styleclass=\".lanescope-link\" x=\"331\" y=\"237.85\" points=\"0,0 0,43.05 0,43.05\" target=\"435F7180-E702-81A2-9579-79BCD12D06E4\"/>\n          <link id=\"11CFC126-89D0-AADF-A640-79BFB19155D1\" dataid=\"B9D28BB9-A687-856D-47A8-79BFB1936734\" master=\"8FAE2739-A3B4-1C83-A3B1-79BFB191F0DE\" behaviour=\"0\" geometry=\"0\" styleclass=\".lanescope-link\" x=\"103\" y=\"216.85\" points=\"61,-3 172,-3 172,0\" target=\"81AB465D-1EE6-05D8-39D1-79BFB191630E\"/>\n          <link id=\"9FC8893E-07E6-BDD8-187B-79BBE94AA32A\" dataid=\"7C4B1658-B7E2-A864-D920-79BBE94B8EA8\" master=\"2EC0F18B-5A76-A6BB-E501-79BBE94A7B87\" behaviour=\"0\" geometry=\"0\" styleclass=\".lanescope-link\" x=\"192.5\" y=\"210\" points=\"-65,-15 126,-15 126,0\" target=\"B33F9103-DC4F-9256-7646-79BBE94A6C14\"/>\n          <link id=\"94DBCDAC-E6C1-1FFD-912C-79C0622788F6\" dataid=\"593D4993-5053-31F6-378A-79C068196A96\" master=\"46074F29-C985-FFB1-908E-79C06227EF9C\" behaviour=\"0\" geometry=\"0\" styleclass=\".lanescope-link\" x=\"332.75\" y=\"297\" points=\"0,15.25 3.25,15.25 3.25,111\" target=\"606A46B3-8AAD-A1BA-4644-79C062276281\"/>\n          <link id=\"6A44AD41-2461-C5D4-68D5-79BDB2D5188D\" dataid=\"2E4B8433-D9C2-116C-F91E-79BDB2D7C4EC\" master=\"19BF524E-535E-588D-9338-79BDB2D5FBEA\" behaviour=\"0\" geometry=\"0\" styleclass=\".lanescope-link\" x=\"194\" y=\"310\" points=\"34,1 81,1 81,0\" target=\"97520796-9D00-5972-7CEF-79BDB2D6AA37\"/>\n          <link id=\"AD495505-A4F9-66C4-30D0-79E499572D4D\" dataid=\"DFE833F1-EDB8-9D63-957A-79E49E8B7A29\" master=\"34374383-40BC-A1AD-18BD-79E499572B59\" behaviour=\"0\" geometry=\"0\" styleclass=\".lanescope-link\" x=\"336\" y=\"355\" points=\"0,53 -1,53 -1,141\" target=\"EF356064-E869-1803-015F-79E4995747DE\"/>\n          <link id=\"DB0E21A6-0D6F-C9A1-3B5E-79E4E64C8273\" dataid=\"C7F693CA-1764-451E-244A-79E5052F17DE\" master=\"6AFCA3C9-8DDB-EF65-CF54-79E4E64C2072\" behaviour=\"0\" geometry=\"0\" styleclass=\".lanescope-link\" x=\"335\" y=\"465\" points=\"0,30.95 0,30.95 0,119\" target=\"6301B452-90A6-D8D3-7766-79E4E64CC9B4\"/>\n        </links>\n        <sprites id=\"4A9BAC39-8229-36CE-E678-79B638D56BA2\">\n          <sprite id=\"D2EBD2D1-4FF6-E18B-2992-79B70D2446DA\" dataid=\"D8D1E11D-9B5D-05C4-F8F4-79B70D2A8247\" annotation=\"D37E44FC-FBE8-95A8-0B0C-79B719F22E16\" dx=\"NaN\" dy=\"NaN\" box=\"270,79,119.85,63\" spriteid=\"Experimental Object\">\n            <anchor id=\"AA8384CD-80DD-C479-D69F-79B768350B9A\" dx=\"0\" dy=\"28\" target=\"83ABFD9F-2DB4-62B4-7E65-79B76835CACC\"/>\n            <anchor id=\"310FAB23-86A5-FDF0-21A8-79B719FAA520\" dx=\"0\" dy=\"0\" target=\"D37E44FC-FBE8-95A8-0B0C-79B719F22E16\"/>\n            <anchor id=\"C36DF52B-963A-9BC8-8645-79BB415F42F4\" dx=\"64\" dy=\"61\" target=\"51D94228-8A81-AD0E-DCB6-79BB415FC181\"/>\n          </sprite>\n          <sprite id=\"8234FA11-BDC2-AA8C-8BC3-79B9934C9F41\" dataid=\"54FB1DDC-3F74-CE5C-FA1F-79B99351E943\" annotation=\"B28E0656-2C7E-EFF4-B10D-79B9969D0FE9\" dx=\"NaN\" dy=\"NaN\" box=\"271,175.85,119.5,62.75\" spriteid=\"Activity\">\n            <anchor id=\"B33F9103-DC4F-9256-7646-79BBE94A6C14\" dx=\"47.5\" dy=\"34.15\" target=\"9FC8893E-07E6-BDD8-187B-79BBE94AA32A\"/>\n            <anchor id=\"81AB465D-1EE6-05D8-39D1-79BFB191630E\" dx=\"4\" dy=\"41\" target=\"11CFC126-89D0-AADF-A640-79BFB19155D1\"/>\n            <anchor id=\"6C3E75CE-124E-9CA3-C592-79B996A30689\" dx=\"0\" dy=\"0\" target=\"B28E0656-2C7E-EFF4-B10D-79B9969D0FE9\"/>\n            <anchor id=\"5DCD6E10-B9FC-FDAA-543B-79BB415FE6EC\" dx=\"63\" dy=\"2\" target=\"51D94228-8A81-AD0E-DCB6-79BB415FC181\"/>\n            <anchor id=\"D4339C67-6159-835F-EF4D-79BCD12DBF38\" dx=\"60\" dy=\"62\" target=\"7B1332BC-732E-F721-A409-79BCD12DC87D\"/>\n          </sprite>\n          <sprite id=\"4972A437-B58D-DDEF-1682-79B754E1CC6A\" dataid=\"1AD77FD3-CFCF-7B4B-A310-79B754E69E17\" annotation=\"60A10184-CEF4-0D04-F49B-79B758ACE17B\" dx=\"NaN\" dy=\"NaN\" box=\"166.4,71,25.049999999999997,76.3\" spriteid=\"Parameter Specification\">\n            <anchor id=\"AFBACF83-5B32-75F1-3A85-79B758B11416\" dx=\"0\" dy=\"0\" target=\"60A10184-CEF4-0D04-F49B-79B758ACE17B\"/>\n            <anchor id=\"D1132F2D-CE4E-2B54-5EE9-79B7683542F3\" dx=\"26\" dy=\"40\" target=\"83ABFD9F-2DB4-62B4-7E65-79B76835CACC\"/>\n          </sprite>\n          <sprite id=\"E61DB1C0-E961-85AD-DF17-79BB874B8EFB\" dataid=\"612D56A6-B280-5569-84F8-79BB87517B39\" annotation=\"6629B301-B6B7-A16F-EF5E-79BB8A5F0AEB\" dx=\"NaN\" dy=\"NaN\" box=\"101.5,149,25.049999999999997,76.3\" spriteid=\"Parameter Specification\">\n            <anchor id=\"2EC0F18B-5A76-A6BB-E501-79BBE94A7B87\" dx=\"26\" dy=\"46\" target=\"9FC8893E-07E6-BDD8-187B-79BBE94AA32A\"/>\n            <anchor id=\"5287E209-A81D-2BED-9776-79BB8A65000C\" dx=\"0\" dy=\"0\" target=\"6629B301-B6B7-A16F-EF5E-79BB8A5F0AEB\"/>\n          </sprite>\n          <sprite id=\"483EDD78-CC99-5059-20A9-79BCB9B89655\" dataid=\"622AA8AE-8505-9CC8-0B13-79BCB9BDEBBA\" annotation=\"1DC9493E-2B01-0904-469A-79BCBCB97E0F\" dx=\"NaN\" dy=\"NaN\" box=\"273,280.9,119.5,62.75\" spriteid=\"Activity\">\n            <anchor id=\"7832FC84-E743-CD9E-9D2A-79BCBCBE4B13\" dx=\"0\" dy=\"0\" target=\"1DC9493E-2B01-0904-469A-79BCBCB97E0F\"/>\n            <anchor id=\"435F7180-E702-81A2-9579-79BCD12D06E4\" dx=\"58\" dy=\"0\" target=\"7B1332BC-732E-F721-A409-79BCD12DC87D\"/>\n            <anchor id=\"46074F29-C985-FFB1-908E-79C06227EF9C\" dx=\"59.75\" dy=\"31.35\" target=\"94DBCDAC-E6C1-1FFD-912C-79C0622788F6\"/>\n            <anchor id=\"97520796-9D00-5972-7CEF-79BDB2D6AA37\" dx=\"2\" dy=\"29.1\" target=\"6A44AD41-2461-C5D4-68D5-79BDB2D5188D\"/>\n          </sprite>\n          <sprite id=\"9C9106D7-FB21-894B-D442-79BD8DAA80CF\" dataid=\"BB77AC3C-9919-7BF4-43BD-79BD8DB22247\" annotation=\"10743F94-FC57-0B31-0283-79BD913EBC21\" dx=\"NaN\" dy=\"NaN\" box=\"202,284,25.049999999999997,76.3\" spriteid=\"Parameter Specification\">\n            <anchor id=\"C812CBEA-DA8E-6228-011E-79BD9144D410\" dx=\"0\" dy=\"0\" target=\"10743F94-FC57-0B31-0283-79BD913EBC21\"/>\n            <anchor id=\"19BF524E-535E-588D-9338-79BDB2D5FBEA\" dx=\"26\" dy=\"27\" target=\"6A44AD41-2461-C5D4-68D5-79BDB2D5188D\"/>\n          </sprite>\n          <sprite id=\"B6A7B49F-B811-6B03-EB5B-79E4994ED4CC\" dataid=\"8671F949-C562-DFF9-ED6B-79E49E8AB92D\" annotation=\"90E4699A-BD1D-5C45-71AA-79E49FD73624\" dx=\"NaN\" dy=\"NaN\" box=\"275.25,464.6,119.5,62.75\" spriteid=\"Activity\">\n            <anchor id=\"6AFCA3C9-8DDB-EF65-CF54-79E4E64C2072\" dx=\"59.75\" dy=\"31.35\" target=\"DB0E21A6-0D6F-C9A1-3B5E-79E4E64C8273\"/>\n            <anchor id=\"EF356064-E869-1803-015F-79E4995747DE\" dx=\"59.75\" dy=\"31.4\" target=\"AD495505-A4F9-66C4-30D0-79E499572D4D\"/>\n            <anchor id=\"30311B41-EDE9-1ACA-BC17-79E49FDD9FE3\" dx=\"0\" dy=\"0\" target=\"90E4699A-BD1D-5C45-71AA-79E49FD73624\"/>\n          </sprite>\n          <sprite id=\"F2766E79-5789-235A-2E6D-79E4E642963D\" dataid=\"13AD7E86-35A7-C7FC-2A5C-79E5052E37BC\" annotation=\"11499DF8-E6A3-9AF9-8B38-79E50942DBF2\" dx=\"NaN\" dy=\"NaN\" box=\"303,552.45,64,63.1\" spriteid=\"Measurement Specification\">\n            <anchor id=\"6301B452-90A6-D8D3-7766-79E4E64CC9B4\" dx=\"32\" dy=\"31.55\" target=\"DB0E21A6-0D6F-C9A1-3B5E-79E4E64C8273\"/>\n            <anchor id=\"6F02780D-9CEF-8EF1-51ED-79E5094B9206\" dx=\"0\" dy=\"0\" target=\"11499DF8-E6A3-9AF9-8B38-79E50942DBF2\"/>\n          </sprite>\n          <sprite id=\"6018F85A-8D1D-BDEC-C57E-79BFA3E61D8F\" dataid=\"66217E27-372C-5696-92CB-79BFA3EF3CB1\" annotation=\"83A77BE7-1ABD-4ABA-81BF-79C002FC8DB4\" dx=\"NaN\" dy=\"NaN\" box=\"137,216,25.049999999999997,76.3\" spriteid=\"Parameter Specification\">\n            <anchor id=\"8FAE2739-A3B4-1C83-A3B1-79BFB191F0DE\" dx=\"27\" dy=\"-2.15\" target=\"11CFC126-89D0-AADF-A640-79BFB19155D1\"/>\n            <anchor id=\"25BB0314-E1D1-AF94-9B66-79C00302ECD9\" dx=\"0\" dy=\"0\" target=\"83A77BE7-1ABD-4ABA-81BF-79C002FC8DB4\"/>\n          </sprite>\n          <sprite id=\"B54D927D-17AC-2707-6E27-79C0621F275E\" dataid=\"5361748C-A266-3F23-AF6D-79C06818BDFD\" selected=\"true\" annotation=\"7411AAFC-F345-B7A3-8868-79C06DD750BD\" dx=\"NaN\" dy=\"NaN\" box=\"304,376.45,64,63.1\" spriteid=\"Measurement Specification\">\n            <anchor id=\"34374383-40BC-A1AD-18BD-79E499572B59\" dx=\"32\" dy=\"31.55\" target=\"AD495505-A4F9-66C4-30D0-79E499572D4D\"/>\n            <anchor id=\"606A46B3-8AAD-A1BA-4644-79C062276281\" dx=\"32\" dy=\"31.55\" target=\"94DBCDAC-E6C1-1FFD-912C-79C0622788F6\"/>\n            <anchor id=\"479781C4-44B2-7031-FD10-79C06DE04C70\" dx=\"0\" dy=\"0\" target=\"7411AAFC-F345-B7A3-8868-79C06DD750BD\"/>\n          </sprite>\n        </sprites>\n        <annotations id=\"F4E3AB9F-7A44-F9B8-6A7C-79B638D567F6\">\n          <annotation id=\"D37E44FC-FBE8-95A8-0B0C-79B719F22E16\" master=\"310FAB23-86A5-FDF0-21A8-79B719FAA520\" dx=\"9.899999999999975\" dy=\"11\" box=\"279.9,90,100,38\" spriteid=\"annotation\"><![CDATA[Tagged Fragment]]></annotation>\n          <annotation id=\"1DC9493E-2B01-0904-469A-79BCBCB97E0F\" master=\"7832FC84-E743-CD9E-9D2A-79BCBCBE4B13\" dx=\"0.75\" dy=\"17.75\" box=\"273.75,298.65,100,18.25\" spriteid=\"annotation\"><![CDATA[Western Blot]]></annotation>\n          <annotation id=\"B28E0656-2C7E-EFF4-B10D-79B9969D0FE9\" master=\"6C3E75CE-124E-9CA3-C592-79B996A30689\" dx=\"4.75\" dy=\"7.75\" box=\"275.75,183.6,100,38.25\" spriteid=\"annotation\"><![CDATA[Binding\rReaction]]></annotation>\n          <annotation id=\"60A10184-CEF4-0D04-F49B-79B758ACE17B\" master=\"AFBACF83-5B32-75F1-3A85-79B758B11416\" dx=\"-96.5\" dy=\"7.300000000000011\" box=\"69.9,78.3,100,53.7\" spriteid=\"annotation\"><![CDATA[tagged-molecular-fragment]]></annotation>\n          <annotation id=\"6629B301-B6B7-A16F-EF5E-79BB8A5F0AEB\" master=\"5287E209-A81D-2BED-9776-79BB8A65000C\" dx=\"-96.5\" dy=\"10.300000000000011\" box=\"5,159.3,100,64\" spriteid=\"annotation\"><![CDATA[primary-molecular-fragment]]></annotation>\n          <annotation id=\"83A77BE7-1ABD-4ABA-81BF-79C002FC8DB4\" master=\"25BB0314-E1D1-AF94-9B66-79C00302ECD9\" dx=\"-100.5\" dy=\"16.30000000000001\" box=\"36.5,232.3,100,52.7\" spriteid=\"annotation\"><![CDATA[competing-molecular-fragment]]></annotation>\n          <annotation id=\"7411AAFC-F345-B7A3-8868-79C06DD750BD\" master=\"479781C4-44B2-7031-FD10-79C06DE04C70\" dx=\"62\" dy=\"20.100000000000023\" box=\"366,396.55,100,43\" spriteid=\"annotation\"><![CDATA[band-density]]></annotation>\n          <annotation id=\"90E4699A-BD1D-5C45-71AA-79E49FD73624\" master=\"30311B41-EDE9-1ACA-BC17-79E49FDD9FE3\" dx=\"9.75\" dy=\"11.75\" box=\"285,476.35,100,38\" spriteid=\"annotation\"><![CDATA[densiometric-scanning]]></annotation>\n          <annotation id=\"11499DF8-E6A3-9AF9-8B38-79E50942DBF2\" master=\"6F02780D-9CEF-8EF1-51ED-79E5094B9206\" dx=\"-18\" dy=\"63.09999999999991\" box=\"285,615.55,100,46\" spriteid=\"annotation\"><![CDATA[percent-of-input]]></annotation>\n          <annotation id=\"10743F94-FC57-0B31-0283-79BD913EBC21\" master=\"C812CBEA-DA8E-6228-011E-79BD9144D410\" dx=\"-37.5\" dy=\"76.30000000000001\" box=\"164.5,360.3,100,27.700000000000003\" spriteid=\"annotation\"><![CDATA[antibody]]></annotation>\n        </annotations>\n      </lane>\n      <links id=\"F6CD8503-A069-C816-9736-79B638D57504\"/>\n      <annotations id=\"3010A768-7DB8-1A72-B657-79B638D5677D\"/>\n    </panel>\n    <links id=\"35A2A708-2161-3E32-D324-79B638D5FC55\"/>\n    <annotations id=\"DC91F46B-671A-29D6-2F34-79B638D5143A\"/>\n  </panels>\n</diagram>","dateTime":"Thu Jan 1 19:52:08 GMT-0800 2015","source":"11777939-Fig2BC"}