{"designUid":"65811B1F-E608-5D98-D65F-A81EEB4D7EF3","type":"TimedIncubation_affinityPrecipitation_WB_MobiltyShift","modelName":"11777939-Fig8D","citeKey":"11777939-Fig8D","edges":[{"start":"3735D818-34A2-A83A-A235-A81EEB4E249A","_type":"KefedLink","uid":"965835BC-5323-9DB5-3A05-78B699B9F646","end":"B3D282D1-B400-B853-BAF3-A81EEB4EF414"},{"start":"B3D282D1-B400-B853-BAF3-A81EEB4EF414","_type":"KefedLink","uid":"5D94C0CE-A643-8EAD-64A8-78B716BA88A9","end":"601FA086-DBDE-19DC-2749-A81EEB4E00C1"},{"start":"601FA086-DBDE-19DC-2749-A81EEB4E00C1","_type":"KefedLink","uid":"199E68D5-79C8-2EEC-452B-78B7AB0F8C93","end":"0AA671CB-3DCA-2118-93FD-A81EEB4E5640"},{"start":"0AA671CB-3DCA-2118-93FD-A81EEB4E5640","_type":"KefedLink","uid":"BB89F14F-D850-D262-EAA9-78B821C4BAC9","end":"F061F38A-9BED-66DE-09B4-A81EEB4E74B9"},{"start":"0340E322-6A87-887C-4771-A81EEB4F9F1A","_type":"KefedLink","uid":"ADB8BB46-470F-5A76-E8A9-78BBA1B5FC4F","end":"601FA086-DBDE-19DC-2749-A81EEB4E00C1"},{"start":"B60F3B51-01C6-45FA-A18E-A81EEB4F8429","_type":"KefedLink","uid":"B7BF7488-7EBB-C7AA-3580-78BC9CD276D2","end":"0AA671CB-3DCA-2118-93FD-A81EEB4E5640"},{"start":"BC65D2B0-B0A2-F2FF-9A43-A81EEB4FC95A","_type":"KefedLink","uid":"C9029B14-FD42-753D-DB03-790EE8F644EE","end":"31B94A54-F3FE-4C6E-B85C-A81EEB4E9729"},{"start":"A479180A-89EE-BBD4-9633-A81EEB4F0218","_type":"KefedLink","uid":"AF23B4CE-D83C-03B1-23FF-88B7D71678A6","end":"3735D818-34A2-A83A-A235-A81EEB4E249A"},{"start":"69239925-4E2E-4E74-26F5-A81EEB4F0A17","_type":"KefedLink","uid":"B72FAA1D-6E77-AFAE-2390-88B8ADFE1DF1","end":"A479180A-89EE-BBD4-9633-A81EEB4F0218"},{"start":"31B94A54-F3FE-4C6E-B85C-A81EEB4E9729","_type":"KefedLink","uid":"7FFA7153-EA2D-3C86-63A1-A7D1210FE31C","end":"A479180A-89EE-BBD4-9633-A81EEB4F0218"}],"uid":"3960F673-7C54-7F88-B3E1-A8285C43BEB0","nodes":[{"_type":"KefedObject","compositions":0,"spriteid":"Experimental Object","nameValue":"Cell-Line","ontologyIds":[],"did":"DFF1519B-E662-2239-5408-78B34E1F7CF0","type":"sprite","master":"","uid":"31B94A54-F3FE-4C6E-B85C-A81EEB4E9729","dataTable":[],"notes":null},{"_type":"KefedObject","compositions":0,"spriteid":"Activity","nameValue":"Cell Lysing","ontologyIds":[],"did":"2F5159C8-6BEA-DDE8-0619-78B63B8C42B3","type":"sprite","master":"","uid":"3735D818-34A2-A83A-A235-A81EEB4E249A","dataTable":[],"notes":null},{"_type":"KefedObject","compositions":0,"spriteid":"Experimental Object","nameValue":"Lysate","ontologyIds":[],"did":"4FA20054-2D27-18F6-2330-78B690D31E41","type":"sprite","master":"","uid":"B3D282D1-B400-B853-BAF3-A81EEB4EF414","dataTable":[],"notes":null},{"_type":"KefedObject","compositions":0,"spriteid":"Activity","nameValue":"Affinity Precipitation","ontologyIds":[],"did":"B979AC95-52F7-E99F-79C7-78B70D0DE64F","type":"sprite","master":"","uid":"601FA086-DBDE-19DC-2749-A81EEB4E00C1","dataTable":[],"notes":null},{"_type":"KefedObject","compositions":0,"spriteid":"Activity","nameValue":"Western\rBlot","ontologyIds":[],"did":"866C1DBF-FC2E-C8FB-5971-78B7A57BD34E","type":"sprite","master":"","uid":"0AA671CB-3DCA-2118-93FD-A81EEB4E5640","dataTable":[],"notes":null},{"spriteid":"Measurement Specification","nameValue":"band-density+shift","did":"753B260A-35F5-C45D-42E3-78B81A04B708","master":"","ontologyIds":[],"valueType":{"maximumValue":"","multipleSlotFields":[{"_type":"KefedFieldTemplate","notes":null,"ontologyIds":[],"nameValue":"protein-concentration","uid":"19981B51-ACEB-F417-B134-A81EEB4FFD53","valueType":{"maximumValue":"","orderedValues":false,"nameValue":"","allowedUnits":[],"valueTypeName":"Text","allowedPatterns":[],"allowedValues":[],"_type":"KefedBaseValueTemplate","allowFreeValueInput":true,"termLookupFunction":"","allowFreeUnitInput":true,"minimumValue":"","allowFreePatternInput":true}},{"_type":"KefedFieldTemplate","notes":null,"ontologyIds":[],"nameValue":"mobility-shift","uid":"406E194E-CD81-27D8-8970-A81EEB4F90F6","valueType":{"maximumValue":"","orderedValues":false,"nameValue":"","allowedUnits":[],"valueTypeName":"True/False","allowedPatterns":[],"allowedValues":[],"_type":"KefedBaseValueTemplate","allowFreeValueInput":true,"termLookupFunction":"","allowFreeUnitInput":true,"minimumValue":"","allowFreePatternInput":true}}],"orderedValues":false,"nameValue":"","allowedUnits":[],"valueTypeName":"Table","allowedPatterns":[],"allowedValues":[],"_type":"KefedFullValueTemplate","allowFreeValueInput":true,"termLookupFunction":"","allowFreeUnitInput":true,"minimumValue":"","allowFreePatternInput":false},"_type":"KefedObject","compositions":0,"uid":"F061F38A-9BED-66DE-09B4-A81EEB4E74B9","type":"sprite","notes":null,"dataTable":[]},{"spriteid":"Parameter Specification","nameValue":"target-molecule","did":"D90CD077-51BE-C12E-678F-78BB84F3525C","master":"","ontologyIds":[],"valueType":{"maximumValue":"","multipleSlotFields":[{"_type":"KefedFieldTemplate","notes":null,"ontologyIds":[],"nameValue":"molecule","uid":"9417BD34-5371-E838-41AB-A81EEB4FD4A0","valueType":{"maximumValue":"","orderedValues":false,"nameValue":"","allowedUnits":[],"valueTypeName":"Text","allowedPatterns":[],"allowedValues":[],"_type":"KefedBaseValueTemplate","allowFreeValueInput":true,"termLookupFunction":"","allowFreeUnitInput":true,"minimumValue":"","allowFreePatternInput":false}},{"_type":"KefedFieldTemplate","notes":null,"ontologyIds":[],"nameValue":"fragment-start-pos","uid":"1AA7B79D-073B-82C7-F7F3-A81EEB4F3DCE","valueType":{"maximumValue":"","orderedValues":false,"nameValue":"","allowedUnits":[],"valueTypeName":"Integer","allowedPatterns":[],"allowedValues":[],"_type":"KefedBaseValueTemplate","allowFreeValueInput":true,"termLookupFunction":"","allowFreeUnitInput":true,"minimumValue":"","allowFreePatternInput":false}},{"_type":"KefedFieldTemplate","notes":null,"ontologyIds":[],"nameValue":"fragment-end-pos","uid":"195377DD-079B-1A01-8371-A81EEB4FC56B","valueType":{"maximumValue":"","orderedValues":false,"nameValue":"","allowedUnits":[],"valueTypeName":"Integer","allowedPatterns":[],"allowedValues":[],"_type":"KefedBaseValueTemplate","allowFreeValueInput":true,"termLookupFunction":"","allowFreeUnitInput":true,"minimumValue":"","allowFreePatternInput":false}}],"orderedValues":false,"nameValue":"","allowedUnits":[],"valueTypeName":"Text","allowedPatterns":[],"allowedValues":[],"_type":"KefedFullValueTemplate","allowFreeValueInput":true,"termLookupFunction":"","allowFreeUnitInput":true,"minimumValue":"","allowFreePatternInput":false},"_type":"KefedObject","compositions":0,"uid":"0340E322-6A87-887C-4771-A81EEB4F9F1A","type":"sprite","notes":null,"dataTable":[]},{"spriteid":"Parameter Specification","nameValue":"primary-antibody","did":"D465C8EB-57E1-D1B6-435D-78BC55090D20","master":"","ontologyIds":[],"valueType":{"maximumValue":"","multipleSlotFields":[],"orderedValues":false,"nameValue":"","allowedUnits":[],"valueTypeName":"Text","allowedPatterns":[],"allowedValues":[],"_type":"KefedFullValueTemplate","allowFreeValueInput":true,"termLookupFunction":"","allowFreeUnitInput":true,"minimumValue":"","allowFreePatternInput":false},"_type":"KefedObject","compositions":0,"uid":"B60F3B51-01C6-45FA-A18E-A81EEB4F8429","type":"sprite","notes":null,"dataTable":[]},{"spriteid":"Constant Specification","nameValue":"cell-type","did":"00A2C59A-C7D7-9598-559F-790EDD07191D","master":"","ontologyIds":[],"valueType":{"maximumValue":"","multipleSlotFields":[],"orderedValues":false,"nameValue":"","allowedUnits":[],"valueTypeName":"Text","allowedPatterns":[],"allowedValues":[],"_type":"KefedFullValueTemplate","allowFreeValueInput":true,"termLookupFunction":"","allowFreeUnitInput":true,"minimumValue":"","allowFreePatternInput":true},"_type":"KefedObject","compositions":0,"uid":"BC65D2B0-B0A2-F2FF-9A43-A81EEB4FC95A","type":"sprite","notes":null,"dataTable":[]},{"_type":"KefedObject","compositions":0,"spriteid":"Activity","nameValue":"Incubation","ontologyIds":[],"did":"F8F0E310-FB9B-035A-6492-88B7CE03B3F6","type":"sprite","master":"","uid":"A479180A-89EE-BBD4-9633-A81EEB4F0218","dataTable":[],"notes":null},{"spriteid":"Parameter Specification","nameValue":"reagent-treatment","did":"74A2B83A-AD64-8525-3ABE-88B8478AC27E","master":"","ontologyIds":[],"valueType":{"maximumValue":"","multipleSlotFields":[{"_type":"KefedFieldTemplate","notes":null,"ontologyIds":[],"nameValue":"reagent","uid":"31FA302C-9AE9-27EB-9318-A81EEB4F4068","valueType":{"maximumValue":"","orderedValues":false,"nameValue":"","allowedUnits":[],"valueTypeName":"Text","allowedPatterns":[],"allowedValues":[],"_type":"KefedBaseValueTemplate","allowFreeValueInput":true,"termLookupFunction":"","allowFreeUnitInput":true,"minimumValue":"","allowFreePatternInput":false}},{"_type":"KefedFieldTemplate","notes":null,"ontologyIds":[],"nameValue":"duration","uid":"8B6EF5CD-1CB2-4C49-D6D9-A81EEB4F4C0D","valueType":{"maximumValue":"","orderedValues":false,"nameValue":"","allowedUnits":[],"valueTypeName":"Text","allowedPatterns":[],"allowedValues":[],"_type":"KefedBaseValueTemplate","allowFreeValueInput":true,"termLookupFunction":"","allowFreeUnitInput":true,"minimumValue":"","allowFreePatternInput":false}}],"orderedValues":false,"nameValue":"","allowedUnits":[],"valueTypeName":"Table","allowedPatterns":[],"allowedValues":[],"_type":"KefedFullValueTemplate","allowFreeValueInput":true,"termLookupFunction":"","allowFreeUnitInput":true,"minimumValue":"","allowFreePatternInput":false},"_type":"KefedObject","compositions":0,"uid":"69239925-4E2E-4E74-26F5-A81EEB4F0A17","type":"sprite","notes":null,"dataTable":[]}],"experimentData":{"F061F38A-9BED-66DE-09B4-A81EEB4E74B9":[{"B60F3B51-01C6-45FA-A18E-A81EEB4F8429":"Sos-1","mx_internal_uid":"AB07D3C9-0B17-BD61-4DD4-A8308C1AA3FA","69239925-4E2E-4E74-26F5-A81EEB4F0A17":{"8B6EF5CD-1CB2-4C49-D6D9-A81EEB4F4C0D":"0","31FA302C-9AE9-27EB-9318-A81EEB4F4068":"PDGF"},"F061F38A-9BED-66DE-09B4-A81EEB4E74B9":{"19981B51-ACEB-F417-B134-A81EEB4FFD53":"6/7: high","406E194E-CD81-27D8-8970-A81EEB4F90F6":true},"BC65D2B0-B0A2-F2FF-9A43-A81EEB4FC95A":"mouse embryo fibroblast","0340E322-6A87-887C-4771-A81EEB4F9F1A":"lysate"},{"B60F3B51-01C6-45FA-A18E-A81EEB4F8429":"Sos-1","mx_internal_uid":"68F9188C-2AC7-E2FB-D6D8-A8308C3ADEAC","69239925-4E2E-4E74-26F5-A81EEB4F0A17":{"8B6EF5CD-1CB2-4C49-D6D9-A81EEB4F4C0D":"1","31FA302C-9AE9-27EB-9318-A81EEB4F4068":"PDGF"},"F061F38A-9BED-66DE-09B4-A81EEB4E74B9":{"19981B51-ACEB-F417-B134-A81EEB4FFD53":"6/7: high","406E194E-CD81-27D8-8970-A81EEB4F90F6":true},"BC65D2B0-B0A2-F2FF-9A43-A81EEB4FC95A":"mouse embryo fibroblast","0340E322-6A87-887C-4771-A81EEB4F9F1A":"lysate"},{"B60F3B51-01C6-45FA-A18E-A81EEB4F8429":"Sos-1","mx_internal_uid":"F9F2AD31-739B-CEC6-FF71-A8308C414D0A","69239925-4E2E-4E74-26F5-A81EEB4F0A17":{"8B6EF5CD-1CB2-4C49-D6D9-A81EEB4F4C0D":"3","31FA302C-9AE9-27EB-9318-A81EEB4F4068":"PDGF"},"F061F38A-9BED-66DE-09B4-A81EEB4E74B9":{"19981B51-ACEB-F417-B134-A81EEB4FFD53":"6/7: high","406E194E-CD81-27D8-8970-A81EEB4F90F6":true},"BC65D2B0-B0A2-F2FF-9A43-A81EEB4FC95A":"mouse embryo fibroblast","0340E322-6A87-887C-4771-A81EEB4F9F1A":"lysate"},{"B60F3B51-01C6-45FA-A18E-A81EEB4F8429":"Sos-1","mx_internal_uid":"89286F86-BF88-5CF7-A7E8-A8308C4686AF","69239925-4E2E-4E74-26F5-A81EEB4F0A17":{"8B6EF5CD-1CB2-4C49-D6D9-A81EEB4F4C0D":"5","31FA302C-9AE9-27EB-9318-A81EEB4F4068":"PDGF"},"F061F38A-9BED-66DE-09B4-A81EEB4E74B9":{"19981B51-ACEB-F417-B134-A81EEB4FFD53":"6/7: high","406E194E-CD81-27D8-8970-A81EEB4F90F6":true},"BC65D2B0-B0A2-F2FF-9A43-A81EEB4FC95A":"mouse embryo fibroblast","0340E322-6A87-887C-4771-A81EEB4F9F1A":"lysate"},{"B60F3B51-01C6-45FA-A18E-A81EEB4F8429":"Sos-1","mx_internal_uid":"FAE73C89-9F7B-36B9-AB61-A8308C4DF24B","69239925-4E2E-4E74-26F5-A81EEB4F0A17":{"8B6EF5CD-1CB2-4C49-D6D9-A81EEB4F4C0D":"10","31FA302C-9AE9-27EB-9318-A81EEB4F4068":"PDGF"},"F061F38A-9BED-66DE-09B4-A81EEB4E74B9":{"19981B51-ACEB-F417-B134-A81EEB4FFD53":"6/7: high","406E194E-CD81-27D8-8970-A81EEB4F90F6":true},"BC65D2B0-B0A2-F2FF-9A43-A81EEB4FC95A":"mouse embryo fibroblast","0340E322-6A87-887C-4771-A81EEB4F9F1A":"lysate"},{"B60F3B51-01C6-45FA-A18E-A81EEB4F8429":"Sos-1","mx_internal_uid":"610E981B-D439-5F95-2BA0-A8308C531DFA","69239925-4E2E-4E74-26F5-A81EEB4F0A17":{"8B6EF5CD-1CB2-4C49-D6D9-A81EEB4F4C0D":"15","31FA302C-9AE9-27EB-9318-A81EEB4F4068":"PDGF"},"F061F38A-9BED-66DE-09B4-A81EEB4E74B9":{"19981B51-ACEB-F417-B134-A81EEB4FFD53":"6/7: high","406E194E-CD81-27D8-8970-A81EEB4F90F6":true},"BC65D2B0-B0A2-F2FF-9A43-A81EEB4FC95A":"mouse embryo fibroblast","0340E322-6A87-887C-4771-A81EEB4F9F1A":"lysate"},{"B60F3B51-01C6-45FA-A18E-A81EEB4F8429":"Ras","mx_internal_uid":"8CAE9ACC-83CF-F2D6-9B65-A8308C5C4DC0","69239925-4E2E-4E74-26F5-A81EEB4F0A17":{"8B6EF5CD-1CB2-4C49-D6D9-A81EEB4F4C0D":"0","31FA302C-9AE9-27EB-9318-A81EEB4F4068":"PDGF"},"F061F38A-9BED-66DE-09B4-A81EEB4E74B9":{"19981B51-ACEB-F417-B134-A81EEB4FFD53":"1/7: very low","406E194E-CD81-27D8-8970-A81EEB4F90F6":"0"},"BC65D2B0-B0A2-F2FF-9A43-A81EEB4FC95A":"mouse embryo fibroblast","0340E322-6A87-887C-4771-A81EEB4F9F1A":"GST-RBD"},{"B60F3B51-01C6-45FA-A18E-A81EEB4F8429":"Ras","mx_internal_uid":"C23A04E6-55FA-F156-B86C-A8308C638216","69239925-4E2E-4E74-26F5-A81EEB4F0A17":{"8B6EF5CD-1CB2-4C49-D6D9-A81EEB4F4C0D":"1","31FA302C-9AE9-27EB-9318-A81EEB4F4068":"PDGF"},"F061F38A-9BED-66DE-09B4-A81EEB4E74B9":{"19981B51-ACEB-F417-B134-A81EEB4FFD53":"6/7: high","406E194E-CD81-27D8-8970-A81EEB4F90F6":"0"},"BC65D2B0-B0A2-F2FF-9A43-A81EEB4FC95A":"mouse embryo fibroblast","0340E322-6A87-887C-4771-A81EEB4F9F1A":"GST-RBD"},{"B60F3B51-01C6-45FA-A18E-A81EEB4F8429":"Ras","mx_internal_uid":"36E0935C-B9B6-87FB-9BD0-A8308C688913","69239925-4E2E-4E74-26F5-A81EEB4F0A17":{"8B6EF5CD-1CB2-4C49-D6D9-A81EEB4F4C0D":"3","31FA302C-9AE9-27EB-9318-A81EEB4F4068":"PDGF"},"F061F38A-9BED-66DE-09B4-A81EEB4E74B9":{"19981B51-ACEB-F417-B134-A81EEB4FFD53":"6/7: high","406E194E-CD81-27D8-8970-A81EEB4F90F6":"0"},"BC65D2B0-B0A2-F2FF-9A43-A81EEB4FC95A":"mouse embryo fibroblast","0340E322-6A87-887C-4771-A81EEB4F9F1A":"GST-RBD"},{"B60F3B51-01C6-45FA-A18E-A81EEB4F8429":"Ras","mx_internal_uid":"0465F5FC-3882-CEB8-84E3-A8308C6E3849","69239925-4E2E-4E74-26F5-A81EEB4F0A17":{"8B6EF5CD-1CB2-4C49-D6D9-A81EEB4F4C0D":"5","31FA302C-9AE9-27EB-9318-A81EEB4F4068":"PDGF"},"F061F38A-9BED-66DE-09B4-A81EEB4E74B9":{"19981B51-ACEB-F417-B134-A81EEB4FFD53":"1/7: very low","406E194E-CD81-27D8-8970-A81EEB4F90F6":"0"},"BC65D2B0-B0A2-F2FF-9A43-A81EEB4FC95A":"mouse embryo fibroblast","0340E322-6A87-887C-4771-A81EEB4F9F1A":"GST-RBD"},{"B60F3B51-01C6-45FA-A18E-A81EEB4F8429":"Ras","mx_internal_uid":"DFF0431A-BE32-1AB5-E51D-A8308C74FD30","69239925-4E2E-4E74-26F5-A81EEB4F0A17":{"8B6EF5CD-1CB2-4C49-D6D9-A81EEB4F4C0D":"10","31FA302C-9AE9-27EB-9318-A81EEB4F4068":"PDGF"},"F061F38A-9BED-66DE-09B4-A81EEB4E74B9":{"19981B51-ACEB-F417-B134-A81EEB4FFD53":"1/7: very low","406E194E-CD81-27D8-8970-A81EEB4F90F6":"0"},"BC65D2B0-B0A2-F2FF-9A43-A81EEB4FC95A":"mouse embryo fibroblast","0340E322-6A87-887C-4771-A81EEB4F9F1A":"GST-RBD"},{"B60F3B51-01C6-45FA-A18E-A81EEB4F8429":"Ras","mx_internal_uid":"47A5AB86-5AB1-A134-85C0-A8308C7BDC23","69239925-4E2E-4E74-26F5-A81EEB4F0A17":{"8B6EF5CD-1CB2-4C49-D6D9-A81EEB4F4C0D":"15","31FA302C-9AE9-27EB-9318-A81EEB4F4068":"PDGF"},"F061F38A-9BED-66DE-09B4-A81EEB4E74B9":{"19981B51-ACEB-F417-B134-A81EEB4FFD53":"1/7: very low","406E194E-CD81-27D8-8970-A81EEB4F90F6":"0"},"BC65D2B0-B0A2-F2FF-9A43-A81EEB4FC95A":"mouse embryo fibroblast","0340E322-6A87-887C-4771-A81EEB4F9F1A":"GST-RBD"},{"B60F3B51-01C6-45FA-A18E-A81EEB4F8429":"Ras","mx_internal_uid":"F886A765-049A-1F5B-6F8C-A8308C817E3F","69239925-4E2E-4E74-26F5-A81EEB4F0A17":{"8B6EF5CD-1CB2-4C49-D6D9-A81EEB4F4C0D":"0","31FA302C-9AE9-27EB-9318-A81EEB4F4068":"PDGF"},"F061F38A-9BED-66DE-09B4-A81EEB4E74B9":{"19981B51-ACEB-F417-B134-A81EEB4FFD53":"6/7: high","406E194E-CD81-27D8-8970-A81EEB4F90F6":"0"},"BC65D2B0-B0A2-F2FF-9A43-A81EEB4FC95A":"mouse embryo fibroblast","0340E322-6A87-887C-4771-A81EEB4F9F1A":"lysate"},{"B60F3B51-01C6-45FA-A18E-A81EEB4F8429":"Ras","mx_internal_uid":"12C9945D-7F35-ACB1-AECF-A83132237E56","69239925-4E2E-4E74-26F5-A81EEB4F0A17":{"8B6EF5CD-1CB2-4C49-D6D9-A81EEB4F4C0D":"1","31FA302C-9AE9-27EB-9318-A81EEB4F4068":"PDGF"},"F061F38A-9BED-66DE-09B4-A81EEB4E74B9":{"19981B51-ACEB-F417-B134-A81EEB4FFD53":"6/7: high","406E194E-CD81-27D8-8970-A81EEB4F90F6":false},"BC65D2B0-B0A2-F2FF-9A43-A81EEB4FC95A":"mouse embryo fibroblast","0340E322-6A87-887C-4771-A81EEB4F9F1A":"lysate"},{"B60F3B51-01C6-45FA-A18E-A81EEB4F8429":"Ras","mx_internal_uid":"9EFF5D53-E814-C2E1-A265-A83132248C1A","69239925-4E2E-4E74-26F5-A81EEB4F0A17":{"8B6EF5CD-1CB2-4C49-D6D9-A81EEB4F4C0D":"3","31FA302C-9AE9-27EB-9318-A81EEB4F4068":"PDGF"},"F061F38A-9BED-66DE-09B4-A81EEB4E74B9":{"19981B51-ACEB-F417-B134-A81EEB4FFD53":"6/7: high","406E194E-CD81-27D8-8970-A81EEB4F90F6":"0"},"BC65D2B0-B0A2-F2FF-9A43-A81EEB4FC95A":"mouse embryo fibroblast","0340E322-6A87-887C-4771-A81EEB4F9F1A":"lysate"},{"B60F3B51-01C6-45FA-A18E-A81EEB4F8429":"Ras","mx_internal_uid":"5B59881C-4006-663F-A54A-A83132258980","69239925-4E2E-4E74-26F5-A81EEB4F0A17":{"8B6EF5CD-1CB2-4C49-D6D9-A81EEB4F4C0D":"5","31FA302C-9AE9-27EB-9318-A81EEB4F4068":"PDGF"},"F061F38A-9BED-66DE-09B4-A81EEB4E74B9":{"19981B51-ACEB-F417-B134-A81EEB4FFD53":"6/7: high","406E194E-CD81-27D8-8970-A81EEB4F90F6":"0"},"BC65D2B0-B0A2-F2FF-9A43-A81EEB4FC95A":"mouse embryo fibroblast","0340E322-6A87-887C-4771-A81EEB4F9F1A":"lysate"},{"B60F3B51-01C6-45FA-A18E-A81EEB4F8429":"Ras","mx_internal_uid":"5EFB54A2-F566-AD73-C528-A83132266FCD","69239925-4E2E-4E74-26F5-A81EEB4F0A17":{"8B6EF5CD-1CB2-4C49-D6D9-A81EEB4F4C0D":"10","31FA302C-9AE9-27EB-9318-A81EEB4F4068":"PDGF"},"F061F38A-9BED-66DE-09B4-A81EEB4E74B9":{"19981B51-ACEB-F417-B134-A81EEB4FFD53":"6/7: high","406E194E-CD81-27D8-8970-A81EEB4F90F6":"0"},"BC65D2B0-B0A2-F2FF-9A43-A81EEB4FC95A":"mouse embryo fibroblast","0340E322-6A87-887C-4771-A81EEB4F9F1A":"lysate"},{"B60F3B51-01C6-45FA-A18E-A81EEB4F8429":"Ras","mx_internal_uid":"A192098C-0C22-01D6-19C0-A8313227ED16","69239925-4E2E-4E74-26F5-A81EEB4F0A17":{"8B6EF5CD-1CB2-4C49-D6D9-A81EEB4F4C0D":"15","31FA302C-9AE9-27EB-9318-A81EEB4F4068":"PDGF"},"F061F38A-9BED-66DE-09B4-A81EEB4E74B9":{"19981B51-ACEB-F417-B134-A81EEB4FFD53":"6/7: high","406E194E-CD81-27D8-8970-A81EEB4F90F6":"0"},"BC65D2B0-B0A2-F2FF-9A43-A81EEB4FC95A":"mouse embryo fibroblast","0340E322-6A87-887C-4771-A81EEB4F9F1A":"lysate"},{"B60F3B51-01C6-45FA-A18E-A81EEB4F8429":"Rac","mx_internal_uid":"7564695B-8331-BD2D-1288-A83132285D89","69239925-4E2E-4E74-26F5-A81EEB4F0A17":{"8B6EF5CD-1CB2-4C49-D6D9-A81EEB4F4C0D":"0","31FA302C-9AE9-27EB-9318-A81EEB4F4068":"PDGF"},"F061F38A-9BED-66DE-09B4-A81EEB4E74B9":{"19981B51-ACEB-F417-B134-A81EEB4FFD53":"1/7: very low","406E194E-CD81-27D8-8970-A81EEB4F90F6":"0"},"BC65D2B0-B0A2-F2FF-9A43-A81EEB4FC95A":"mouse embryo fibroblast","0340E322-6A87-887C-4771-A81EEB4F9F1A":"GST-CRIB"},{"B60F3B51-01C6-45FA-A18E-A81EEB4F8429":"Rac","mx_internal_uid":"9D523B7B-B163-DFA7-62FB-A831322926D3","69239925-4E2E-4E74-26F5-A81EEB4F0A17":{"8B6EF5CD-1CB2-4C49-D6D9-A81EEB4F4C0D":"1","31FA302C-9AE9-27EB-9318-A81EEB4F4068":"PDGF"},"F061F38A-9BED-66DE-09B4-A81EEB4E74B9":{"19981B51-ACEB-F417-B134-A81EEB4FFD53":"4/7: moderate","406E194E-CD81-27D8-8970-A81EEB4F90F6":"1"},"BC65D2B0-B0A2-F2FF-9A43-A81EEB4FC95A":"mouse embryo fibroblast","0340E322-6A87-887C-4771-A81EEB4F9F1A":"GST-CRIB"},{"B60F3B51-01C6-45FA-A18E-A81EEB4F8429":"Rac","mx_internal_uid":"42FAB41D-B9D8-1663-3654-A831322A5085","69239925-4E2E-4E74-26F5-A81EEB4F0A17":{"8B6EF5CD-1CB2-4C49-D6D9-A81EEB4F4C0D":"3","31FA302C-9AE9-27EB-9318-A81EEB4F4068":"PDGF"},"F061F38A-9BED-66DE-09B4-A81EEB4E74B9":{"19981B51-ACEB-F417-B134-A81EEB4FFD53":"6/7: high","406E194E-CD81-27D8-8970-A81EEB4F90F6":"1"},"BC65D2B0-B0A2-F2FF-9A43-A81EEB4FC95A":"mouse embryo fibroblast","0340E322-6A87-887C-4771-A81EEB4F9F1A":"GST-CRIB"},{"B60F3B51-01C6-45FA-A18E-A81EEB4F8429":"Rac","mx_internal_uid":"718DBA0F-1D10-6BF7-E6D4-A831322B960D","69239925-4E2E-4E74-26F5-A81EEB4F0A17":{"8B6EF5CD-1CB2-4C49-D6D9-A81EEB4F4C0D":"5","31FA302C-9AE9-27EB-9318-A81EEB4F4068":"PDGF"},"F061F38A-9BED-66DE-09B4-A81EEB4E74B9":{"19981B51-ACEB-F417-B134-A81EEB4FFD53":"4/7: moderate","406E194E-CD81-27D8-8970-A81EEB4F90F6":"1"},"BC65D2B0-B0A2-F2FF-9A43-A81EEB4FC95A":"mouse embryo fibroblast","0340E322-6A87-887C-4771-A81EEB4F9F1A":"GST-CRIB"},{"B60F3B51-01C6-45FA-A18E-A81EEB4F8429":"Rac","mx_internal_uid":"74C5366C-FB6C-C1E6-2ADC-A831322C93D8","69239925-4E2E-4E74-26F5-A81EEB4F0A17":{"8B6EF5CD-1CB2-4C49-D6D9-A81EEB4F4C0D":"10","31FA302C-9AE9-27EB-9318-A81EEB4F4068":"PDGF"},"F061F38A-9BED-66DE-09B4-A81EEB4E74B9":{"19981B51-ACEB-F417-B134-A81EEB4FFD53":"4/7: moderate","406E194E-CD81-27D8-8970-A81EEB4F90F6":"1"},"BC65D2B0-B0A2-F2FF-9A43-A81EEB4FC95A":"mouse embryo fibroblast","0340E322-6A87-887C-4771-A81EEB4F9F1A":"GST-CRIB"},{"B60F3B51-01C6-45FA-A18E-A81EEB4F8429":"Rac","mx_internal_uid":"DDB89467-4D2D-DBCF-8AA6-A831322DA138","69239925-4E2E-4E74-26F5-A81EEB4F0A17":{"8B6EF5CD-1CB2-4C49-D6D9-A81EEB4F4C0D":"15","31FA302C-9AE9-27EB-9318-A81EEB4F4068":"PDGF"},"F061F38A-9BED-66DE-09B4-A81EEB4E74B9":{"19981B51-ACEB-F417-B134-A81EEB4FFD53":"4/7: moderate","406E194E-CD81-27D8-8970-A81EEB4F90F6":true},"BC65D2B0-B0A2-F2FF-9A43-A81EEB4FC95A":"mouse embryo fibroblast","0340E322-6A87-887C-4771-A81EEB4F9F1A":"GST-CRIB"},{"B60F3B51-01C6-45FA-A18E-A81EEB4F8429":"Ras","mx_internal_uid":"A216B408-417A-FFA3-1A6F-A831322E7181","69239925-4E2E-4E74-26F5-A81EEB4F0A17":{"8B6EF5CD-1CB2-4C49-D6D9-A81EEB4F4C0D":"0","31FA302C-9AE9-27EB-9318-A81EEB4F4068":"PDGF"},"F061F38A-9BED-66DE-09B4-A81EEB4E74B9":{"19981B51-ACEB-F417-B134-A81EEB4FFD53":"4/7: moderate","406E194E-CD81-27D8-8970-A81EEB4F90F6":"0"},"BC65D2B0-B0A2-F2FF-9A43-A81EEB4FC95A":"mouse embryo fibroblast","0340E322-6A87-887C-4771-A81EEB4F9F1A":"lysate"},{"B60F3B51-01C6-45FA-A18E-A81EEB4F8429":"Ras","mx_internal_uid":"A1442992-C91E-6C71-DE65-A8313BE5DEB4","69239925-4E2E-4E74-26F5-A81EEB4F0A17":{"8B6EF5CD-1CB2-4C49-D6D9-A81EEB4F4C0D":"1","31FA302C-9AE9-27EB-9318-A81EEB4F4068":"PDGF"},"F061F38A-9BED-66DE-09B4-A81EEB4E74B9":{"19981B51-ACEB-F417-B134-A81EEB4FFD53":"4/7: moderate","406E194E-CD81-27D8-8970-A81EEB4F90F6":"0"},"BC65D2B0-B0A2-F2FF-9A43-A81EEB4FC95A":"mouse embryo fibroblast","0340E322-6A87-887C-4771-A81EEB4F9F1A":"lysate"},{"B60F3B51-01C6-45FA-A18E-A81EEB4F8429":"Ras","mx_internal_uid":"777CD475-2E64-E6A7-EDCC-A8313CC26955","69239925-4E2E-4E74-26F5-A81EEB4F0A17":{"8B6EF5CD-1CB2-4C49-D6D9-A81EEB4F4C0D":"3","31FA302C-9AE9-27EB-9318-A81EEB4F4068":"PDGF"},"F061F38A-9BED-66DE-09B4-A81EEB4E74B9":{"19981B51-ACEB-F417-B134-A81EEB4FFD53":"4/7: moderate","406E194E-CD81-27D8-8970-A81EEB4F90F6":"0"},"BC65D2B0-B0A2-F2FF-9A43-A81EEB4FC95A":"mouse embryo fibroblast","0340E322-6A87-887C-4771-A81EEB4F9F1A":"lysate"},{"B60F3B51-01C6-45FA-A18E-A81EEB4F8429":"Ras","mx_internal_uid":"F9391916-3507-1D18-976F-A831A1A76DA0","69239925-4E2E-4E74-26F5-A81EEB4F0A17":{"8B6EF5CD-1CB2-4C49-D6D9-A81EEB4F4C0D":"5","31FA302C-9AE9-27EB-9318-A81EEB4F4068":"PDGF"},"F061F38A-9BED-66DE-09B4-A81EEB4E74B9":{"19981B51-ACEB-F417-B134-A81EEB4FFD53":"4/7: moderate","406E194E-CD81-27D8-8970-A81EEB4F90F6":"0"},"BC65D2B0-B0A2-F2FF-9A43-A81EEB4FC95A":"mouse embryo fibroblast","0340E322-6A87-887C-4771-A81EEB4F9F1A":"lysate"},{"B60F3B51-01C6-45FA-A18E-A81EEB4F8429":"Ras","mx_internal_uid":"F1298FEF-36C2-D357-B7E3-A831A1A80AD8","69239925-4E2E-4E74-26F5-A81EEB4F0A17":{"8B6EF5CD-1CB2-4C49-D6D9-A81EEB4F4C0D":"10","31FA302C-9AE9-27EB-9318-A81EEB4F4068":"PDGF"},"F061F38A-9BED-66DE-09B4-A81EEB4E74B9":{"19981B51-ACEB-F417-B134-A81EEB4FFD53":"4/7: moderate","406E194E-CD81-27D8-8970-A81EEB4F90F6":"0"},"BC65D2B0-B0A2-F2FF-9A43-A81EEB4FC95A":"mouse embryo fibroblast","0340E322-6A87-887C-4771-A81EEB4F9F1A":"lysate"},{"B60F3B51-01C6-45FA-A18E-A81EEB4F8429":"Ras","mx_internal_uid":"74AAD711-28D1-CE66-53F9-A831A1A9B412","69239925-4E2E-4E74-26F5-A81EEB4F0A17":{"8B6EF5CD-1CB2-4C49-D6D9-A81EEB4F4C0D":"15","31FA302C-9AE9-27EB-9318-A81EEB4F4068":"PDGF"},"F061F38A-9BED-66DE-09B4-A81EEB4E74B9":{"19981B51-ACEB-F417-B134-A81EEB4FFD53":"4/7: moderate","406E194E-CD81-27D8-8970-A81EEB4F90F6":"0"},"BC65D2B0-B0A2-F2FF-9A43-A81EEB4FC95A":"mouse embryo fibroblast","0340E322-6A87-887C-4771-A81EEB4F9F1A":"lysate"}]},"_type":"KefedExperiment","description":"","kefedVersion":"2.0","diagramXML":"<diagram version=\"0\" width=\"2879\" height=\"2879\" id=\"763ED148-E7F3-705B-6502-78B2A5814AF7\">\n  <columns id=\"9EBAA77A-0695-1C85-BED8-78B2A5816E1C\" multicolumn=\"false\">\n    <column id=\"79A41F92-E438-694F-5A01-78B2A5811B1E\" width=\"2817\" height=\"30\" title=\"Default column\"/>\n    <column id=\"3C1FF556-5D8D-D501-81AE-78B33A0757DE\" width=\"80\" height=\"30\" title=\"Default column\"/>\n    <column id=\"B9A5FD4C-5072-CAE9-F93D-790B332BEF61\" width=\"80\" height=\"30\" title=\"Default column\"/>\n    <column id=\"5E976005-5475-C96E-ECB5-791BEA35651F\" width=\"80\" height=\"30\" title=\"Default column\"/>\n    <column id=\"6AC18DA9-0A13-5A90-7460-791ED295BD9D\" width=\"80\" height=\"30\" title=\"Default column\"/>\n    <column id=\"2678AE3D-88E0-30D3-A325-797EDB9ED621\" width=\"80\" height=\"30\" title=\"Default column\"/>\n    <column id=\"4FAFF106-C2BC-CD96-E4E3-887B5AA85044\" width=\"80\" height=\"30\" title=\"Default column\"/>\n    <column id=\"A54719A5-EE46-FA66-E193-88B5979C9567\" width=\"80\" height=\"30\" title=\"Default column\"/>\n    <column id=\"1C0AC181-D536-9A95-14D5-88C0C307C3D5\" width=\"80\" height=\"30\" title=\"Default column\"/>\n    <column id=\"86ECDF40-FA6F-07F8-15EC-A7D00F182F3A\" width=\"80\" height=\"30\" title=\"Default column\"/>\n    <column id=\"CE10CE41-6FD9-144D-5274-A7DD419EB2A0\" width=\"80\" height=\"30\" title=\"Default column\"/>\n    <column id=\"52BD7708-3980-4674-CFC4-A7E9C5AFB672\" width=\"80\" height=\"30\" title=\"Default column\"/>\n    <column id=\"6EF12CD5-4FB6-4222-D45D-A816775216A3\" width=\"80\" height=\"30\" title=\"Default column\"/>\n    <column id=\"096A28E8-6B99-C443-D060-A81F3D6AE001\" width=\"80\" height=\"30\" title=\"Default column\"/>\n    <column id=\"6CF7D5B4-6073-4BB1-5D16-A8269AC0F736\" width=\"80\" height=\"30\" title=\"Default column\"/>\n    <column id=\"7EE49B06-AD56-AD3E-7155-A8294E998D9C\" width=\"80\" height=\"30\" title=\"Default column\"/>\n  </columns>\n  <panels id=\"1FA1B5C8-4194-5F7D-AC26-78B2A58171EE\" multipanel=\"false\">\n    <panel id=\"B6A21531-A056-009A-6310-78B2A581C5D2\" height=\"2879\" title=\"Incubate_IP_WB_MobiltyShift\">\n      <lane id=\"E6F2BB19-0507-F848-30A3-78B2A581CE35\" height=\"2879\" title=\"TimedIncubation_affinityPrecipitation_WB_MobiltyShift\">\n        <links id=\"07B16B61-0816-17C3-B755-78B2A581CCE7\">\n          <link id=\"8B76C99A-EADD-CB84-1C5C-78B690D8E45E\" dataid=\"965835BC-5323-9DB5-3A05-78B699B9F646\" master=\"D7125A79-A71C-855D-F380-78B690D88CED\" behaviour=\"0\" geometry=\"0\" styleclass=\".lanescope-link\" x=\"319\" y=\"470\" points=\"0,-242.05 1,-242.05 1,-155.1\" target=\"7DBF3BF1-41EE-1958-9CE5-78B690D81DC3\"/>\n          <link id=\"EF7593BD-93E0-C222-8253-78B70D12D0D0\" dataid=\"5D94C0CE-A643-8EAD-64A8-78B716BA88A9\" master=\"9EFDB32A-4680-9E77-19D2-78B70D12112D\" behaviour=\"0\" geometry=\"0\" styleclass=\".lanescope-link\" x=\"318.95\" y=\"538\" points=\"1,-223.1 1.25,-223.1 1.25,-132.9\" target=\"355D3AC9-6EEF-37E6-64FC-78B70D12FDBA\"/>\n          <link id=\"C51B735D-D39F-97CB-FF4D-78B7A581BDEE\" dataid=\"199E68D5-79C8-2EEC-452B-78B7AB0F8C93\" master=\"D9BFFCD3-90A0-0B39-E6A9-78B7A5817E8D\" behaviour=\"0\" geometry=\"0\" styleclass=\".lanescope-link\" x=\"319.2\" y=\"623\" points=\"1,-217.9 3.55,-217.9 3.55,-127\" target=\"CADD2A6B-A27D-71CF-9CAC-78B7A581CE74\"/>\n          <link id=\"1F980322-F1E9-DB4F-C9CE-78B81A0CA554\" dataid=\"BB89F14F-D850-D262-EAA9-78B821C4BAC9\" master=\"99BE2DEB-B71C-B38F-22B9-78B81A0CDD82\" behaviour=\"0\" geometry=\"0\" styleclass=\".lanescope-link\" x=\"320.75\" y=\"712\" points=\"2,-216.05 0.25,-216.05 0.25,-128\" target=\"726CD328-14D6-F79C-B6C0-78B81A0C8D5A\"/>\n          <link id=\"39ABBD3A-FB0E-4A36-6088-78BC9CD0A43E\" dataid=\"B7BF7488-7EBB-C7AA-3580-78BC9CD276D2\" master=\"4549DB9F-3D8F-FC2F-7927-78BC9CD0DAFA\" behaviour=\"0\" geometry=\"0\" styleclass=\".lanescope-link\" x=\"201\" y=\"754\" points=\"2,-261.05 65.25,-261.05 65.25,-251\" target=\"AC4529D3-491B-1465-5B77-78BC9CD0F029\"/>\n          <link id=\"19E83F7B-906F-EF2B-ADE6-790EE8F347D2\" dataid=\"C9029B14-FD42-753D-DB03-790EE8F644EE\" master=\"CA1569CB-6F46-4D30-D361-790EE8F4D3AB\" behaviour=\"0\" geometry=\"0\" styleclass=\".lanescope-link\" x=\"194.3\" y=\"76\" points=\"-1,-33 70.7,-33 70.7,-16.9\" target=\"91085053-B47A-E7D3-E3B9-790EE8F4212C\"/>\n          <link id=\"90D33B27-8984-46C5-7A14-78BBA1B3F850\" dataid=\"ADB8BB46-470F-5A76-E8A9-78BBA1B5FC4F\" master=\"CE0EC47B-37B5-570C-49C9-78BBA1B3A53D\" behaviour=\"0\" geometry=\"0\" styleclass=\".lanescope-link\" x=\"199\" y=\"646.6\" points=\"1,-243.05 66.2,-243.05 66.2,-263\" target=\"7B7B9A8B-D411-00A0-F197-78BBA1B34ACE\"/>\n          <link id=\"11A75821-B513-170C-9C92-88B7D70F91AD\" dataid=\"AF23B4CE-D83C-03B1-23FF-88B7D71678A6\" master=\"51FCDB0B-01D2-7558-F5C1-88B7D70F9BB6\" behaviour=\"0\" geometry=\"0\" styleclass=\".lanescope-link\" x=\"320\" y=\"209.7\" points=\"-0.25,-70 -1,-70 -1,18.25\" target=\"85719FEB-B0D9-39F0-93C5-88B7D70FF358\"/>\n          <link id=\"1ACB1429-CF4B-2595-337B-88B8ADFDD276\" dataid=\"B72FAA1D-6E77-AFAE-2390-88B8ADFE1DF1\" master=\"230BF245-0DA3-1A96-FB32-88B8ADFD01A8\" behaviour=\"0\" geometry=\"0\" styleclass=\".lanescope-link\" x=\"196\" y=\"203\" points=\"-5,-70 63,-70 63,-70\" target=\"47296C7F-BDB3-0CB2-4DEA-88B8ADFDAD5A\"/>\n          <link id=\"C0AA000B-2A21-8024-1C6B-A7D1210D603A\" dataid=\"7FFA7153-EA2D-3C86-63A1-A7D1210FE31C\" master=\"6D26BBDC-604A-2A09-83AD-A7D1210D23AD\" behaviour=\"0\" geometry=\"0\" styleclass=\".lanescope-link\" x=\"329\" y=\"75.1\" points=\"-9,0 -9,35.25 -5,35.25\" target=\"98DB921B-1ADE-6C42-C077-A7D1210D677C\"/>\n        </links>\n        <sprites id=\"97820F67-3B85-C08C-9115-78B2A5818D9B\">\n          <sprite id=\"DFF1519B-E662-2239-5408-78B34E1F7CF0\" dataid=\"31B94A54-F3FE-4C6E-B85C-A81EEB4E9729\" annotation=\"673445AD-AD67-80DD-7777-78B418040B76\" dx=\"NaN\" dy=\"NaN\" box=\"264,14.1,119.85,63\" spriteid=\"Experimental Object\">\n            <anchor id=\"91085053-B47A-E7D3-E3B9-790EE8F4212C\" dx=\"1\" dy=\"45\" target=\"19E83F7B-906F-EF2B-ADE6-790EE8F347D2\"/>\n            <anchor id=\"6D26BBDC-604A-2A09-83AD-A7D1210D23AD\" dx=\"56\" dy=\"61\" target=\"C0AA000B-2A21-8024-1C6B-A7D1210D603A\"/>\n            <anchor id=\"83AFD6A0-8F17-9AD5-95BA-78B4180F0C3E\" dx=\"0\" dy=\"0\" target=\"673445AD-AD67-80DD-7777-78B418040B76\"/>\n          </sprite>\n          <sprite id=\"F8F0E310-FB9B-035A-6492-88B7CE03B3F6\" dataid=\"A479180A-89EE-BBD4-9633-A81EEB4F0218\" annotation=\"F15883F6-8AC8-16F3-4456-88B7D0E8A165\" dx=\"NaN\" dy=\"NaN\" box=\"260,108.35,119.5,62.75\" spriteid=\"Activity\">\n            <anchor id=\"47296C7F-BDB3-0CB2-4DEA-88B8ADFDAD5A\" dx=\"-1\" dy=\"24.65\" target=\"1ACB1429-CF4B-2595-337B-88B8ADFDD276\"/>\n            <anchor id=\"F76EFA0E-A8B5-AF54-FF21-88B7D0EE09E0\" dx=\"0\" dy=\"0\" target=\"F15883F6-8AC8-16F3-4456-88B7D0E8A165\"/>\n            <anchor id=\"98DB921B-1ADE-6C42-C077-A7D1210D677C\" dx=\"64\" dy=\"2\" target=\"C0AA000B-2A21-8024-1C6B-A7D1210D603A\"/>\n            <anchor id=\"51FCDB0B-01D2-7558-F5C1-88B7D70F9BB6\" dx=\"59.75\" dy=\"31.35\" target=\"11A75821-B513-170C-9C92-88B7D70F91AD\"/>\n          </sprite>\n          <sprite id=\"4FA20054-2D27-18F6-2330-78B690D31E41\" dataid=\"B3D282D1-B400-B853-BAF3-A81EEB4EF414\" annotation=\"BBAEDB4C-FBB7-DB45-BEFB-78B69ACDEAA7\" dx=\"NaN\" dy=\"NaN\" box=\"260.05,283.4,119.85,63\" spriteid=\"Experimental Object\">\n            <anchor id=\"7DBF3BF1-41EE-1958-9CE5-78B690D81DC3\" dx=\"59.95\" dy=\"31.5\" target=\"8B76C99A-EADD-CB84-1C5C-78B690D8E45E\"/>\n            <anchor id=\"9EFDB32A-4680-9E77-19D2-78B70D12112D\" dx=\"59.9\" dy=\"31.5\" target=\"EF7593BD-93E0-C222-8253-78B70D12D0D0\"/>\n            <anchor id=\"7D5F4DCC-1B6D-E820-C9F7-78B69AD3AACD\" dx=\"0\" dy=\"0\" target=\"BBAEDB4C-FBB7-DB45-BEFB-78B69ACDEAA7\"/>\n          </sprite>\n          <sprite id=\"2F5159C8-6BEA-DDE8-0619-78B63B8C42B3\" dataid=\"3735D818-34A2-A83A-A235-A81EEB4E249A\" annotation=\"318BE034-16DC-698F-0C77-78B6472499AA\" dx=\"NaN\" dy=\"NaN\" box=\"259.25,196.6,119.5,62.75\" spriteid=\"Activity\">\n            <anchor id=\"D7125A79-A71C-855D-F380-78B690D88CED\" dx=\"59.75\" dy=\"31.35\" target=\"8B76C99A-EADD-CB84-1C5C-78B690D8E45E\"/>\n            <anchor id=\"1F5E5889-B55D-9566-77F9-78B64729C8A5\" dx=\"0\" dy=\"0\" target=\"318BE034-16DC-698F-0C77-78B6472499AA\"/>\n            <anchor id=\"85719FEB-B0D9-39F0-93C5-88B7D70FF358\" dx=\"59.75\" dy=\"31.35\" target=\"11A75821-B513-170C-9C92-88B7D70F91AD\"/>\n          </sprite>\n          <sprite id=\"B979AC95-52F7-E99F-79C7-78B70D0DE64F\" dataid=\"601FA086-DBDE-19DC-2749-A81EEB4E00C1\" annotation=\"FB0B50E2-DA94-D8CF-0902-78B71855BE92\" dx=\"NaN\" dy=\"NaN\" box=\"239.2,375.6,162,59\" spriteid=\"Activity\">\n            <anchor id=\"8EE5990B-5120-4953-F518-78B7185CEFD1\" dx=\"0\" dy=\"0\" target=\"FB0B50E2-DA94-D8CF-0902-78B71855BE92\"/>\n            <anchor id=\"355D3AC9-6EEF-37E6-64FC-78B70D12FDBA\" dx=\"81\" dy=\"29.523505976095617\" target=\"EF7593BD-93E0-C222-8253-78B70D12D0D0\"/>\n            <anchor id=\"D9BFFCD3-90A0-0B39-E6A9-78B7A5817E8D\" dx=\"81\" dy=\"29.5\" target=\"C51B735D-D39F-97CB-FF4D-78B7A581BDEE\"/>\n            <anchor id=\"7B7B9A8B-D411-00A0-F197-78BBA1B34ACE\" dx=\"26\" dy=\"8\" target=\"90D33B27-8984-46C5-7A14-78BBA1B3F850\"/>\n          </sprite>\n          <sprite id=\"D90CD077-51BE-C12E-678F-78BB84F3525C\" dataid=\"0340E322-6A87-887C-4771-A81EEB4F9F1A\" annotation=\"33DB63C2-D005-5A44-56B7-78BBF17F66D0\" dx=\"NaN\" dy=\"NaN\" box=\"174,365.95,25.049999999999997,76.3\" spriteid=\"Parameter Specification\">\n            <anchor id=\"D1B5C0BD-099B-2232-E4BF-78BBF185F70D\" dx=\"0\" dy=\"0\" target=\"33DB63C2-D005-5A44-56B7-78BBF17F66D0\"/>\n            <anchor id=\"CE0EC47B-37B5-570C-49C9-78BBA1B3A53D\" dx=\"26\" dy=\"37.6\" target=\"90D33B27-8984-46C5-7A14-78BBA1B3F850\"/>\n          </sprite>\n          <sprite id=\"866C1DBF-FC2E-C8FB-5971-78B7A57BD34E\" dataid=\"0AA671CB-3DCA-2118-93FD-A81EEB4E5640\" annotation=\"36956BDF-7695-4B12-2222-78B7AC89A75B\" dx=\"NaN\" dy=\"NaN\" box=\"262.25,464.6,121,62.75\" spriteid=\"Activity\">\n            <anchor id=\"99BE2DEB-B71C-B38F-22B9-78B81A0CDD82\" dx=\"60.5\" dy=\"31.35\" target=\"1F980322-F1E9-DB4F-C9CE-78B81A0CA554\"/>\n            <anchor id=\"7B26B4EB-2384-1FB6-91AB-78B7AC8F4802\" dx=\"0\" dy=\"0\" target=\"36956BDF-7695-4B12-2222-78B7AC89A75B\"/>\n            <anchor id=\"AC4529D3-491B-1465-5B77-78BC9CD0F029\" dx=\"4\" dy=\"38.4\" target=\"39ABBD3A-FB0E-4A36-6088-78BC9CD0A43E\"/>\n            <anchor id=\"CADD2A6B-A27D-71CF-9CAC-78B7A581CE74\" dx=\"60.50000000000001\" dy=\"31.4\" target=\"C51B735D-D39F-97CB-FF4D-78B7A581BDEE\"/>\n          </sprite>\n          <sprite id=\"D465C8EB-57E1-D1B6-435D-78BC55090D20\" dataid=\"B60F3B51-01C6-45FA-A18E-A81EEB4F8429\" annotation=\"378DB40B-FE53-C180-C2FB-78BC5904D3D6\" dx=\"NaN\" dy=\"NaN\" box=\"176,465.95,25.049999999999997,76.3\" spriteid=\"Parameter Specification\">\n            <anchor id=\"4549DB9F-3D8F-FC2F-7927-78BC9CD0DAFA\" dx=\"27\" dy=\"27\" target=\"39ABBD3A-FB0E-4A36-6088-78BC9CD0A43E\"/>\n            <anchor id=\"2FC1C6A2-0685-49E7-50CB-78BC590AC4BB\" dx=\"0\" dy=\"0\" target=\"378DB40B-FE53-C180-C2FB-78BC5904D3D6\"/>\n          </sprite>\n          <sprite id=\"74A2B83A-AD64-8525-3ABE-88B8478AC27E\" dataid=\"69239925-4E2E-4E74-26F5-A81EEB4F0A17\" annotation=\"87A19402-72C3-561A-413A-88B84B940103\" dx=\"NaN\" dy=\"NaN\" box=\"163,110,25.049999999999997,76.3\" spriteid=\"Parameter Specification\">\n            <anchor id=\"230BF245-0DA3-1A96-FB32-88B8ADFD01A8\" dx=\"28\" dy=\"23\" target=\"1ACB1429-CF4B-2595-337B-88B8ADFDD276\"/>\n            <anchor id=\"3A81D72E-EC8E-B30D-EFBE-88B84B9B5405\" dx=\"0\" dy=\"0\" target=\"87A19402-72C3-561A-413A-88B84B940103\"/>\n          </sprite>\n          <sprite id=\"00A2C59A-C7D7-9598-559F-790EDD07191D\" dataid=\"BC65D2B0-B0A2-F2FF-9A43-A81EEB4FC95A\" annotation=\"F496DCDB-716C-1E16-AFA9-790EEDA21105\" dx=\"NaN\" dy=\"NaN\" box=\"166.3,32,25.05,28.3\" spriteid=\"Constant Specification\">\n            <anchor id=\"1B38143D-FEB5-7CD8-723F-790EEDA8F038\" dx=\"0\" dy=\"0\" target=\"F496DCDB-716C-1E16-AFA9-790EEDA21105\"/>\n            <anchor id=\"CA1569CB-6F46-4D30-D361-790EE8F4D3AB\" dx=\"27\" dy=\"11\" target=\"19E83F7B-906F-EF2B-ADE6-790EE8F347D2\"/>\n          </sprite>\n          <sprite id=\"753B260A-35F5-C45D-42E3-78B81A04B708\" dataid=\"F061F38A-9BED-66DE-09B4-A81EEB4E74B9\" selected=\"true\" annotation=\"53B5F940-2CB5-03D3-F34B-78B842B5A4BA\" dx=\"NaN\" dy=\"NaN\" box=\"289,552.45,64,63.1\" spriteid=\"Measurement Specification\">\n            <anchor id=\"F430C836-941D-6C50-A0E7-78B842BD391A\" dx=\"0\" dy=\"0\" target=\"53B5F940-2CB5-03D3-F34B-78B842B5A4BA\"/>\n            <anchor id=\"726CD328-14D6-F79C-B6C0-78B81A0C8D5A\" dx=\"32\" dy=\"31.55\" target=\"1F980322-F1E9-DB4F-C9CE-78B81A0CA554\"/>\n          </sprite>\n        </sprites>\n        <annotations id=\"90825723-95AD-BE89-0ABB-78B2A581DD4C\">\n          <annotation id=\"673445AD-AD67-80DD-7777-78B418040B76\" master=\"83AFD6A0-8F17-9AD5-95BA-78B4180F0C3E\" dx=\"8.899999999999977\" dy=\"21\" box=\"272.9,35.1,100,16\" spriteid=\"annotation\"><![CDATA[Cell-Line]]></annotation>\n          <annotation id=\"F496DCDB-716C-1E16-AFA9-790EEDA21105\" master=\"1B38143D-FEB5-7CD8-723F-790EEDA8F038\" dx=\"-37.5\" dy=\"28.30000000000001\" box=\"128.8,60.3,100,16\" spriteid=\"annotation\"><![CDATA[cell-type]]></annotation>\n          <annotation id=\"F15883F6-8AC8-16F3-4456-88B7D0E8A165\" master=\"F76EFA0E-A8B5-AF54-FF21-88B7D0EE09E0\" dx=\"11.75\" dy=\"17.75\" box=\"271.75,126.1,100,16\" spriteid=\"annotation\"><![CDATA[Incubation]]></annotation>\n          <annotation id=\"BBAEDB4C-FBB7-DB45-BEFB-78B69ACDEAA7\" master=\"7D5F4DCC-1B6D-E820-C9F7-78B69AD3AACD\" dx=\"8.899999999999977\" dy=\"16\" box=\"268.95,299.4,100,30\" spriteid=\"annotation\"><![CDATA[Lysate]]></annotation>\n          <annotation id=\"318BE034-16DC-698F-0C77-78B6472499AA\" master=\"1F5E5889-B55D-9566-77F9-78B64729C8A5\" dx=\"5.75\" dy=\"15.75\" box=\"265,212.35,100,23.25\" spriteid=\"annotation\"><![CDATA[Cell Lysing]]></annotation>\n          <annotation id=\"36956BDF-7695-4B12-2222-78B7AC89A75B\" master=\"7B26B4EB-2384-1FB6-91AB-78B7AC8F4802\" dx=\"4.800000000000011\" dy=\"12.75\" box=\"267.05,477.35,106.95,36.65\" spriteid=\"annotation\"><![CDATA[Western\rBlot]]></annotation>\n          <annotation id=\"378DB40B-FE53-C180-C2FB-78BC5904D3D6\" master=\"2FC1C6A2-0685-49E7-50CB-78BC590AC4BB\" dx=\"-112.5\" dy=\"1.3000000000000114\" box=\"63.5,467.25,100,46.7\" spriteid=\"annotation\"><![CDATA[primary-antibody]]></annotation>\n          <annotation id=\"53B5F940-2CB5-03D3-F34B-78B842B5A4BA\" master=\"F430C836-941D-6C50-A0E7-78B842BD391A\" dx=\"-108\" dy=\"10.100000000000025\" box=\"181,562.55,100,40.45\" spriteid=\"annotation\"><![CDATA[band-density+shift]]></annotation>\n          <annotation id=\"87A19402-72C3-561A-413A-88B84B940103\" master=\"3A81D72E-EC8E-B30D-EFBE-88B84B9B5405\" dx=\"-98.5\" dy=\"18.30000000000001\" box=\"64.5,128.3,100,39.7\" spriteid=\"annotation\"><![CDATA[reagent-treatment]]></annotation>\n          <annotation id=\"FB0B50E2-DA94-D8CF-0902-78B71855BE92\" master=\"8EE5990B-5120-4953-F518-78B7185CEFD1\" dx=\"-0.8499999999999659\" dy=\"15.549999999999956\" box=\"238.35,391.15,155,20\" spriteid=\"annotation\"><![CDATA[Affinity Precipitation]]></annotation>\n          <annotation id=\"33DB63C2-D005-5A44-56B7-78BBF17F66D0\" master=\"D1B5C0BD-099B-2232-E4BF-78BBF185F70D\" dx=\"-133\" dy=\"9.300000000000011\" box=\"41,375.25,127.5,19.700000000000003\" spriteid=\"annotation\"><![CDATA[target-molecule]]></annotation>\n        </annotations>\n      </lane>\n      <links id=\"B7F89C45-B289-8DEA-7D19-78B2A58131B8\"/>\n      <annotations id=\"649A418C-9F74-BB70-D074-78B2A5813F09\"/>\n    </panel>\n    <links id=\"C73AA95D-2530-67D0-FA39-78B2A581D58C\"/>\n    <annotations id=\"06224632-CEE2-619F-86DD-78B2A5815401\"/>\n  </panels>\n</diagram>","dateTime":"Thu Jan 1 20:09:42 GMT-0800 2015","source":"11777939-Fig8D"}