{"designUid":"265B7AAC-D236-B245-E54C-A797F761DEB6","type":"Incubate_Competition_WB","modelName":"11777939-Fig7C","citeKey":"11777939-Fig7C","edges":[{"start":"EF266D7B-59BC-82E9-0258-A797F762D563","_type":"KefedLink","uid":"965835BC-5323-9DB5-3A05-78B699B9F646","end":"C2C75452-1FE3-F406-529E-A797F7620594"},{"start":"9CF69475-D2AA-8BF1-0C03-A797F7622143","_type":"KefedLink","uid":"BB89F14F-D850-D262-EAA9-78B821C4BAC9","end":"A24C61FA-6D7A-769F-0CAB-A797F762D50F"},{"start":"A77BF592-E275-8533-E238-A797F762B7A1","_type":"KefedLink","uid":"ADB8BB46-470F-5A76-E8A9-78BBA1B5FC4F","end":"E8E96923-6C62-DAAC-5E78-A797F762FDBA"},{"start":"F1FE5266-8D9D-C0FA-7CE2-A797F7628908","_type":"KefedLink","uid":"B7BF7488-7EBB-C7AA-3580-78BC9CD276D2","end":"9CF69475-D2AA-8BF1-0C03-A797F7622143"},{"start":"5DAB89A3-709E-ECD6-C918-A797F76292B0","_type":"KefedLink","uid":"1D9B6EF8-07A6-B3BC-5908-791C8E320063","end":"2A905E83-31DD-D124-59F6-A797F76256C1"},{"start":"5166A57D-101F-48AB-321A-A797F76284A8","_type":"KefedLink","uid":"415C366D-E775-E492-E58B-791D3C26D4BF","end":"2A905E83-31DD-D124-59F6-A797F76256C1"},{"start":"2A905E83-31DD-D124-59F6-A797F76256C1","_type":"KefedLink","uid":"68C7A678-521D-A4C4-A1FE-791D989F7144","end":"EF266D7B-59BC-82E9-0258-A797F762D563"},{"start":"EDFFC9F0-A6BF-EF7B-EEC9-A797F7624FA0","_type":"KefedLink","uid":"1443ACBB-E579-476A-5D74-7957AB066C6E","end":"55A27155-B2F1-1124-1B4A-A797F762A13D"},{"start":"4798F752-AF91-9AEB-6B6F-A7991F0A4118","_type":"KefedLink","uid":"964376F2-D563-D881-AC1E-A7994ACE7688","end":"5DAB89A3-709E-ECD6-C918-A797F76292B0"},{"start":"C2C75452-1FE3-F406-529E-A797F7620594","_type":"KefedLink","uid":"48FFC5F2-92E6-7868-45E9-A7AF9FC8AF82","end":"E8E96923-6C62-DAAC-5E78-A797F762FDBA"},{"start":"E8E96923-6C62-DAAC-5E78-A797F762FDBA","_type":"KefedLink","uid":"079781E4-CDC2-E9CE-E9B1-A7AFAA8EB5F1","end":"55A27155-B2F1-1124-1B4A-A797F762A13D"},{"start":"55A27155-B2F1-1124-1B4A-A797F762A13D","_type":"KefedLink","uid":"42B65373-4927-81F2-1B96-A7AFB8282FCF","end":"9CF69475-D2AA-8BF1-0C03-A797F7622143"}],"uid":"346455EF-6144-E04C-F68C-A7B3C9138D24","nodes":[{"_type":"KefedObject","compositions":0,"spriteid":"Experimental Object","nameValue":"Cell-Line","ontologyIds":[],"did":"DFF1519B-E662-2239-5408-78B34E1F7CF0","type":"sprite","master":"","uid":"5DAB89A3-709E-ECD6-C918-A797F76292B0","dataTable":[],"notes":null},{"_type":"KefedObject","compositions":0,"spriteid":"Activity","nameValue":"Transfection","ontologyIds":[],"did":"F2E9789C-0676-7E11-E301-78B5C7270EEA","type":"sprite","master":"","uid":"2A905E83-31DD-D124-59F6-A797F76256C1","dataTable":[],"notes":null},{"_type":"KefedObject","compositions":0,"spriteid":"Activity","nameValue":"Cell Lysing","ontologyIds":[],"did":"2F5159C8-6BEA-DDE8-0619-78B63B8C42B3","type":"sprite","master":"","uid":"EF266D7B-59BC-82E9-0258-A797F762D563","dataTable":[],"notes":null},{"_type":"KefedObject","compositions":0,"spriteid":"Experimental Object","nameValue":"Lysate","ontologyIds":[],"did":"4FA20054-2D27-18F6-2330-78B690D31E41","type":"sprite","master":"","uid":"C2C75452-1FE3-F406-529E-A797F7620594","dataTable":[],"notes":null},{"_type":"KefedObject","compositions":0,"spriteid":"Activity","nameValue":"Incubation","ontologyIds":[],"did":"B979AC95-52F7-E99F-79C7-78B70D0DE64F","type":"sprite","master":"","uid":"E8E96923-6C62-DAAC-5E78-A797F762FDBA","dataTable":[],"notes":null},{"_type":"KefedObject","compositions":0,"spriteid":"Activity","nameValue":"Western\rBlot","ontologyIds":[],"did":"866C1DBF-FC2E-C8FB-5971-78B7A57BD34E","type":"sprite","master":"","uid":"9CF69475-D2AA-8BF1-0C03-A797F7622143","dataTable":[],"notes":null},{"spriteid":"Measurement Specification","nameValue":"protein-concentration","did":"753B260A-35F5-C45D-42E3-78B81A04B708","master":"","ontologyIds":[],"valueType":{"maximumValue":"","multipleSlotFields":[],"orderedValues":false,"nameValue":"","allowedUnits":[],"valueTypeName":"Text","allowedPatterns":[],"allowedValues":[],"_type":"KefedFullValueTemplate","allowFreeValueInput":true,"termLookupFunction":"","allowFreeUnitInput":true,"minimumValue":"","allowFreePatternInput":false},"_type":"KefedObject","compositions":0,"uid":"A24C61FA-6D7A-769F-0CAB-A797F762D50F","type":"sprite","notes":null,"dataTable":[]},{"spriteid":"Parameter Specification","nameValue":"reagent","did":"D90CD077-51BE-C12E-678F-78BB84F3525C","master":"","ontologyIds":[],"valueType":{"maximumValue":"","multipleSlotFields":[],"orderedValues":false,"nameValue":"","allowedUnits":[],"valueTypeName":"Text","allowedPatterns":[],"allowedValues":[],"_type":"KefedFullValueTemplate","allowFreeValueInput":true,"termLookupFunction":"","allowFreeUnitInput":true,"minimumValue":"","allowFreePatternInput":false},"_type":"KefedObject","compositions":0,"uid":"A77BF592-E275-8533-E238-A797F762B7A1","type":"sprite","notes":null,"dataTable":[]},{"spriteid":"Parameter Specification","nameValue":"primary-antibody","did":"D465C8EB-57E1-D1B6-435D-78BC55090D20","master":"","ontologyIds":[],"valueType":{"maximumValue":"","multipleSlotFields":[],"orderedValues":false,"nameValue":"","allowedUnits":[],"valueTypeName":"Text","allowedPatterns":[],"allowedValues":[],"_type":"KefedFullValueTemplate","allowFreeValueInput":true,"termLookupFunction":"","allowFreeUnitInput":true,"minimumValue":"","allowFreePatternInput":false},"_type":"KefedObject","compositions":0,"uid":"F1FE5266-8D9D-C0FA-7CE2-A797F7628908","type":"sprite","notes":null,"dataTable":[]},{"spriteid":"Parameter Specification","nameValue":"promoter-construct","did":"14C70219-FB94-D44F-0821-791D2F328CB4","master":"","ontologyIds":[],"valueType":{"maximumValue":"","multipleSlotFields":[],"orderedValues":false,"nameValue":"","allowedUnits":[],"valueTypeName":"Text","allowedPatterns":[],"allowedValues":[],"_type":"KefedFullValueTemplate","allowFreeValueInput":true,"termLookupFunction":"","allowFreeUnitInput":true,"minimumValue":"","allowFreePatternInput":false},"_type":"KefedObject","compositions":0,"uid":"5166A57D-101F-48AB-321A-A797F76284A8","type":"sprite","notes":null,"dataTable":[]},{"_type":"KefedObject","compositions":0,"spriteid":"Activity","nameValue":"DNA-Binding Blocking Reaction","ontologyIds":[],"did":"E7DA4B1F-2D11-8A91-C8CC-7951F6450FE5","type":"sprite","master":"","uid":"55A27155-B2F1-1124-1B4A-A797F762A13D","dataTable":[],"notes":"Define this term as "},{"spriteid":"Parameter Specification","nameValue":"blocking-peptide","did":"E09190F0-34DB-8174-21ED-79578BA0A3BA","master":"","ontologyIds":[],"valueType":{"maximumValue":"","multipleSlotFields":[],"orderedValues":false,"nameValue":"","allowedUnits":[],"valueTypeName":"Text","allowedPatterns":[],"allowedValues":[],"_type":"KefedFullValueTemplate","allowFreeValueInput":true,"termLookupFunction":"","allowFreeUnitInput":true,"minimumValue":"","allowFreePatternInput":true},"_type":"KefedObject","compositions":0,"uid":"EDFFC9F0-A6BF-EF7B-EEC9-A797F7624FA0","type":"sprite","notes":null,"dataTable":[]},{"spriteid":"Parameter Specification","nameValue":"modified-cell-type","did":"E9B0DE23-214E-DF62-CAB1-A7991F05C93A","master":"","ontologyIds":[],"valueType":{"maximumValue":"","multipleSlotFields":[{"_type":"KefedFieldTemplate","notes":null,"ontologyIds":[],"nameValue":"cell-type","uid":"7D5FBFDE-C38F-F3AF-BA21-A79A6112EB58","valueType":{"maximumValue":"","orderedValues":false,"nameValue":"","allowedUnits":[],"valueTypeName":"Text","allowedPatterns":[],"allowedValues":[],"_type":"KefedBaseValueTemplate","allowFreeValueInput":true,"termLookupFunction":"","allowFreeUnitInput":true,"minimumValue":"","allowFreePatternInput":false}},{"_type":"KefedFieldTemplate","notes":null,"ontologyIds":[],"nameValue":"gene","uid":"441BBB0F-1F8F-C77C-E873-A79A792435BA","valueType":{"maximumValue":"","orderedValues":false,"nameValue":"","allowedUnits":[],"valueTypeName":"Text","allowedPatterns":[],"allowedValues":[],"_type":"KefedBaseValueTemplate","allowFreeValueInput":true,"termLookupFunction":"","allowFreeUnitInput":true,"minimumValue":"","allowFreePatternInput":false}},{"_type":"KefedFieldTemplate","notes":null,"ontologyIds":[],"nameValue":"modification","uid":"2FD9E45A-20C6-30B6-3B00-A79A99757381","valueType":{"maximumValue":"","orderedValues":false,"nameValue":"","allowedUnits":[],"valueTypeName":"Text List","allowedPatterns":[],"allowedValues":["+/+","-/+","+/-","-/-"],"_type":"KefedBaseValueTemplate","allowFreeValueInput":true,"termLookupFunction":"","allowFreeUnitInput":true,"minimumValue":"","allowFreePatternInput":false}}],"orderedValues":false,"nameValue":"","allowedUnits":[],"valueTypeName":"Table","allowedPatterns":[],"allowedValues":[],"_type":"KefedFullValueTemplate","allowFreeValueInput":true,"termLookupFunction":"","allowFreeUnitInput":true,"minimumValue":"","allowFreePatternInput":false},"_type":"KefedObject","compositions":0,"uid":"4798F752-AF91-9AEB-6B6F-A7991F0A4118","type":"sprite","notes":null,"dataTable":[]}],"experimentData":{"A24C61FA-6D7A-769F-0CAB-A797F762D50F":[{"EDFFC9F0-A6BF-EF7B-EEC9-A797F7624FA0":"control","A77BF592-E275-8533-E238-A797F762B7A1":"control","F1FE5266-8D9D-C0FA-7CE2-A797F7628908":" Sos-1","5166A57D-101F-48AB-321A-A797F76284A8":"Eps8-myc","A24C61FA-6D7A-769F-0CAB-A797F762D50F":"7/7: very high","4798F752-AF91-9AEB-6B6F-A7991F0A4118":{"2FD9E45A-20C6-30B6-3B00-A79A99757381":"-/-","441BBB0F-1F8F-C77C-E873-A79A792435BA":"eps8","7D5FBFDE-C38F-F3AF-BA21-A79A6112EB58":"fibroblast"},"mx_internal_uid":"25831D1C-442E-ECF6-E308-A7C4D368D3A6"},{"EDFFC9F0-A6BF-EF7B-EEC9-A797F7624FA0":"control","A77BF592-E275-8533-E238-A797F762B7A1":"control","F1FE5266-8D9D-C0FA-7CE2-A797F7628908":" Sos-1","5166A57D-101F-48AB-321A-A797F76284A8":"control","A24C61FA-6D7A-769F-0CAB-A797F762D50F":"7/7: very high","4798F752-AF91-9AEB-6B6F-A7991F0A4118":{"2FD9E45A-20C6-30B6-3B00-A79A99757381":"-/-","441BBB0F-1F8F-C77C-E873-A79A792435BA":"eps8","7D5FBFDE-C38F-F3AF-BA21-A79A6112EB58":"fibroblast"},"mx_internal_uid":"C5C80871-3F62-098A-8E71-A7C4D3A684FE"},{"EDFFC9F0-A6BF-EF7B-EEC9-A797F7624FA0":"control","A77BF592-E275-8533-E238-A797F762B7A1":"GST","F1FE5266-8D9D-C0FA-7CE2-A797F7628908":"Sos-1","5166A57D-101F-48AB-321A-A797F76284A8":"Eps8-myc","A24C61FA-6D7A-769F-0CAB-A797F762D50F":"0/7: none","4798F752-AF91-9AEB-6B6F-A7991F0A4118":{"2FD9E45A-20C6-30B6-3B00-A79A99757381":"-/-","441BBB0F-1F8F-C77C-E873-A79A792435BA":"eps8","7D5FBFDE-C38F-F3AF-BA21-A79A6112EB58":"fibroblast"},"mx_internal_uid":"707C32BF-4839-4768-7005-A7C4D3A984F3"},{"EDFFC9F0-A6BF-EF7B-EEC9-A797F7624FA0":"control","A77BF592-E275-8533-E238-A797F762B7A1":"Cdc42","F1FE5266-8D9D-C0FA-7CE2-A797F7628908":"Sos-1","5166A57D-101F-48AB-321A-A797F76284A8":"Eps8-myc","A24C61FA-6D7A-769F-0CAB-A797F762D50F":"0/7: none","4798F752-AF91-9AEB-6B6F-A7991F0A4118":{"2FD9E45A-20C6-30B6-3B00-A79A99757381":"-/-","441BBB0F-1F8F-C77C-E873-A79A792435BA":"eps8","7D5FBFDE-C38F-F3AF-BA21-A79A6112EB58":"fibroblast"},"mx_internal_uid":"0139E8FF-65E3-62DD-DC6E-A7C4D3AD2C5D"},{"EDFFC9F0-A6BF-EF7B-EEC9-A797F7624FA0":"control","A77BF592-E275-8533-E238-A797F762B7A1":"Rac (GTP-Rac depleted of GTP)","F1FE5266-8D9D-C0FA-7CE2-A797F7628908":"Sos-1","5166A57D-101F-48AB-321A-A797F76284A8":"Eps8-myc","A24C61FA-6D7A-769F-0CAB-A797F762D50F":"6/7: high","4798F752-AF91-9AEB-6B6F-A7991F0A4118":{"2FD9E45A-20C6-30B6-3B00-A79A99757381":"-/-","441BBB0F-1F8F-C77C-E873-A79A792435BA":"eps8","7D5FBFDE-C38F-F3AF-BA21-A79A6112EB58":"fibroblast"},"mx_internal_uid":"89C1B11B-9311-F501-4FCE-A7C4D3B1B9CE"},{"EDFFC9F0-A6BF-EF7B-EEC9-A797F7624FA0":"PPPPPVDYTEDEE (PXXDY)","A77BF592-E275-8533-E238-A797F762B7A1":"Rac (GTP-Rac depleted of GTP)","F1FE5266-8D9D-C0FA-7CE2-A797F7628908":"Sos-1","5166A57D-101F-48AB-321A-A797F76284A8":"Eps8-myc","A24C61FA-6D7A-769F-0CAB-A797F762D50F":"1/7: very low","4798F752-AF91-9AEB-6B6F-A7991F0A4118":{"2FD9E45A-20C6-30B6-3B00-A79A99757381":"-/-","441BBB0F-1F8F-C77C-E873-A79A792435BA":"eps8","7D5FBFDE-C38F-F3AF-BA21-A79A6112EB58":"fibroblast"},"mx_internal_uid":"0FD7C127-3904-5463-99B5-A7C4D3B54F1B"},{"EDFFC9F0-A6BF-EF7B-EEC9-A797F7624FA0":"PPPPPPVDATEDEE (PXXDA)","A77BF592-E275-8533-E238-A797F762B7A1":"Rac (GTP-Rac depleted of GTP)","F1FE5266-8D9D-C0FA-7CE2-A797F7628908":"Sos-1","5166A57D-101F-48AB-321A-A797F76284A8":"Eps8-myc","A24C61FA-6D7A-769F-0CAB-A797F762D50F":"6/7: high","4798F752-AF91-9AEB-6B6F-A7991F0A4118":{"2FD9E45A-20C6-30B6-3B00-A79A99757381":"-/-","441BBB0F-1F8F-C77C-E873-A79A792435BA":"eps8","7D5FBFDE-C38F-F3AF-BA21-A79A6112EB58":"fibroblast"},"mx_internal_uid":"63522D96-7C4A-67D4-5ECD-A7C4D3BFDF33"},{"EDFFC9F0-A6BF-EF7B-EEC9-A797F7624FA0":"VPVPPPVPPRRR (PXXP)","A77BF592-E275-8533-E238-A797F762B7A1":"Rac (GTP-Rac depleted of GTP)","F1FE5266-8D9D-C0FA-7CE2-A797F7628908":"Sos-1","5166A57D-101F-48AB-321A-A797F76284A8":"Eps8-myc","A24C61FA-6D7A-769F-0CAB-A797F762D50F":"1/7: very low","4798F752-AF91-9AEB-6B6F-A7991F0A4118":{"2FD9E45A-20C6-30B6-3B00-A79A99757381":"-/-","441BBB0F-1F8F-C77C-E873-A79A792435BA":"eps8","7D5FBFDE-C38F-F3AF-BA21-A79A6112EB58":"fibroblast"},"mx_internal_uid":"31C71C96-D49A-08CC-C768-A7C4D3C3F5A4"}]},"_type":"KefedExperiment","description":"","kefedVersion":"2.0","diagramXML":"<diagram version=\"0\" width=\"2879\" height=\"2879\" id=\"763ED148-E7F3-705B-6502-78B2A5814AF7\">\n  <columns id=\"9EBAA77A-0695-1C85-BED8-78B2A5816E1C\" multicolumn=\"false\">\n    <column id=\"79A41F92-E438-694F-5A01-78B2A5811B1E\" width=\"2817\" height=\"30\" title=\"Default column\"/>\n    <column id=\"3C1FF556-5D8D-D501-81AE-78B33A0757DE\" width=\"80\" height=\"30\" title=\"Default column\"/>\n    <column id=\"B9A5FD4C-5072-CAE9-F93D-790B332BEF61\" width=\"80\" height=\"30\" title=\"Default column\"/>\n    <column id=\"5E976005-5475-C96E-ECB5-791BEA35651F\" width=\"80\" height=\"30\" title=\"Default column\"/>\n    <column id=\"6AC18DA9-0A13-5A90-7460-791ED295BD9D\" width=\"80\" height=\"30\" title=\"Default column\"/>\n    <column id=\"99757388-3100-20D9-4115-794B43D6FEAD\" width=\"80\" height=\"30\" title=\"Default column\"/>\n    <column id=\"B40864B5-3881-48FD-F320-795C3CF2C6AE\" width=\"80\" height=\"30\" title=\"Default column\"/>\n    <column id=\"EE00A14E-BC5F-73B4-C882-A798D9368078\" width=\"80\" height=\"30\" title=\"Default column\"/>\n    <column id=\"C558F625-5788-DCB5-A448-A7A31034C67A\" width=\"80\" height=\"30\" title=\"Default column\"/>\n    <column id=\"46D61EC5-00BD-553D-170B-A7AE41ADC086\" width=\"80\" height=\"30\" title=\"Default column\"/>\n    <column id=\"9053F9AB-3733-C84C-3D23-A7B7AA66A902\" width=\"80\" height=\"30\" title=\"Default column\"/>\n  </columns>\n  <panels id=\"1FA1B5C8-4194-5F7D-AC26-78B2A58171EE\" multipanel=\"false\">\n    <panel id=\"B6A21531-A056-009A-6310-78B2A581C5D2\" height=\"2879\" title=\"Incubate_Competition_WB\">\n      <lane id=\"E6F2BB19-0507-F848-30A3-78B2A581CE35\" height=\"2879\" title=\"Incubate_Competition_WB\">\n        <links id=\"07B16B61-0816-17C3-B755-78B2A581CCE7\">\n          <link id=\"8B76C99A-EADD-CB84-1C5C-78B690D8E45E\" dataid=\"965835BC-5323-9DB5-3A05-78B699B9F646\" master=\"D7125A79-A71C-855D-F380-78B690D88CED\" behaviour=\"0\" geometry=\"0\" styleclass=\".lanescope-link\" x=\"319\" y=\"470\" points=\"4,-222.05 5,-222.05 5,-130.05\" target=\"7DBF3BF1-41EE-1958-9CE5-78B690D81DC3\"/>\n          <link id=\"1F980322-F1E9-DB4F-C9CE-78B81A0CA554\" dataid=\"BB89F14F-D850-D262-EAA9-78B821C4BAC9\" master=\"99BE2DEB-B71C-B38F-22B9-78B81A0CDD82\" behaviour=\"0\" geometry=\"0\" styleclass=\".lanescope-link\" x=\"320.75\" y=\"712\" points=\"3,-117.05 1.25,-117.05 1.25,-29\" target=\"726CD328-14D6-F79C-B6C0-78B81A0C8D5A\"/>\n          <link id=\"39ABBD3A-FB0E-4A36-6088-78BC9CD0A43E\" dataid=\"B7BF7488-7EBB-C7AA-3580-78BC9CD276D2\" master=\"4549DB9F-3D8F-FC2F-7927-78BC9CD0DAFA\" behaviour=\"0\" geometry=\"0\" styleclass=\".lanescope-link\" x=\"201\" y=\"754\" points=\"3,-162.05 66.25,-162.05 66.25,-152\" target=\"AC4529D3-491B-1465-5B77-78BC9CD0F029\"/>\n          <link id=\"65414C50-4715-5E4D-C168-791C8E3066D9\" dataid=\"1D9B6EF8-07A6-B3BC-5908-791C8E320063\" master=\"A20D6DC9-1343-DE79-2DB0-791C8E309118\" behaviour=\"0\" geometry=\"0\" styleclass=\".lanescope-link\" x=\"319\" y=\"95.1\" points=\"0,0 0,31.5 1,31.5\" target=\"D5CF77A2-144F-76EC-6A33-791C8E300A83\"/>\n          <link id=\"90D33B27-8984-46C5-7A14-78BBA1B3F850\" dataid=\"ADB8BB46-470F-5A76-E8A9-78BBA1B5FC4F\" master=\"CE0EC47B-37B5-570C-49C9-78BBA1B3A53D\" behaviour=\"0\" geometry=\"0\" styleclass=\".lanescope-link\" x=\"199\" y=\"646.6\" points=\"9,-224.05 74.2,-224.05 74.2,-244\" target=\"7B7B9A8B-D411-00A0-F197-78BBA1B34ACE\"/>\n          <link id=\"0E1B5F88-FF9E-A34A-B200-791D3C25C633\" dataid=\"415C366D-E775-E492-E58B-791D3C26D4BF\" master=\"CD533CC0-B94F-7C71-41E9-791D3C25D13E\" behaviour=\"0\" geometry=\"0\" styleclass=\".lanescope-link\" x=\"194\" y=\"161\" points=\"0,0 66.25,0 66.25,0\" target=\"03BD6C7A-E8A6-9001-AB6B-791D3C259EA0\"/>\n          <link id=\"6AAC6975-95EB-0A26-4770-791D989D4D94\" dataid=\"68C7A678-521D-A4C4-A1FE-791D989F7144\" master=\"77254254-3D9D-EBFC-764B-791D989DCE4B\" behaviour=\"0\" geometry=\"0\" styleclass=\".lanescope-link\" x=\"323.25\" y=\"191.6\" points=\"0,0 0,25 3,25\" target=\"8BC5B18E-F6AD-D607-D1E4-791D989D2668\"/>\n          <link id=\"AAA8D983-4B14-0C73-95C0-7957AB041760\" dataid=\"1443ACBB-E579-476A-5D74-7957AB066C6E\" master=\"B6E13A7C-0F31-E7E9-42E9-7957AB04CAFC\" behaviour=\"0\" geometry=\"0\" styleclass=\".lanescope-link\" x=\"200\" y=\"410\" points=\"2,92 50,92 50,81.95\" target=\"691156C9-4BAD-192D-E81A-7957AB040B4A\"/>\n          <link id=\"FAF09E35-A963-B0A7-D5FE-A7994ACD9E34\" dataid=\"964376F2-D563-D881-AC1E-A7994ACE7688\" master=\"3325DAA8-8EB5-C4D0-FD39-A7994ACD1E0D\" behaviour=\"0\" geometry=\"0\" styleclass=\".lanescope-link\" x=\"100\" y=\"63.1\" points=\"94,-3.1 164,-3.1 164,0\" target=\"FADA1ADE-C7AD-0FB0-BF4C-A7994ACDA1E1\"/>\n          <link id=\"FF4AEF80-A446-4F4E-4D42-A7AF9FC699EC\" dataid=\"48FFC5F2-92E6-7868-45E9-A7AF9FC8AF82\" master=\"4B95F426-8709-3178-FE10-A7AF9FC62DD1\" behaviour=\"0\" geometry=\"0\" styleclass=\".lanescope-link\" x=\"319.05\" y=\"370.45\" points=\"0,0 0,22.15 -1,22.15\" target=\"099F1E4A-175A-D6B8-466A-A7AF9FC6BEA3\"/>\n          <link id=\"1D7827FB-CF31-26FF-FE26-A7AFB827C69B\" dataid=\"42B65373-4927-81F2-1B96-A7AFB8282FCF\" master=\"B87A0130-9129-C3F2-6DF8-A7AFB82769A7\" behaviour=\"0\" geometry=\"0\" styleclass=\".lanescope-link\" x=\"330\" y=\"537.9\" points=\"0,0 0,26.7 0,26.7\" target=\"565A51F3-3B34-04EA-857F-A7AFB8279759\"/>\n          <link id=\"00F33B5B-1081-9CE6-C8AB-A7AFAA8D4D00\" dataid=\"079781E4-CDC2-E9CE-E9B1-A7AFAA8EB5F1\" master=\"D9B1570B-D382-1A66-190B-A7AFAA8DC4BE\" behaviour=\"0\" geometry=\"0\" styleclass=\".lanescope-link\" x=\"354.2\" y=\"442.6\" points=\"-29,10 -29,33.3 0,33.3\" target=\"DDB243DF-112A-671F-44F8-A7AFAA8DAF63\"/>\n        </links>\n        <sprites id=\"97820F67-3B85-C08C-9115-78B2A5818D9B\">\n          <sprite id=\"DFF1519B-E662-2239-5408-78B34E1F7CF0\" dataid=\"5DAB89A3-709E-ECD6-C918-A797F76292B0\" annotation=\"673445AD-AD67-80DD-7777-78B418040B76\" dx=\"NaN\" dy=\"NaN\" box=\"264,32.1,119.85,63\" spriteid=\"Experimental Object\">\n            <anchor id=\"A20D6DC9-1343-DE79-2DB0-791C8E309118\" dx=\"55\" dy=\"63\" target=\"65414C50-4715-5E4D-C168-791C8E3066D9\"/>\n            <anchor id=\"FADA1ADE-C7AD-0FB0-BF4C-A7994ACDA1E1\" dx=\"0\" dy=\"31\" target=\"FAF09E35-A963-B0A7-D5FE-A7994ACD9E34\"/>\n            <anchor id=\"83AFD6A0-8F17-9AD5-95BA-78B4180F0C3E\" dx=\"0\" dy=\"0\" target=\"673445AD-AD67-80DD-7777-78B418040B76\"/>\n          </sprite>\n          <sprite id=\"F2E9789C-0676-7E11-E301-78B5C7270EEA\" dataid=\"2A905E83-31DD-D124-59F6-A797F76256C1\" annotation=\"5FFB6DF2-80E2-5A7D-E885-78B5CF6385A7\" dx=\"NaN\" dy=\"NaN\" box=\"261.25,128.6,119.5,62.75\" spriteid=\"Activity\">\n            <anchor id=\"D5CF77A2-144F-76EC-6A33-791C8E300A83\" dx=\"58.75\" dy=\"-2\" target=\"65414C50-4715-5E4D-C168-791C8E3066D9\"/>\n            <anchor id=\"03BD6C7A-E8A6-9001-AB6B-791D3C259EA0\" dx=\"-1\" dy=\"32.4\" target=\"0E1B5F88-FF9E-A34A-B200-791D3C25C633\"/>\n            <anchor id=\"77254254-3D9D-EBFC-764B-791D989DCE4B\" dx=\"62\" dy=\"63\" target=\"6AAC6975-95EB-0A26-4770-791D989D4D94\"/>\n            <anchor id=\"7F669E25-5DBB-24BA-C8ED-78B5CF69A57B\" dx=\"0\" dy=\"0\" target=\"5FFB6DF2-80E2-5A7D-E885-78B5CF6385A7\"/>\n          </sprite>\n          <sprite id=\"2F5159C8-6BEA-DDE8-0619-78B63B8C42B3\" dataid=\"EF266D7B-59BC-82E9-0258-A797F762D563\" annotation=\"318BE034-16DC-698F-0C77-78B6472499AA\" dx=\"NaN\" dy=\"NaN\" box=\"263.25,216.6,119.5,62.75\" spriteid=\"Activity\">\n            <anchor id=\"1F5E5889-B55D-9566-77F9-78B64729C8A5\" dx=\"0\" dy=\"0\" target=\"318BE034-16DC-698F-0C77-78B6472499AA\"/>\n            <anchor id=\"8BC5B18E-F6AD-D607-D1E4-791D989D2668\" dx=\"63\" dy=\"0\" target=\"6AAC6975-95EB-0A26-4770-791D989D4D94\"/>\n            <anchor id=\"D7125A79-A71C-855D-F380-78B690D88CED\" dx=\"59.75\" dy=\"31.35\" target=\"8B76C99A-EADD-CB84-1C5C-78B690D8E45E\"/>\n          </sprite>\n          <sprite id=\"4FA20054-2D27-18F6-2330-78B690D31E41\" dataid=\"C2C75452-1FE3-F406-529E-A797F7620594\" annotation=\"BBAEDB4C-FBB7-DB45-BEFB-78B69ACDEAA7\" dx=\"NaN\" dy=\"NaN\" box=\"264.05,308.45,119.85,63\" spriteid=\"Experimental Object\">\n            <anchor id=\"7DBF3BF1-41EE-1958-9CE5-78B690D81DC3\" dx=\"59.95\" dy=\"31.5\" target=\"8B76C99A-EADD-CB84-1C5C-78B690D8E45E\"/>\n            <anchor id=\"7D5F4DCC-1B6D-E820-C9F7-78B69AD3AACD\" dx=\"0\" dy=\"0\" target=\"BBAEDB4C-FBB7-DB45-BEFB-78B69ACDEAA7\"/>\n            <anchor id=\"4B95F426-8709-3178-FE10-A7AF9FC62DD1\" dx=\"55\" dy=\"62\" target=\"FF4AEF80-A446-4F4E-4D42-A7AF9FC699EC\"/>\n          </sprite>\n          <sprite id=\"866C1DBF-FC2E-C8FB-5971-78B7A57BD34E\" dataid=\"9CF69475-D2AA-8BF1-0C03-A797F7622143\" annotation=\"36956BDF-7695-4B12-2222-78B7AC89A75B\" dx=\"NaN\" dy=\"NaN\" box=\"263.25,563.6,121,62.75\" spriteid=\"Activity\">\n            <anchor id=\"7B26B4EB-2384-1FB6-91AB-78B7AC8F4802\" dx=\"0\" dy=\"0\" target=\"36956BDF-7695-4B12-2222-78B7AC89A75B\"/>\n            <anchor id=\"AC4529D3-491B-1465-5B77-78BC9CD0F029\" dx=\"4\" dy=\"38.4\" target=\"39ABBD3A-FB0E-4A36-6088-78BC9CD0A43E\"/>\n            <anchor id=\"99BE2DEB-B71C-B38F-22B9-78B81A0CDD82\" dx=\"60.5\" dy=\"31.35\" target=\"1F980322-F1E9-DB4F-C9CE-78B81A0CA554\"/>\n            <anchor id=\"565A51F3-3B34-04EA-857F-A7AFB8279759\" dx=\"66.75\" dy=\"1\" target=\"1D7827FB-CF31-26FF-FE26-A7AFB827C69B\"/>\n          </sprite>\n          <sprite id=\"D465C8EB-57E1-D1B6-435D-78BC55090D20\" dataid=\"F1FE5266-8D9D-C0FA-7CE2-A797F7628908\" annotation=\"378DB40B-FE53-C180-C2FB-78BC5904D3D6\" dx=\"NaN\" dy=\"NaN\" box=\"177,564.95,25.049999999999997,76.3\" spriteid=\"Parameter Specification\">\n            <anchor id=\"2FC1C6A2-0685-49E7-50CB-78BC590AC4BB\" dx=\"0\" dy=\"0\" target=\"378DB40B-FE53-C180-C2FB-78BC5904D3D6\"/>\n            <anchor id=\"4549DB9F-3D8F-FC2F-7927-78BC9CD0DAFA\" dx=\"27\" dy=\"27\" target=\"39ABBD3A-FB0E-4A36-6088-78BC9CD0A43E\"/>\n          </sprite>\n          <sprite id=\"E9B0DE23-214E-DF62-CAB1-A7991F05C93A\" dataid=\"4798F752-AF91-9AEB-6B6F-A7991F0A4118\" annotation=\"095EB9DB-8237-2703-95B2-A7994EC3BEF6\" dx=\"NaN\" dy=\"NaN\" box=\"167,27,25.049999999999997,76.3\" spriteid=\"Parameter Specification\">\n            <anchor id=\"3325DAA8-8EB5-C4D0-FD39-A7994ACD1E0D\" dx=\"27\" dy=\"33\" target=\"FAF09E35-A963-B0A7-D5FE-A7994ACD9E34\"/>\n            <anchor id=\"C4031C98-6597-C4FB-F1B7-A7994EC8F560\" dx=\"0\" dy=\"0\" target=\"095EB9DB-8237-2703-95B2-A7994EC3BEF6\"/>\n          </sprite>\n          <sprite id=\"14C70219-FB94-D44F-0821-791D2F328CB4\" dataid=\"5166A57D-101F-48AB-321A-A797F76284A8\" annotation=\"85C48DD1-E4E2-A81E-5D93-791D3FF3B2A7\" dx=\"NaN\" dy=\"NaN\" box=\"166,132,25.049999999999997,76.3\" spriteid=\"Parameter Specification\">\n            <anchor id=\"D1EE648D-09CD-068B-59BA-791D3FFA1F18\" dx=\"0\" dy=\"0\" target=\"85C48DD1-E4E2-A81E-5D93-791D3FF3B2A7\"/>\n            <anchor id=\"CD533CC0-B94F-7C71-41E9-791D3C25D13E\" dx=\"28\" dy=\"29\" target=\"0E1B5F88-FF9E-A34A-B200-791D3C25C633\"/>\n          </sprite>\n          <sprite id=\"E09190F0-34DB-8174-21ED-79578BA0A3BA\" dataid=\"EDFFC9F0-A6BF-EF7B-EEC9-A797F7624FA0\" annotation=\"E3238DD6-A0A7-8343-4279-7957B0204EB1\" dx=\"NaN\" dy=\"NaN\" box=\"177,463,25.049999999999997,76.3\" spriteid=\"Parameter Specification\">\n            <anchor id=\"B6E13A7C-0F31-E7E9-42E9-7957AB04CAFC\" dx=\"25\" dy=\"39\" target=\"AAA8D983-4B14-0C73-95C0-7957AB041760\"/>\n            <anchor id=\"0F24487F-5D19-058E-6F5D-7957B02758F6\" dx=\"0\" dy=\"0\" target=\"E3238DD6-A0A7-8343-4279-7957B0204EB1\"/>\n          </sprite>\n          <sprite id=\"E7DA4B1F-2D11-8A91-C8CC-7951F6450FE5\" dataid=\"55A27155-B2F1-1124-1B4A-A797F762A13D\" annotation=\"1BDE3625-E77F-6A6F-4CFA-79522C3631BF\" dx=\"NaN\" dy=\"NaN\" box=\"243,474.9,168,62.75\" spriteid=\"Activity\">\n            <anchor id=\"DDB243DF-112A-671F-44F8-A7AFAA8DAF63\" dx=\"111.2\" dy=\"1\" target=\"00F33B5B-1081-9CE6-C8AB-A7AFAA8D4D00\"/>\n            <anchor id=\"B87A0130-9129-C3F2-6DF8-A7AFB82769A7\" dx=\"87\" dy=\"63\" target=\"1D7827FB-CF31-26FF-FE26-A7AFB827C69B\"/>\n            <anchor id=\"9EA98EDF-31B4-5FFF-F68F-79522C44A5F6\" dx=\"0\" dy=\"0\" target=\"1BDE3625-E77F-6A6F-4CFA-79522C3631BF\"/>\n            <anchor id=\"691156C9-4BAD-192D-E81A-7957AB040B4A\" dx=\"7.02928870292887\" dy=\"17.05\" target=\"AAA8D983-4B14-0C73-95C0-7957AB041760\"/>\n          </sprite>\n          <sprite id=\"D90CD077-51BE-C12E-678F-78BB84F3525C\" dataid=\"A77BF592-E275-8533-E238-A797F762B7A1\" annotation=\"33DB63C2-D005-5A44-56B7-78BBF17F66D0\" dx=\"NaN\" dy=\"NaN\" box=\"182,384.95,25.049999999999997,76.3\" spriteid=\"Parameter Specification\">\n            <anchor id=\"D1B5C0BD-099B-2232-E4BF-78BBF185F70D\" dx=\"0\" dy=\"0\" target=\"33DB63C2-D005-5A44-56B7-78BBF17F66D0\"/>\n            <anchor id=\"CE0EC47B-37B5-570C-49C9-78BBA1B3A53D\" dx=\"26\" dy=\"37.6\" target=\"90D33B27-8984-46C5-7A14-78BBA1B3F850\"/>\n          </sprite>\n          <sprite id=\"B979AC95-52F7-E99F-79C7-78B70D0DE64F\" dataid=\"E8E96923-6C62-DAAC-5E78-A797F762FDBA\" annotation=\"FB0B50E2-DA94-D8CF-0902-78B71855BE92\" dx=\"NaN\" dy=\"NaN\" box=\"247.2,394.6,162,59\" spriteid=\"Activity\">\n            <anchor id=\"D9B1570B-D382-1A66-190B-A7AFAA8DC4BE\" dx=\"78\" dy=\"58\" target=\"00F33B5B-1081-9CE6-C8AB-A7AFAA8D4D00\"/>\n            <anchor id=\"8EE5990B-5120-4953-F518-78B7185CEFD1\" dx=\"0\" dy=\"0\" target=\"FB0B50E2-DA94-D8CF-0902-78B71855BE92\"/>\n            <anchor id=\"099F1E4A-175A-D6B8-466A-A7AF9FC6BEA3\" dx=\"70.85\" dy=\"-2\" target=\"FF4AEF80-A446-4F4E-4D42-A7AF9FC699EC\"/>\n            <anchor id=\"7B7B9A8B-D411-00A0-F197-78BBA1B34ACE\" dx=\"26\" dy=\"8\" target=\"90D33B27-8984-46C5-7A14-78BBA1B3F850\"/>\n          </sprite>\n          <sprite id=\"753B260A-35F5-C45D-42E3-78B81A04B708\" dataid=\"A24C61FA-6D7A-769F-0CAB-A797F762D50F\" selected=\"true\" annotation=\"53B5F940-2CB5-03D3-F34B-78B842B5A4BA\" dx=\"NaN\" dy=\"NaN\" box=\"290,651.45,64,63.1\" spriteid=\"Measurement Specification\">\n            <anchor id=\"F430C836-941D-6C50-A0E7-78B842BD391A\" dx=\"0\" dy=\"0\" target=\"53B5F940-2CB5-03D3-F34B-78B842B5A4BA\"/>\n            <anchor id=\"726CD328-14D6-F79C-B6C0-78B81A0C8D5A\" dx=\"32\" dy=\"31.55\" target=\"1F980322-F1E9-DB4F-C9CE-78B81A0CA554\"/>\n          </sprite>\n        </sprites>\n        <annotations id=\"90825723-95AD-BE89-0ABB-78B2A581DD4C\">\n          <annotation id=\"673445AD-AD67-80DD-7777-78B418040B76\" master=\"83AFD6A0-8F17-9AD5-95BA-78B4180F0C3E\" dx=\"8.899999999999977\" dy=\"21\" box=\"272.9,53.1,100,16\" spriteid=\"annotation\"><![CDATA[Cell-Line]]></annotation>\n          <annotation id=\"5FFB6DF2-80E2-5A7D-E885-78B5CF6385A7\" master=\"7F669E25-5DBB-24BA-C8ED-78B5CF69A57B\" dx=\"6.75\" dy=\"18.75\" box=\"268,147.35,100,16\" spriteid=\"annotation\"><![CDATA[Transfection]]></annotation>\n          <annotation id=\"85C48DD1-E4E2-A81E-5D93-791D3FF3B2A7\" master=\"D1EE648D-09CD-068B-59BA-791D3FFA1F18\" dx=\"-108.5\" dy=\"12.300000000000011\" box=\"57.5,144.3,100,35.7\" spriteid=\"annotation\"><![CDATA[promoter-construct]]></annotation>\n          <annotation id=\"318BE034-16DC-698F-0C77-78B6472499AA\" master=\"1F5E5889-B55D-9566-77F9-78B64729C8A5\" dx=\"6.75\" dy=\"19.75\" box=\"270,236.35,100,23.25\" spriteid=\"annotation\"><![CDATA[Cell Lysing]]></annotation>\n          <annotation id=\"BBAEDB4C-FBB7-DB45-BEFB-78B69ACDEAA7\" master=\"7D5F4DCC-1B6D-E820-C9F7-78B69AD3AACD\" dx=\"8.899999999999977\" dy=\"16\" box=\"272.95,324.45,100,30\" spriteid=\"annotation\"><![CDATA[Lysate]]></annotation>\n          <annotation id=\"53B5F940-2CB5-03D3-F34B-78B842B5A4BA\" master=\"F430C836-941D-6C50-A0E7-78B842BD391A\" dx=\"-108\" dy=\"10.100000000000025\" box=\"182,661.55,100,40.45\" spriteid=\"annotation\"><![CDATA[protein-concentration]]></annotation>\n          <annotation id=\"378DB40B-FE53-C180-C2FB-78BC5904D3D6\" master=\"2FC1C6A2-0685-49E7-50CB-78BC590AC4BB\" dx=\"-112.5\" dy=\"1.3000000000000114\" box=\"64.5,566.25,100,46.7\" spriteid=\"annotation\"><![CDATA[primary-antibody]]></annotation>\n          <annotation id=\"36956BDF-7695-4B12-2222-78B7AC89A75B\" master=\"7B26B4EB-2384-1FB6-91AB-78B7AC8F4802\" dx=\"4.800000000000011\" dy=\"12.75\" box=\"268.05,576.35,109.95,36.65\" spriteid=\"annotation\"><![CDATA[Western\rBlot]]></annotation>\n          <annotation id=\"095EB9DB-8237-2703-95B2-A7994EC3BEF6\" master=\"C4031C98-6597-C4FB-F1B7-A7994EC8F560\" dx=\"-106.5\" dy=\"17.30000000000001\" box=\"60.5,44.3,74,33\" spriteid=\"annotation\"><![CDATA[modified-cell-type]]></annotation>\n          <annotation id=\"E3238DD6-A0A7-8343-4279-7957B0204EB1\" master=\"0F24487F-5D19-058E-6F5D-7957B02758F6\" dx=\"-95.5\" dy=\"6.300000000000011\" box=\"81.5,469.3,100,39.7\" spriteid=\"annotation\"><![CDATA[blocking-peptide]]></annotation>\n          <annotation id=\"1BDE3625-E77F-6A6F-4CFA-79522C3631BF\" master=\"9EA98EDF-31B4-5FFF-F68F-79522C44A5F6\" dx=\"13.707112970711297\" dy=\"7.75\" box=\"256.7,482.65,140.3,34.25\" spriteid=\"annotation\"><![CDATA[DNA-Binding Blocking Reaction]]></annotation>\n          <annotation id=\"33DB63C2-D005-5A44-56B7-78BBF17F66D0\" master=\"D1B5C0BD-099B-2232-E4BF-78BBF185F70D\" dx=\"-84\" dy=\"9.300000000000011\" box=\"98,394.25,70.5,19.700000000000003\" spriteid=\"annotation\"><![CDATA[reagent]]></annotation>\n          <annotation id=\"FB0B50E2-DA94-D8CF-0902-78B71855BE92\" master=\"8EE5990B-5120-4953-F518-78B7185CEFD1\" dx=\"-0.8499999999999659\" dy=\"15.549999999999956\" box=\"246.35,410.15,155,20\" spriteid=\"annotation\"><![CDATA[Incubation]]></annotation>\n        </annotations>\n      </lane>\n      <links id=\"B7F89C45-B289-8DEA-7D19-78B2A58131B8\"/>\n      <annotations id=\"649A418C-9F74-BB70-D074-78B2A5813F09\"/>\n    </panel>\n    <links id=\"C73AA95D-2530-67D0-FA39-78B2A581D58C\"/>\n    <annotations id=\"06224632-CEE2-619F-86DD-78B2A5815401\"/>\n  </panels>\n</diagram>","dateTime":"Thu Jan 1 20:02:18 GMT-0800 2015","source":"11777939-Fig7C"}