{"designUid":"52FACD1C-95B2-247F-34E9-A392D4691F41","type":"3Tfx_IP_ActivityAssay","modelName":"11777939-Fig7B","citeKey":"11777939-Fig7B","edges":[{"start":"60094900-CB68-F377-3E13-A392D46A304D","_type":"KefedLink","uid":"965835BC-5323-9DB5-3A05-78B699B9F646","end":"7A97893A-D6BE-C3BB-6C83-A392D46A2B68"},{"start":"7A97893A-D6BE-C3BB-6C83-A392D46A2B68","_type":"KefedLink","uid":"5D94C0CE-A643-8EAD-64A8-78B716BA88A9","end":"BF8A07C2-37D9-4090-4567-A392D46ACC86"},{"start":"BF8A07C2-37D9-4090-4567-A392D46ACC86","_type":"KefedLink","uid":"199E68D5-79C8-2EEC-452B-78B7AB0F8C93","end":"5D04757D-C4C6-A13B-5793-A392D46AAA24"},{"start":"5D04757D-C4C6-A13B-5793-A392D46AAA24","_type":"KefedLink","uid":"BB89F14F-D850-D262-EAA9-78B821C4BAC9","end":"18D372C7-FFF5-81BE-4028-A392D46A8B75"},{"start":"2D4FE764-FBC9-16EA-7ABC-A392D46AF2F5","_type":"KefedLink","uid":"ADB8BB46-470F-5A76-E8A9-78BBA1B5FC4F","end":"BF8A07C2-37D9-4090-4567-A392D46ACC86"},{"start":"0519744E-603D-0458-1B7E-A392D46FC6F1","_type":"KefedLink","uid":"C9029B14-FD42-753D-DB03-790EE8F644EE","end":"E6960991-1149-6F94-0C7F-A392D4697837"},{"start":"E6960991-1149-6F94-0C7F-A392D4697837","_type":"KefedLink","uid":"1D9B6EF8-07A6-B3BC-5908-791C8E320063","end":"375A9FC3-4C37-D22A-2A7A-A392D46A45E2"},{"start":"2C5876DB-98CC-9F50-C426-A392D46F98BB","_type":"KefedLink","uid":"415C366D-E775-E492-E58B-791D3C26D4BF","end":"375A9FC3-4C37-D22A-2A7A-A392D46A45E2"},{"start":"375A9FC3-4C37-D22A-2A7A-A392D46A45E2","_type":"KefedLink","uid":"D95B500F-EC0F-D9E9-09B7-A30693CFAF76","end":"60094900-CB68-F377-3E13-A392D46A304D"},{"start":"2F3DF911-908C-346A-F0D8-A77F975CFA75","_type":"KefedLink","uid":"DA91CCCF-2035-D33A-C61F-A77FA1EB69F6","end":"5D04757D-C4C6-A13B-5793-A392D46AAA24"}],"uid":"6EE93F11-6A40-05DE-C742-A7829924CDE3","nodes":[{"_type":"KefedObject","compositions":0,"spriteid":"Experimental Object","nameValue":"Cell-Line","ontologyIds":[],"did":"DFF1519B-E662-2239-5408-78B34E1F7CF0","type":"sprite","master":"","uid":"E6960991-1149-6F94-0C7F-A392D4697837","dataTable":[],"notes":null},{"_type":"KefedObject","compositions":0,"spriteid":"Activity","nameValue":"Triple Transfection","ontologyIds":[],"did":"F2E9789C-0676-7E11-E301-78B5C7270EEA","type":"sprite","master":"","uid":"375A9FC3-4C37-D22A-2A7A-A392D46A45E2","dataTable":[],"notes":null},{"_type":"KefedObject","compositions":0,"spriteid":"Activity","nameValue":"Cell Lysing","ontologyIds":[],"did":"2F5159C8-6BEA-DDE8-0619-78B63B8C42B3","type":"sprite","master":"","uid":"60094900-CB68-F377-3E13-A392D46A304D","dataTable":[],"notes":null},{"_type":"KefedObject","compositions":0,"spriteid":"Experimental Object","nameValue":"Lysate","ontologyIds":[],"did":"4FA20054-2D27-18F6-2330-78B690D31E41","type":"sprite","master":"","uid":"7A97893A-D6BE-C3BB-6C83-A392D46A2B68","dataTable":[],"notes":null},{"_type":"KefedObject","compositions":0,"spriteid":"Activity","nameValue":"Immunoprecipitation","ontologyIds":[],"did":"B979AC95-52F7-E99F-79C7-78B70D0DE64F","type":"sprite","master":"","uid":"BF8A07C2-37D9-4090-4567-A392D46ACC86","dataTable":[],"notes":null},{"_type":"KefedObject","compositions":0,"spriteid":"Activity","nameValue":"GEF \rAssay","ontologyIds":[],"did":"866C1DBF-FC2E-C8FB-5971-78B7A57BD34E","type":"sprite","master":"","uid":"5D04757D-C4C6-A13B-5793-A392D46AAA24","dataTable":[],"notes":"scita 1999 401 290, page 293 \r\r\"a percentage of the [3H]GDP released after 20 min relative to time 0, after subtracting the background counts released in control reaction (buffer alone)\""},{"spriteid":"Measurement Specification","nameValue":"percentage-of-[3H]GDP-released","did":"753B260A-35F5-C45D-42E3-78B81A04B708","master":"","ontologyIds":[],"valueType":{"maximumValue":"","multipleSlotFields":[],"orderedValues":false,"nameValue":"","allowedUnits":[],"valueTypeName":"Text","allowedPatterns":[],"allowedValues":[],"_type":"KefedFullValueTemplate","allowFreeValueInput":true,"termLookupFunction":"","allowFreeUnitInput":true,"minimumValue":"","allowFreePatternInput":true},"_type":"KefedObject","compositions":0,"uid":"18D372C7-FFF5-81BE-4028-A392D46A8B75","type":"sprite","notes":null,"dataTable":[]},{"spriteid":"Parameter Specification","nameValue":"immunoprecipitate","did":"D90CD077-51BE-C12E-678F-78BB84F3525C","master":"","ontologyIds":[],"valueType":{"maximumValue":"","multipleSlotFields":[{"_type":"KefedFieldTemplate","notes":null,"ontologyIds":[],"nameValue":"molecule","uid":"8ED08C79-6E6B-9E63-4FD6-A392D46A930A","valueType":{"maximumValue":"","orderedValues":false,"nameValue":"","allowedUnits":[],"valueTypeName":"Text","allowedPatterns":[],"allowedValues":[],"_type":"KefedBaseValueTemplate","allowFreeValueInput":true,"termLookupFunction":"","allowFreeUnitInput":true,"minimumValue":"","allowFreePatternInput":true}},{"_type":"KefedFieldTemplate","notes":null,"ontologyIds":[],"nameValue":"fragment-start-pos","uid":"5B6871F9-1E16-76B3-CC52-A392D46A0CFD","valueType":{"maximumValue":"","orderedValues":false,"nameValue":"","allowedUnits":[],"valueTypeName":"Integer","allowedPatterns":[],"allowedValues":[],"_type":"KefedBaseValueTemplate","allowFreeValueInput":true,"termLookupFunction":"","allowFreeUnitInput":true,"minimumValue":"","allowFreePatternInput":true}},{"_type":"KefedFieldTemplate","notes":null,"ontologyIds":[],"nameValue":"fragment-end-pos","uid":"4329750F-F662-F307-F690-A392D46A484F","valueType":{"maximumValue":"","orderedValues":false,"nameValue":"","allowedUnits":[],"valueTypeName":"Integer","allowedPatterns":[],"allowedValues":[],"_type":"KefedBaseValueTemplate","allowFreeValueInput":true,"termLookupFunction":"","allowFreeUnitInput":true,"minimumValue":"","allowFreePatternInput":true}}],"orderedValues":false,"nameValue":"","allowedUnits":[],"valueTypeName":"Text","allowedPatterns":[],"allowedValues":[],"_type":"KefedFullValueTemplate","allowFreeValueInput":true,"termLookupFunction":"","allowFreeUnitInput":true,"minimumValue":"","allowFreePatternInput":true},"_type":"KefedObject","compositions":0,"uid":"2D4FE764-FBC9-16EA-7ABC-A392D46AF2F5","type":"sprite","notes":null,"dataTable":[]},{"spriteid":"Constant Specification","nameValue":"cell-type","did":"00A2C59A-C7D7-9598-559F-790EDD07191D","master":"","ontologyIds":[],"valueType":{"maximumValue":"","multipleSlotFields":[],"orderedValues":false,"nameValue":"","allowedUnits":[],"valueTypeName":"Text","allowedPatterns":[],"allowedValues":[],"_type":"KefedFullValueTemplate","allowFreeValueInput":true,"termLookupFunction":"","allowFreeUnitInput":true,"minimumValue":"","allowFreePatternInput":false},"_type":"KefedObject","compositions":0,"uid":"0519744E-603D-0458-1B7E-A392D46FC6F1","type":"sprite","notes":null,"dataTable":[]},{"spriteid":"Parameter Specification","nameValue":"promoter-construct","did":"14C70219-FB94-D44F-0821-791D2F328CB4","master":"","ontologyIds":[],"valueType":{"maximumValue":"","multipleSlotFields":[{"_type":"KefedFieldTemplate","notes":null,"ontologyIds":[],"nameValue":"molecule1","uid":"E92D6E2B-19A1-D523-F7C0-A392D46FDF84","valueType":{"maximumValue":"","orderedValues":false,"nameValue":"","allowedUnits":[],"valueTypeName":"Text","allowedPatterns":[],"allowedValues":[],"_type":"KefedBaseValueTemplate","allowFreeValueInput":true,"termLookupFunction":"","allowFreeUnitInput":true,"minimumValue":"","allowFreePatternInput":true}},{"_type":"KefedFieldTemplate","notes":null,"ontologyIds":[],"nameValue":"molecule2","uid":"EB0AE5F4-F762-8D2F-79EF-A392D46FF836","valueType":{"maximumValue":"","orderedValues":false,"nameValue":"","allowedUnits":[],"valueTypeName":"Text","allowedPatterns":[],"allowedValues":[],"_type":"KefedBaseValueTemplate","allowFreeValueInput":true,"termLookupFunction":"","allowFreeUnitInput":true,"minimumValue":"","allowFreePatternInput":true}},{"_type":"KefedFieldTemplate","notes":null,"ontologyIds":[],"nameValue":"molecule3","uid":"53492923-70F3-2726-833F-A392D46F9446","valueType":{"maximumValue":"","orderedValues":false,"nameValue":"","allowedUnits":[],"valueTypeName":"Text","allowedPatterns":[],"allowedValues":[],"_type":"KefedBaseValueTemplate","allowFreeValueInput":true,"termLookupFunction":"","allowFreeUnitInput":true,"minimumValue":"","allowFreePatternInput":true}}],"orderedValues":false,"nameValue":"","allowedUnits":[],"valueTypeName":"Table","allowedPatterns":[],"allowedValues":[],"_type":"KefedFullValueTemplate","allowFreeValueInput":true,"termLookupFunction":"","allowFreeUnitInput":true,"minimumValue":"","allowFreePatternInput":true},"_type":"KefedObject","compositions":0,"uid":"2C5876DB-98CC-9F50-C426-A392D46F98BB","type":"sprite","notes":null,"dataTable":[]},{"spriteid":"Parameter Specification","nameValue":"target-molecule","did":"0BBE2B4A-CC74-5C0D-E827-A77F9756E3A5","master":"","ontologyIds":[],"valueType":{"maximumValue":"","multipleSlotFields":[],"orderedValues":false,"nameValue":"","allowedUnits":[],"valueTypeName":"Text","allowedPatterns":[],"allowedValues":[],"_type":"KefedFullValueTemplate","allowFreeValueInput":true,"termLookupFunction":"","allowFreeUnitInput":true,"minimumValue":"","allowFreePatternInput":false},"_type":"KefedObject","compositions":0,"uid":"2F3DF911-908C-346A-F0D8-A77F975CFA75","type":"sprite","notes":null,"dataTable":[]}],"experimentData":{"18D372C7-FFF5-81BE-4028-A392D46A8B75":[{"mx_internal_uid":"7D96A2B3-B01B-EBE2-E5D2-A787E061B359","0519744E-603D-0458-1B7E-A392D46FC6F1":"Cos-7","2D4FE764-FBC9-16EA-7ABC-A392D46AF2F5":"control","2C5876DB-98CC-9F50-C426-A392D46F98BB":{"53492923-70F3-2726-833F-A392D46F9446":"none","E92D6E2B-19A1-D523-F7C0-A392D46FDF84":"Sos-1","EB0AE5F4-F762-8D2F-79EF-A392D46FF836":"none"},"18D372C7-FFF5-81BE-4028-A392D46A8B75":"13","2F3DF911-908C-346A-F0D8-A77F975CFA75":"Ras-GEF"},{"mx_internal_uid":"6CB74D9B-AAE5-B07B-6D10-A787E08A2125","0519744E-603D-0458-1B7E-A392D46FC6F1":"Cos-7","2D4FE764-FBC9-16EA-7ABC-A392D46AF2F5":"control","2C5876DB-98CC-9F50-C426-A392D46F98BB":{"53492923-70F3-2726-833F-A392D46F9446":"none","E92D6E2B-19A1-D523-F7C0-A392D46FDF84":"Sos-1","EB0AE5F4-F762-8D2F-79EF-A392D46FF836":"none"},"18D372C7-FFF5-81BE-4028-A392D46A8B75":"11","2F3DF911-908C-346A-F0D8-A77F975CFA75":"Rac-GEF"},{"mx_internal_uid":"9FF385BE-588F-FC19-D931-A787E08FE798","0519744E-603D-0458-1B7E-A392D46FC6F1":"Cos-7","2D4FE764-FBC9-16EA-7ABC-A392D46AF2F5":"Sos-1","2C5876DB-98CC-9F50-C426-A392D46F98BB":{"53492923-70F3-2726-833F-A392D46F9446":"none","E92D6E2B-19A1-D523-F7C0-A392D46FDF84":"Sos-1","EB0AE5F4-F762-8D2F-79EF-A392D46FF836":"none"},"18D372C7-FFF5-81BE-4028-A392D46A8B75":"29","2F3DF911-908C-346A-F0D8-A77F975CFA75":"Ras-GEF"},{"mx_internal_uid":"3834000B-3FC3-2ECA-E204-A787E093B8B9","0519744E-603D-0458-1B7E-A392D46FC6F1":"Cos-7","2D4FE764-FBC9-16EA-7ABC-A392D46AF2F5":"Sos-1","2C5876DB-98CC-9F50-C426-A392D46F98BB":{"53492923-70F3-2726-833F-A392D46F9446":"none","E92D6E2B-19A1-D523-F7C0-A392D46FDF84":"Sos-1","EB0AE5F4-F762-8D2F-79EF-A392D46FF836":"none"},"18D372C7-FFF5-81BE-4028-A392D46A8B75":"13","2F3DF911-908C-346A-F0D8-A77F975CFA75":"Rac-GEF"},{"mx_internal_uid":"37C9A365-D9B6-A6FF-A340-A787E0971A69","0519744E-603D-0458-1B7E-A392D46FC6F1":"Cos-7","2D4FE764-FBC9-16EA-7ABC-A392D46AF2F5":"control","2C5876DB-98CC-9F50-C426-A392D46F98BB":{"53492923-70F3-2726-833F-A392D46F9446":"Eps8","E92D6E2B-19A1-D523-F7C0-A392D46FDF84":"Sos-1","EB0AE5F4-F762-8D2F-79EF-A392D46FF836":"E3b1"},"18D372C7-FFF5-81BE-4028-A392D46A8B75":"12","2F3DF911-908C-346A-F0D8-A77F975CFA75":"Ras-GEF"},{"mx_internal_uid":"93D54852-540E-EF8F-9290-A787E09BD78B","0519744E-603D-0458-1B7E-A392D46FC6F1":"Cos-7","2D4FE764-FBC9-16EA-7ABC-A392D46AF2F5":"control","2C5876DB-98CC-9F50-C426-A392D46F98BB":{"53492923-70F3-2726-833F-A392D46F9446":"Eps8","E92D6E2B-19A1-D523-F7C0-A392D46FDF84":"Sos-1","EB0AE5F4-F762-8D2F-79EF-A392D46FF836":"E3b1"},"18D372C7-FFF5-81BE-4028-A392D46A8B75":"9","2F3DF911-908C-346A-F0D8-A77F975CFA75":"Rac-GEF"},{"mx_internal_uid":"023BC699-BCA1-AE3F-7045-A787E09FF777","0519744E-603D-0458-1B7E-A392D46FC6F1":"Cos-7","2D4FE764-FBC9-16EA-7ABC-A392D46AF2F5":"Sos-1","2C5876DB-98CC-9F50-C426-A392D46F98BB":{"53492923-70F3-2726-833F-A392D46F9446":"Eps8","E92D6E2B-19A1-D523-F7C0-A392D46FDF84":"Sos-1","EB0AE5F4-F762-8D2F-79EF-A392D46FF836":"E3b1"},"18D372C7-FFF5-81BE-4028-A392D46A8B75":"35","2F3DF911-908C-346A-F0D8-A77F975CFA75":"Ras-GEF"},{"mx_internal_uid":"9E839C9A-5CE5-F276-A6CE-A787E0A332AC","0519744E-603D-0458-1B7E-A392D46FC6F1":"Cos-7","2D4FE764-FBC9-16EA-7ABC-A392D46AF2F5":"Sos-1","2C5876DB-98CC-9F50-C426-A392D46F98BB":{"53492923-70F3-2726-833F-A392D46F9446":"Eps8","E92D6E2B-19A1-D523-F7C0-A392D46FDF84":"Sos-1","EB0AE5F4-F762-8D2F-79EF-A392D46FF836":"E3b1"},"18D372C7-FFF5-81BE-4028-A392D46A8B75":"28","2F3DF911-908C-346A-F0D8-A77F975CFA75":"Rac-GEF"},{"mx_internal_uid":"A91CA590-EF5A-44FD-9CF5-A787E0A89260","0519744E-603D-0458-1B7E-A392D46FC6F1":"Cos-7","2D4FE764-FBC9-16EA-7ABC-A392D46AF2F5":"Eps8","2C5876DB-98CC-9F50-C426-A392D46F98BB":{"53492923-70F3-2726-833F-A392D46F9446":"Eps8","E92D6E2B-19A1-D523-F7C0-A392D46FDF84":"Sos-1","EB0AE5F4-F762-8D2F-79EF-A392D46FF836":"E3b1"},"18D372C7-FFF5-81BE-4028-A392D46A8B75":"13","2F3DF911-908C-346A-F0D8-A77F975CFA75":"Ras-GEF"},{"mx_internal_uid":"5D03218F-C0EF-2970-2C98-A787E0AC919C","0519744E-603D-0458-1B7E-A392D46FC6F1":"Cos-7","2D4FE764-FBC9-16EA-7ABC-A392D46AF2F5":"Eps8","2C5876DB-98CC-9F50-C426-A392D46F98BB":{"53492923-70F3-2726-833F-A392D46F9446":"Eps8","E92D6E2B-19A1-D523-F7C0-A392D46FDF84":"Sos-1","EB0AE5F4-F762-8D2F-79EF-A392D46FF836":"E3b1"},"18D372C7-FFF5-81BE-4028-A392D46A8B75":"26","2F3DF911-908C-346A-F0D8-A77F975CFA75":"Rac-GEF"}]},"_type":"KefedExperiment","description":"","kefedVersion":"2.0","diagramXML":"<diagram version=\"0\" width=\"2879\" height=\"2879\" id=\"763ED148-E7F3-705B-6502-78B2A5814AF7\">\n  <columns id=\"9EBAA77A-0695-1C85-BED8-78B2A5816E1C\" multicolumn=\"false\">\n    <column id=\"79A41F92-E438-694F-5A01-78B2A5811B1E\" width=\"2817\" height=\"30\" title=\"Default column\"/>\n    <column id=\"3C1FF556-5D8D-D501-81AE-78B33A0757DE\" width=\"80\" height=\"30\" title=\"Default column\"/>\n    <column id=\"B9A5FD4C-5072-CAE9-F93D-790B332BEF61\" width=\"80\" height=\"30\" title=\"Default column\"/>\n    <column id=\"5E976005-5475-C96E-ECB5-791BEA35651F\" width=\"80\" height=\"30\" title=\"Default column\"/>\n    <column id=\"6AC18DA9-0A13-5A90-7460-791ED295BD9D\" width=\"80\" height=\"30\" title=\"Default column\"/>\n    <column id=\"2678AE3D-88E0-30D3-A325-797EDB9ED621\" width=\"80\" height=\"30\" title=\"Default column\"/>\n    <column id=\"4FAFF106-C2BC-CD96-E4E3-887B5AA85044\" width=\"80\" height=\"30\" title=\"Default column\"/>\n    <column id=\"A54719A5-EE46-FA66-E193-88B5979C9567\" width=\"80\" height=\"30\" title=\"Default column\"/>\n    <column id=\"1C0AC181-D536-9A95-14D5-88C0C307C3D5\" width=\"80\" height=\"30\" title=\"Default column\"/>\n    <column id=\"83680896-E330-B6BC-6624-88E5990C21F5\" width=\"80\" height=\"30\" title=\"Default column\"/>\n    <column id=\"2887D0EB-A235-E50A-AD1B-88E8A6E506BC\" width=\"80\" height=\"30\" title=\"Default column\"/>\n    <column id=\"011546BD-9FA8-2E2B-46AA-A301C52E4018\" width=\"80\" height=\"30\" title=\"Default column\"/>\n    <column id=\"6B09033C-B795-2EAB-99D6-A374E401CE1D\" width=\"80\" height=\"30\" title=\"Default column\"/>\n    <column id=\"33219EFF-6907-6901-18B5-A3940E11B9A6\" width=\"80\" height=\"30\" title=\"Default column\"/>\n    <column id=\"0ECDD95A-7156-0231-95E2-A39A7E3C56CC\" width=\"80\" height=\"30\" title=\"Default column\"/>\n    <column id=\"96E99F6E-35E4-E6C6-D5D8-A3A3E1BF9D3B\" width=\"80\" height=\"30\" title=\"Default column\"/>\n    <column id=\"455CEA32-DF37-CB58-071F-A77F689F8403\" width=\"80\" height=\"30\" title=\"Default column\"/>\n    <column id=\"07B8BF98-6712-7849-6E7A-A78310818064\" width=\"80\" height=\"30\" title=\"Default column\"/>\n  </columns>\n  <panels id=\"1FA1B5C8-4194-5F7D-AC26-78B2A58171EE\" multipanel=\"false\">\n    <panel id=\"B6A21531-A056-009A-6310-78B2A581C5D2\" height=\"2879\" title=\"3Tfx_IP_ActivityAssay\">\n      <lane id=\"E6F2BB19-0507-F848-30A3-78B2A581CE35\" height=\"2879\" title=\"3Tfx_IP_ActivityAssay\">\n        <links id=\"07B16B61-0816-17C3-B755-78B2A581CCE7\">\n          <link id=\"8B76C99A-EADD-CB84-1C5C-78B690D8E45E\" dataid=\"965835BC-5323-9DB5-3A05-78B699B9F646\" master=\"D7125A79-A71C-855D-F380-78B690D88CED\" behaviour=\"0\" geometry=\"0\" styleclass=\".lanescope-link\" x=\"319\" y=\"470\" points=\"8,-268.4 18,-268.4 18,-160.1\" target=\"7DBF3BF1-41EE-1958-9CE5-78B690D81DC3\"/>\n          <link id=\"EF7593BD-93E0-C222-8253-78B70D12D0D0\" dataid=\"5D94C0CE-A643-8EAD-64A8-78B716BA88A9\" master=\"9EFDB32A-4680-9E77-19D2-78B70D12112D\" behaviour=\"0\" geometry=\"0\" styleclass=\".lanescope-link\" x=\"318.95\" y=\"538\" points=\"9,-228.1 10.25,-228.1 10.25,-147.9\" target=\"355D3AC9-6EEF-37E6-64FC-78B70D12FDBA\"/>\n          <link id=\"C51B735D-D39F-97CB-FF4D-78B7A581BDEE\" dataid=\"199E68D5-79C8-2EEC-452B-78B7AB0F8C93\" master=\"D9BFFCD3-90A0-0B39-E6A9-78B7A5817E8D\" behaviour=\"0\" geometry=\"0\" styleclass=\".lanescope-link\" x=\"319.2\" y=\"623\" points=\"10,-232.9 13.55,-232.9 13.55,-132\" target=\"CADD2A6B-A27D-71CF-9CAC-78B7A581CE74\"/>\n          <link id=\"1F980322-F1E9-DB4F-C9CE-78B81A0CA554\" dataid=\"BB89F14F-D850-D262-EAA9-78B821C4BAC9\" master=\"99BE2DEB-B71C-B38F-22B9-78B81A0CDD82\" behaviour=\"0\" geometry=\"0\" styleclass=\".lanescope-link\" x=\"320.75\" y=\"712\" points=\"12,-221.05 10.25,-221.05 10.25,-133\" target=\"726CD328-14D6-F79C-B6C0-78B81A0C8D5A\"/>\n          <link id=\"19E83F7B-906F-EF2B-ADE6-790EE8F347D2\" dataid=\"C9029B14-FD42-753D-DB03-790EE8F644EE\" master=\"CA1569CB-6F46-4D30-D361-790EE8F4D3AB\" behaviour=\"0\" geometry=\"0\" styleclass=\".lanescope-link\" x=\"194.3\" y=\"76\" points=\"-1,-33 70.7,-33 70.7,-16.9\" target=\"91085053-B47A-E7D3-E3B9-790EE8F4212C\"/>\n          <link id=\"65414C50-4715-5E4D-C168-791C8E3066D9\" dataid=\"1D9B6EF8-07A6-B3BC-5908-791C8E320063\" master=\"A20D6DC9-1343-DE79-2DB0-791C8E309118\" behaviour=\"0\" geometry=\"0\" styleclass=\".lanescope-link\" x=\"319\" y=\"95.1\" points=\"0,-18 0,4.5 1,4.5\" target=\"D5CF77A2-144F-76EC-6A33-791C8E300A83\"/>\n          <link id=\"90D33B27-8984-46C5-7A14-78BBA1B3F850\" dataid=\"ADB8BB46-470F-5A76-E8A9-78BBA1B5FC4F\" master=\"CE0EC47B-37B5-570C-49C9-78BBA1B3A53D\" behaviour=\"0\" geometry=\"0\" styleclass=\".lanescope-link\" x=\"199\" y=\"646.6\" points=\"10,-258.1 75.2,-258.1 75.2,-278\" target=\"7B7B9A8B-D411-00A0-F197-78BBA1B34ACE\"/>\n          <link id=\"0E1B5F88-FF9E-A34A-B200-791D3C25C633\" dataid=\"415C366D-E775-E492-E58B-791D3C26D4BF\" master=\"CD533CC0-B94F-7C71-41E9-791D3C25D13E\" behaviour=\"0\" geometry=\"0\" styleclass=\".lanescope-link\" x=\"194\" y=\"161\" points=\"-3,-34 96.25,-34 96.25,-27\" target=\"03BD6C7A-E8A6-9001-AB6B-791D3C259EA0\"/>\n          <link id=\"C26EA719-5AEF-C6B5-E9E9-A30693CD1103\" dataid=\"D95B500F-EC0F-D9E9-09B7-A30693CFAF76\" master=\"7E5D8390-5384-DFC7-C725-A30693CD2B2E\" behaviour=\"0\" geometry=\"0\" styleclass=\".lanescope-link\" x=\"318.25\" y=\"164.6\" points=\"0,0 0,26 7,26\" target=\"E0E06F92-DC3C-1015-B713-A30693CD4390\"/>\n          <link id=\"01994FC5-A32C-5AA0-5DB0-A77FA1E73B23\" dataid=\"DA91CCCF-2035-D33A-C61F-A77FA1EB69F6\" master=\"65C68F84-4668-513C-D9E8-A77FA1E87DCD\" behaviour=\"0\" geometry=\"0\" styleclass=\".lanescope-link\" x=\"215\" y=\"492.6\" points=\"-10,1 56.25,1 56.25,0\" target=\"2F9B586A-7497-011E-DBCA-A77FA1E8FB1D\"/>\n        </links>\n        <sprites id=\"97820F67-3B85-C08C-9115-78B2A5818D9B\">\n          <sprite id=\"DFF1519B-E662-2239-5408-78B34E1F7CF0\" dataid=\"E6960991-1149-6F94-0C7F-A392D4697837\" annotation=\"673445AD-AD67-80DD-7777-78B418040B76\" dx=\"NaN\" dy=\"NaN\" box=\"264,14.1,119.85,63\" spriteid=\"Experimental Object\">\n            <anchor id=\"91085053-B47A-E7D3-E3B9-790EE8F4212C\" dx=\"1\" dy=\"45\" target=\"19E83F7B-906F-EF2B-ADE6-790EE8F347D2\"/>\n            <anchor id=\"A20D6DC9-1343-DE79-2DB0-791C8E309118\" dx=\"55\" dy=\"63\" target=\"65414C50-4715-5E4D-C168-791C8E3066D9\"/>\n            <anchor id=\"83AFD6A0-8F17-9AD5-95BA-78B4180F0C3E\" dx=\"0\" dy=\"0\" target=\"673445AD-AD67-80DD-7777-78B418040B76\"/>\n          </sprite>\n          <sprite id=\"00A2C59A-C7D7-9598-559F-790EDD07191D\" dataid=\"0519744E-603D-0458-1B7E-A392D46FC6F1\" annotation=\"F496DCDB-716C-1E16-AFA9-790EEDA21105\" dx=\"NaN\" dy=\"NaN\" box=\"166.3,32,25.05,28.3\" spriteid=\"Constant Specification\">\n            <anchor id=\"1B38143D-FEB5-7CD8-723F-790EEDA8F038\" dx=\"0\" dy=\"0\" target=\"F496DCDB-716C-1E16-AFA9-790EEDA21105\"/>\n            <anchor id=\"CA1569CB-6F46-4D30-D361-790EE8F4D3AB\" dx=\"27\" dy=\"11\" target=\"19E83F7B-906F-EF2B-ADE6-790EE8F347D2\"/>\n          </sprite>\n          <sprite id=\"F2E9789C-0676-7E11-E301-78B5C7270EEA\" dataid=\"375A9FC3-4C37-D22A-2A7A-A392D46A45E2\" annotation=\"5FFB6DF2-80E2-5A7D-E885-78B5CF6385A7\" dx=\"NaN\" dy=\"NaN\" box=\"261.25,101.6,119.5,62.75\" spriteid=\"Activity\">\n            <anchor id=\"03BD6C7A-E8A6-9001-AB6B-791D3C259EA0\" dx=\"29\" dy=\"32.4\" target=\"0E1B5F88-FF9E-A34A-B200-791D3C25C633\"/>\n            <anchor id=\"D5CF77A2-144F-76EC-6A33-791C8E300A83\" dx=\"58.75\" dy=\"-2\" target=\"65414C50-4715-5E4D-C168-791C8E3066D9\"/>\n            <anchor id=\"7E5D8390-5384-DFC7-C725-A30693CD2B2E\" dx=\"57\" dy=\"63\" target=\"C26EA719-5AEF-C6B5-E9E9-A30693CD1103\"/>\n            <anchor id=\"7F669E25-5DBB-24BA-C8ED-78B5CF69A57B\" dx=\"0\" dy=\"0\" target=\"5FFB6DF2-80E2-5A7D-E885-78B5CF6385A7\"/>\n          </sprite>\n          <sprite id=\"B979AC95-52F7-E99F-79C7-78B70D0DE64F\" dataid=\"BF8A07C2-37D9-4090-4567-A392D46ACC86\" annotation=\"FB0B50E2-DA94-D8CF-0902-78B71855BE92\" dx=\"NaN\" dy=\"NaN\" box=\"248.2,360.6,162,59\" spriteid=\"Activity\">\n            <anchor id=\"355D3AC9-6EEF-37E6-64FC-78B70D12FDBA\" dx=\"81\" dy=\"29.523505976095617\" target=\"EF7593BD-93E0-C222-8253-78B70D12D0D0\"/>\n            <anchor id=\"8EE5990B-5120-4953-F518-78B7185CEFD1\" dx=\"0\" dy=\"0\" target=\"FB0B50E2-DA94-D8CF-0902-78B71855BE92\"/>\n            <anchor id=\"7B7B9A8B-D411-00A0-F197-78BBA1B34ACE\" dx=\"26\" dy=\"8\" target=\"90D33B27-8984-46C5-7A14-78BBA1B3F850\"/>\n            <anchor id=\"D9BFFCD3-90A0-0B39-E6A9-78B7A5817E8D\" dx=\"81\" dy=\"29.5\" target=\"C51B735D-D39F-97CB-FF4D-78B7A581BDEE\"/>\n          </sprite>\n          <sprite id=\"4FA20054-2D27-18F6-2330-78B690D31E41\" dataid=\"7A97893A-D6BE-C3BB-6C83-A392D46A2B68\" annotation=\"BBAEDB4C-FBB7-DB45-BEFB-78B69ACDEAA7\" dx=\"NaN\" dy=\"NaN\" box=\"268.05,278.4,119.85,63\" spriteid=\"Experimental Object\">\n            <anchor id=\"7DBF3BF1-41EE-1958-9CE5-78B690D81DC3\" dx=\"68.95\" dy=\"31.5\" target=\"8B76C99A-EADD-CB84-1C5C-78B690D8E45E\"/>\n            <anchor id=\"7D5F4DCC-1B6D-E820-C9F7-78B69AD3AACD\" dx=\"0\" dy=\"0\" target=\"BBAEDB4C-FBB7-DB45-BEFB-78B69ACDEAA7\"/>\n            <anchor id=\"9EFDB32A-4680-9E77-19D2-78B70D12112D\" dx=\"59.9\" dy=\"31.5\" target=\"EF7593BD-93E0-C222-8253-78B70D12D0D0\"/>\n          </sprite>\n          <sprite id=\"2F5159C8-6BEA-DDE8-0619-78B63B8C42B3\" dataid=\"60094900-CB68-F377-3E13-A392D46A304D\" annotation=\"318BE034-16DC-698F-0C77-78B6472499AA\" dx=\"NaN\" dy=\"NaN\" box=\"267.25,191.6,119.5,62.75\" spriteid=\"Activity\">\n            <anchor id=\"1F5E5889-B55D-9566-77F9-78B64729C8A5\" dx=\"0\" dy=\"0\" target=\"318BE034-16DC-698F-0C77-78B6472499AA\"/>\n            <anchor id=\"E0E06F92-DC3C-1015-B713-A30693CD4390\" dx=\"58\" dy=\"-1\" target=\"C26EA719-5AEF-C6B5-E9E9-A30693CD1103\"/>\n            <anchor id=\"D7125A79-A71C-855D-F380-78B690D88CED\" dx=\"59.75\" dy=\"10\" target=\"8B76C99A-EADD-CB84-1C5C-78B690D8E45E\"/>\n          </sprite>\n          <sprite id=\"D90CD077-51BE-C12E-678F-78BB84F3525C\" dataid=\"2D4FE764-FBC9-16EA-7ABC-A392D46AF2F5\" annotation=\"33DB63C2-D005-5A44-56B7-78BBF17F66D0\" dx=\"NaN\" dy=\"NaN\" box=\"183,350.9,25.049999999999997,76.3\" spriteid=\"Parameter Specification\">\n            <anchor id=\"D1B5C0BD-099B-2232-E4BF-78BBF185F70D\" dx=\"0\" dy=\"0\" target=\"33DB63C2-D005-5A44-56B7-78BBF17F66D0\"/>\n            <anchor id=\"CE0EC47B-37B5-570C-49C9-78BBA1B3A53D\" dx=\"26\" dy=\"37.6\" target=\"90D33B27-8984-46C5-7A14-78BBA1B3F850\"/>\n          </sprite>\n          <sprite id=\"14C70219-FB94-D44F-0821-791D2F328CB4\" dataid=\"2C5876DB-98CC-9F50-C426-A392D46F98BB\" annotation=\"85C48DD1-E4E2-A81E-5D93-791D3FF3B2A7\" dx=\"NaN\" dy=\"NaN\" box=\"166,91,25.049999999999997,76.3\" spriteid=\"Parameter Specification\">\n            <anchor id=\"D1EE648D-09CD-068B-59BA-791D3FFA1F18\" dx=\"0\" dy=\"0\" target=\"85C48DD1-E4E2-A81E-5D93-791D3FF3B2A7\"/>\n            <anchor id=\"CD533CC0-B94F-7C71-41E9-791D3C25D13E\" dx=\"25\" dy=\"36\" target=\"0E1B5F88-FF9E-A34A-B200-791D3C25C633\"/>\n          </sprite>\n          <sprite id=\"866C1DBF-FC2E-C8FB-5971-78B7A57BD34E\" dataid=\"5D04757D-C4C6-A13B-5793-A392D46AAA24\" annotation=\"36956BDF-7695-4B12-2222-78B7AC89A75B\" dx=\"NaN\" dy=\"NaN\" box=\"272.25,459.6,121,62.75\" spriteid=\"Activity\">\n            <anchor id=\"7B26B4EB-2384-1FB6-91AB-78B7AC8F4802\" dx=\"0\" dy=\"0\" target=\"36956BDF-7695-4B12-2222-78B7AC89A75B\"/>\n            <anchor id=\"2F9B586A-7497-011E-DBCA-A77FA1E8FB1D\" dx=\"-1\" dy=\"33\" target=\"01994FC5-A32C-5AA0-5DB0-A77FA1E73B23\"/>\n            <anchor id=\"99BE2DEB-B71C-B38F-22B9-78B81A0CDD82\" dx=\"60.5\" dy=\"31.35\" target=\"1F980322-F1E9-DB4F-C9CE-78B81A0CA554\"/>\n            <anchor id=\"CADD2A6B-A27D-71CF-9CAC-78B7A581CE74\" dx=\"60.50000000000001\" dy=\"31.4\" target=\"C51B735D-D39F-97CB-FF4D-78B7A581BDEE\"/>\n          </sprite>\n          <sprite id=\"0BBE2B4A-CC74-5C0D-E827-A77F9756E3A5\" dataid=\"2F3DF911-908C-346A-F0D8-A77F975CFA75\" annotation=\"A7A29654-5733-4F5A-E6F8-A7804B82BF8E\" dx=\"NaN\" dy=\"NaN\" box=\"179,452,25.049999999999997,76.3\" spriteid=\"Parameter Specification\">\n            <anchor id=\"65C68F84-4668-513C-D9E8-A77FA1E87DCD\" dx=\"26\" dy=\"41.6\" target=\"01994FC5-A32C-5AA0-5DB0-A77FA1E73B23\"/>\n            <anchor id=\"FFA6CDD1-E60D-B9DF-3EB1-A7804B880A23\" dx=\"0\" dy=\"0\" target=\"A7A29654-5733-4F5A-E6F8-A7804B82BF8E\"/>\n          </sprite>\n          <sprite id=\"753B260A-35F5-C45D-42E3-78B81A04B708\" dataid=\"18D372C7-FFF5-81BE-4028-A392D46A8B75\" selected=\"true\" annotation=\"53B5F940-2CB5-03D3-F34B-78B842B5A4BA\" dx=\"NaN\" dy=\"NaN\" box=\"299,547.45,64,63.1\" spriteid=\"Measurement Specification\">\n            <anchor id=\"F430C836-941D-6C50-A0E7-78B842BD391A\" dx=\"0\" dy=\"0\" target=\"53B5F940-2CB5-03D3-F34B-78B842B5A4BA\"/>\n            <anchor id=\"726CD328-14D6-F79C-B6C0-78B81A0C8D5A\" dx=\"32\" dy=\"31.55\" target=\"1F980322-F1E9-DB4F-C9CE-78B81A0CA554\"/>\n          </sprite>\n        </sprites>\n        <annotations id=\"90825723-95AD-BE89-0ABB-78B2A581DD4C\">\n          <annotation id=\"673445AD-AD67-80DD-7777-78B418040B76\" master=\"83AFD6A0-8F17-9AD5-95BA-78B4180F0C3E\" dx=\"8.899999999999977\" dy=\"21\" box=\"272.9,35.1,100,16\" spriteid=\"annotation\"><![CDATA[Cell-Line]]></annotation>\n          <annotation id=\"F496DCDB-716C-1E16-AFA9-790EEDA21105\" master=\"1B38143D-FEB5-7CD8-723F-790EEDA8F038\" dx=\"-37.5\" dy=\"28.30000000000001\" box=\"128.8,60.3,100,16\" spriteid=\"annotation\"><![CDATA[cell-type]]></annotation>\n          <annotation id=\"FB0B50E2-DA94-D8CF-0902-78B71855BE92\" master=\"8EE5990B-5120-4953-F518-78B7185CEFD1\" dx=\"-0.8499999999999659\" dy=\"15.549999999999956\" box=\"247.35,376.15,155,20\" spriteid=\"annotation\"><![CDATA[Immunoprecipitation]]></annotation>\n          <annotation id=\"BBAEDB4C-FBB7-DB45-BEFB-78B69ACDEAA7\" master=\"7D5F4DCC-1B6D-E820-C9F7-78B69AD3AACD\" dx=\"8.899999999999977\" dy=\"16\" box=\"276.95,294.4,100,30\" spriteid=\"annotation\"><![CDATA[Lysate]]></annotation>\n          <annotation id=\"318BE034-16DC-698F-0C77-78B6472499AA\" master=\"1F5E5889-B55D-9566-77F9-78B64729C8A5\" dx=\"5.75\" dy=\"15.75\" box=\"273,207.35,100,23.25\" spriteid=\"annotation\"><![CDATA[Cell Lysing]]></annotation>\n          <annotation id=\"33DB63C2-D005-5A44-56B7-78BBF17F66D0\" master=\"D1B5C0BD-099B-2232-E4BF-78BBF185F70D\" dx=\"-141\" dy=\"3.3000000000000114\" box=\"42,354.2,127.5,19.700000000000003\" spriteid=\"annotation\"><![CDATA[immunoprecipitate]]></annotation>\n          <annotation id=\"5FFB6DF2-80E2-5A7D-E885-78B5CF6385A7\" master=\"7F669E25-5DBB-24BA-C8ED-78B5CF69A57B\" dx=\"6.75\" dy=\"7.75\" box=\"268,109.35,100,35.25\" spriteid=\"annotation\"><![CDATA[Triple Transfection]]></annotation>\n          <annotation id=\"85C48DD1-E4E2-A81E-5D93-791D3FF3B2A7\" master=\"D1EE648D-09CD-068B-59BA-791D3FFA1F18\" dx=\"-108.5\" dy=\"12.300000000000011\" box=\"57.5,103.3,100,35.7\" spriteid=\"annotation\"><![CDATA[promoter-construct]]></annotation>\n          <annotation id=\"36956BDF-7695-4B12-2222-78B7AC89A75B\" master=\"7B26B4EB-2384-1FB6-91AB-78B7AC8F4802\" dx=\"4.800000000000011\" dy=\"12.75\" box=\"277.05,472.35,106.95,36.65\" spriteid=\"annotation\"><![CDATA[GEF \rAssay]]></annotation>\n          <annotation id=\"53B5F940-2CB5-03D3-F34B-78B842B5A4BA\" master=\"F430C836-941D-6C50-A0E7-78B842BD391A\" dx=\"-108\" dy=\"2.1000000000000227\" box=\"191,549.55,100,56.45\" spriteid=\"annotation\"><![CDATA[percentage-of-[3H]GDP-released]]></annotation>\n          <annotation id=\"A7A29654-5733-4F5A-E6F8-A7804B82BF8E\" master=\"FFA6CDD1-E60D-B9DF-3EB1-A7804B880A23\" dx=\"-102.5\" dy=\"0.30000000000001137\" box=\"76.5,452.3,100,37.7\" spriteid=\"annotation\"><![CDATA[target-molecule]]></annotation>\n        </annotations>\n      </lane>\n      <links id=\"B7F89C45-B289-8DEA-7D19-78B2A58131B8\"/>\n      <annotations id=\"649A418C-9F74-BB70-D074-78B2A5813F09\"/>\n    </panel>\n    <links id=\"C73AA95D-2530-67D0-FA39-78B2A581D58C\"/>\n    <annotations id=\"06224632-CEE2-619F-86DD-78B2A5815401\"/>\n  </panels>\n</diagram>","dateTime":"Thu Jan 1 20:00:55 GMT-0800 2015","source":"11777939-Fig7B"}