{"modelName":"12515821-Fig3A","_type":"KefedExperiment","citeKey":"12515821-Fig3A","nodes":[{"nameValue":"Cell-Line","_type":"KefedObject","did":"DFF1519B-E662-2239-5408-78B34E1F7CF0","compositions":0,"master":"","uid":"351984ED-F889-2812-A3AE-A374742878D4","notes":null,"ontologyIds":[],"type":"sprite","spriteid":"Experimental Object","dataTable":[]},{"nameValue":"Triple Transfection","_type":"KefedObject","did":"F2E9789C-0676-7E11-E301-78B5C7270EEA","compositions":0,"master":"","uid":"FAC2994A-502B-1051-9174-A3747428E64E","notes":null,"ontologyIds":[],"type":"sprite","spriteid":"Activity","dataTable":[]},{"nameValue":"Cell Lysing","_type":"KefedObject","did":"2F5159C8-6BEA-DDE8-0619-78B63B8C42B3","compositions":0,"master":"","uid":"4D561282-A1B7-3541-95A0-A37474282BE7","notes":null,"ontologyIds":[],"type":"sprite","spriteid":"Activity","dataTable":[]},{"nameValue":"Lysate","_type":"KefedObject","did":"4FA20054-2D27-18F6-2330-78B690D31E41","compositions":0,"master":"","uid":"C0842DBC-CBB6-00D4-50DB-A3747429B74E","notes":null,"ontologyIds":[],"type":"sprite","spriteid":"Experimental Object","dataTable":[]},{"nameValue":"Immunoprecipitation","_type":"KefedObject","did":"B979AC95-52F7-E99F-79C7-78B70D0DE64F","compositions":0,"master":"","uid":"D84D96C3-6695-A603-EB7A-A37474290E13","notes":null,"ontologyIds":[],"type":"sprite","spriteid":"Activity","dataTable":[]},{"nameValue":"Western\rBlot","_type":"KefedObject","did":"866C1DBF-FC2E-C8FB-5971-78B7A57BD34E","compositions":0,"master":"","uid":"26816B63-D91B-BC97-5C92-A3747429CBA5","notes":null,"ontologyIds":[],"type":"sprite","spriteid":"Activity","dataTable":[]},{"nameValue":"protein-concentration","_type":"KefedObject","did":"753B260A-35F5-C45D-42E3-78B81A04B708","ontologyIds":[],"valueType":{"nameValue":"","_type":"KefedFullValueTemplate","allowedUnits":[],"valueTypeName":"Text","allowedPatterns":[],"allowedValues":[],"allowFreeValueInput":true,"termLookupFunction":"","allowFreeUnitInput":true,"minimumValue":"","allowFreePatternInput":false,"maximumValue":"","multipleSlotFields":[],"orderedValues":false},"compositions":0,"notes":null,"master":"","uid":"610C4F04-85A6-00D0-A28C-A374742928CA","type":"sprite","spriteid":"Measurement Specification","dataTable":[]},{"nameValue":"immunoprecipitate","_type":"KefedObject","did":"D90CD077-51BE-C12E-678F-78BB84F3525C","ontologyIds":[],"valueType":{"nameValue":"","_type":"KefedFullValueTemplate","allowedUnits":[],"valueTypeName":"Text","allowedPatterns":[],"allowedValues":[],"allowFreeValueInput":true,"termLookupFunction":"","allowFreeUnitInput":true,"minimumValue":"","allowFreePatternInput":false,"maximumValue":"","multipleSlotFields":[{"nameValue":"molecule","_type":"KefedFieldTemplate","ontologyIds":[],"uid":"461DA0AC-E079-54A9-B82F-A37474299BBD","valueType":{"nameValue":"","_type":"KefedBaseValueTemplate","allowedUnits":[],"valueTypeName":"Text","allowedPatterns":[],"allowedValues":[],"allowFreeValueInput":true,"termLookupFunction":"","allowFreeUnitInput":true,"minimumValue":"","allowFreePatternInput":false,"maximumValue":"","orderedValues":false},"notes":null},{"nameValue":"fragment-start-pos","_type":"KefedFieldTemplate","ontologyIds":[],"uid":"79CCF0EE-3895-9644-5C6D-A3747429FB7D","valueType":{"nameValue":"","_type":"KefedBaseValueTemplate","allowedUnits":[],"valueTypeName":"Integer","allowedPatterns":[],"allowedValues":[],"allowFreeValueInput":true,"termLookupFunction":"","allowFreeUnitInput":true,"minimumValue":"","allowFreePatternInput":false,"maximumValue":"","orderedValues":false},"notes":null},{"nameValue":"fragment-end-pos","_type":"KefedFieldTemplate","ontologyIds":[],"uid":"6B0D8266-85D6-C7A0-EE68-A37474298295","valueType":{"nameValue":"","_type":"KefedBaseValueTemplate","allowedUnits":[],"valueTypeName":"Integer","allowedPatterns":[],"allowedValues":[],"allowFreeValueInput":true,"termLookupFunction":"","allowFreeUnitInput":true,"minimumValue":"","allowFreePatternInput":false,"maximumValue":"","orderedValues":false},"notes":null}],"orderedValues":false},"compositions":0,"notes":null,"master":"","uid":"840DB5A1-60EE-88A2-ED6B-A3747429C661","type":"sprite","spriteid":"Parameter Specification","dataTable":[]},{"nameValue":"primary-antibody","_type":"KefedObject","did":"D465C8EB-57E1-D1B6-435D-78BC55090D20","ontologyIds":[],"valueType":{"nameValue":"","_type":"KefedFullValueTemplate","allowedUnits":[],"valueTypeName":"Text","allowedPatterns":[],"allowedValues":[],"allowFreeValueInput":true,"termLookupFunction":"","allowFreeUnitInput":true,"minimumValue":"","allowFreePatternInput":false,"maximumValue":"","multipleSlotFields":[],"orderedValues":false},"compositions":0,"notes":null,"master":"","uid":"DDFC3023-804A-9230-3338-A37474291080","type":"sprite","spriteid":"Parameter Specification","dataTable":[]},{"nameValue":"cell-type","_type":"KefedObject","did":"00A2C59A-C7D7-9598-559F-790EDD07191D","ontologyIds":[],"valueType":{"nameValue":"","_type":"KefedFullValueTemplate","allowedUnits":[],"valueTypeName":"Text","allowedPatterns":[],"allowedValues":[],"allowFreeValueInput":true,"termLookupFunction":"","allowFreeUnitInput":true,"minimumValue":"","allowFreePatternInput":true,"maximumValue":"","multipleSlotFields":[],"orderedValues":false},"compositions":0,"notes":null,"master":"","uid":"AFF848DE-524C-9E99-F339-A3747429F068","type":"sprite","spriteid":"Constant Specification","dataTable":[]},{"nameValue":"promoter-construct","_type":"KefedObject","did":"14C70219-FB94-D44F-0821-791D2F328CB4","ontologyIds":[],"valueType":{"nameValue":"","_type":"KefedFullValueTemplate","allowedUnits":[],"valueTypeName":"Table","allowedPatterns":[],"allowedValues":[],"allowFreeValueInput":true,"termLookupFunction":"","allowFreeUnitInput":true,"minimumValue":"","allowFreePatternInput":false,"maximumValue":"","multipleSlotFields":[{"nameValue":"molecule1","_type":"KefedFieldTemplate","ontologyIds":[],"uid":"59EF80F9-3067-8522-0FAE-A37474299032","valueType":{"nameValue":"","_type":"KefedBaseValueTemplate","allowedUnits":[],"valueTypeName":"Text","allowedPatterns":[],"allowedValues":[],"allowFreeValueInput":true,"termLookupFunction":"","allowFreeUnitInput":true,"minimumValue":"","allowFreePatternInput":false,"maximumValue":"","orderedValues":false},"notes":null},{"nameValue":"molecule2","_type":"KefedFieldTemplate","ontologyIds":[],"uid":"04C30481-BB3F-3DFA-2415-A3747429F847","valueType":{"nameValue":"","_type":"KefedBaseValueTemplate","allowedUnits":[],"valueTypeName":"Text","allowedPatterns":[],"allowedValues":[],"allowFreeValueInput":true,"termLookupFunction":"","allowFreeUnitInput":true,"minimumValue":"","allowFreePatternInput":false,"maximumValue":"","orderedValues":false},"notes":null},{"nameValue":"molecule3","_type":"KefedFieldTemplate","ontologyIds":[],"uid":"8E1C1B6C-5510-9872-B39F-A375B44F4D5E","valueType":{"nameValue":"","_type":"KefedBaseValueTemplate","allowedUnits":[],"valueTypeName":"Text","allowedPatterns":[],"allowedValues":[],"allowFreeValueInput":true,"termLookupFunction":"","allowFreeUnitInput":true,"minimumValue":"","allowFreePatternInput":false,"maximumValue":"","orderedValues":false},"notes":null}],"orderedValues":false},"compositions":0,"notes":null,"master":"","uid":"DD283FC0-E363-F0E7-E4E4-A37474290ADE","type":"sprite","spriteid":"Parameter Specification","dataTable":[]}],"source":"12515821-Fig3A","dateTime":"Mon Jan 12 10:50:39 GMT-0800 2015","kefedVersion":"2.0","edges":[{"_type":"KefedLink","end":"C0842DBC-CBB6-00D4-50DB-A3747429B74E","start":"4D561282-A1B7-3541-95A0-A37474282BE7","uid":"965835BC-5323-9DB5-3A05-78B699B9F646"},{"_type":"KefedLink","end":"D84D96C3-6695-A603-EB7A-A37474290E13","start":"C0842DBC-CBB6-00D4-50DB-A3747429B74E","uid":"5D94C0CE-A643-8EAD-64A8-78B716BA88A9"},{"_type":"KefedLink","end":"26816B63-D91B-BC97-5C92-A3747429CBA5","start":"D84D96C3-6695-A603-EB7A-A37474290E13","uid":"199E68D5-79C8-2EEC-452B-78B7AB0F8C93"},{"_type":"KefedLink","end":"610C4F04-85A6-00D0-A28C-A374742928CA","start":"26816B63-D91B-BC97-5C92-A3747429CBA5","uid":"BB89F14F-D850-D262-EAA9-78B821C4BAC9"},{"_type":"KefedLink","end":"D84D96C3-6695-A603-EB7A-A37474290E13","start":"840DB5A1-60EE-88A2-ED6B-A3747429C661","uid":"ADB8BB46-470F-5A76-E8A9-78BBA1B5FC4F"},{"_type":"KefedLink","end":"26816B63-D91B-BC97-5C92-A3747429CBA5","start":"DDFC3023-804A-9230-3338-A37474291080","uid":"B7BF7488-7EBB-C7AA-3580-78BC9CD276D2"},{"_type":"KefedLink","end":"351984ED-F889-2812-A3AE-A374742878D4","start":"AFF848DE-524C-9E99-F339-A3747429F068","uid":"C9029B14-FD42-753D-DB03-790EE8F644EE"},{"_type":"KefedLink","end":"FAC2994A-502B-1051-9174-A3747428E64E","start":"351984ED-F889-2812-A3AE-A374742878D4","uid":"1D9B6EF8-07A6-B3BC-5908-791C8E320063"},{"_type":"KefedLink","end":"FAC2994A-502B-1051-9174-A3747428E64E","start":"DD283FC0-E363-F0E7-E4E4-A37474290ADE","uid":"415C366D-E775-E492-E58B-791D3C26D4BF"},{"_type":"KefedLink","end":"4D561282-A1B7-3541-95A0-A37474282BE7","start":"FAC2994A-502B-1051-9174-A3747428E64E","uid":"D95B500F-EC0F-D9E9-09B7-A30693CFAF76"}],"diagramXML":"<diagram version=\"0\" width=\"2879\" height=\"2879\" id=\"763ED148-E7F3-705B-6502-78B2A5814AF7\">\n  <columns id=\"9EBAA77A-0695-1C85-BED8-78B2A5816E1C\" multicolumn=\"false\">\n    <column id=\"79A41F92-E438-694F-5A01-78B2A5811B1E\" width=\"2817\" height=\"30\" title=\"Default column\"/>\n    <column id=\"3C1FF556-5D8D-D501-81AE-78B33A0757DE\" width=\"80\" height=\"30\" title=\"Default column\"/>\n    <column id=\"B9A5FD4C-5072-CAE9-F93D-790B332BEF61\" width=\"80\" height=\"30\" title=\"Default column\"/>\n    <column id=\"5E976005-5475-C96E-ECB5-791BEA35651F\" width=\"80\" height=\"30\" title=\"Default column\"/>\n    <column id=\"6AC18DA9-0A13-5A90-7460-791ED295BD9D\" width=\"80\" height=\"30\" title=\"Default column\"/>\n    <column id=\"2678AE3D-88E0-30D3-A325-797EDB9ED621\" width=\"80\" height=\"30\" title=\"Default column\"/>\n    <column id=\"4FAFF106-C2BC-CD96-E4E3-887B5AA85044\" width=\"80\" height=\"30\" title=\"Default column\"/>\n    <column id=\"A54719A5-EE46-FA66-E193-88B5979C9567\" width=\"80\" height=\"30\" title=\"Default column\"/>\n    <column id=\"1C0AC181-D536-9A95-14D5-88C0C307C3D5\" width=\"80\" height=\"30\" title=\"Default column\"/>\n    <column id=\"83680896-E330-B6BC-6624-88E5990C21F5\" width=\"80\" height=\"30\" title=\"Default column\"/>\n    <column id=\"2887D0EB-A235-E50A-AD1B-88E8A6E506BC\" width=\"80\" height=\"30\" title=\"Default column\"/>\n    <column id=\"011546BD-9FA8-2E2B-46AA-A301C52E4018\" width=\"80\" height=\"30\" title=\"Default column\"/>\n    <column id=\"6B09033C-B795-2EAB-99D6-A374E401CE1D\" width=\"80\" height=\"30\" title=\"Default column\"/>\n    <column id=\"767AA4BE-E088-6D62-5BF3-CC53AB98A79E\" width=\"80\" height=\"30\" title=\"Default column\"/>\n  </columns>\n  <panels id=\"1FA1B5C8-4194-5F7D-AC26-78B2A58171EE\" multipanel=\"false\">\n    <panel id=\"B6A21531-A056-009A-6310-78B2A581C5D2\" height=\"2879\" title=\"2Tfx_IP_WB\">\n      <lane id=\"E6F2BB19-0507-F848-30A3-78B2A581CE35\" height=\"2879\" title=\"3Tfx_IP_WB\">\n        <links id=\"07B16B61-0816-17C3-B755-78B2A581CCE7\">\n          <link id=\"8B76C99A-EADD-CB84-1C5C-78B690D8E45E\" dataid=\"965835BC-5323-9DB5-3A05-78B699B9F646\" master=\"D7125A79-A71C-855D-F380-78B690D88CED\" behaviour=\"0\" geometry=\"0\" styleclass=\".lanescope-link\" x=\"319\" y=\"470\" points=\"8,-268.4 18,-268.4 18,-160.1\" target=\"7DBF3BF1-41EE-1958-9CE5-78B690D81DC3\"/>\n          <link id=\"EF7593BD-93E0-C222-8253-78B70D12D0D0\" dataid=\"5D94C0CE-A643-8EAD-64A8-78B716BA88A9\" master=\"9EFDB32A-4680-9E77-19D2-78B70D12112D\" behaviour=\"0\" geometry=\"0\" styleclass=\".lanescope-link\" x=\"318.95\" y=\"538\" points=\"9,-228.1 10.25,-228.1 10.25,-147.9\" target=\"355D3AC9-6EEF-37E6-64FC-78B70D12FDBA\"/>\n          <link id=\"C51B735D-D39F-97CB-FF4D-78B7A581BDEE\" dataid=\"199E68D5-79C8-2EEC-452B-78B7AB0F8C93\" master=\"D9BFFCD3-90A0-0B39-E6A9-78B7A5817E8D\" behaviour=\"0\" geometry=\"0\" styleclass=\".lanescope-link\" x=\"319.2\" y=\"623\" points=\"10,-232.9 13.55,-232.9 13.55,-132\" target=\"CADD2A6B-A27D-71CF-9CAC-78B7A581CE74\"/>\n          <link id=\"1F980322-F1E9-DB4F-C9CE-78B81A0CA554\" dataid=\"BB89F14F-D850-D262-EAA9-78B821C4BAC9\" master=\"99BE2DEB-B71C-B38F-22B9-78B81A0CDD82\" behaviour=\"0\" geometry=\"0\" styleclass=\".lanescope-link\" x=\"320.75\" y=\"712\" points=\"12,-221.05 10.25,-221.05 10.25,-133\" target=\"726CD328-14D6-F79C-B6C0-78B81A0C8D5A\"/>\n          <link id=\"39ABBD3A-FB0E-4A36-6088-78BC9CD0A43E\" dataid=\"B7BF7488-7EBB-C7AA-3580-78BC9CD276D2\" master=\"4549DB9F-3D8F-FC2F-7927-78BC9CD0DAFA\" behaviour=\"0\" geometry=\"0\" styleclass=\".lanescope-link\" x=\"201\" y=\"754\" points=\"12,-266.05 75.25,-266.05 75.25,-256\" target=\"AC4529D3-491B-1465-5B77-78BC9CD0F029\"/>\n          <link id=\"19E83F7B-906F-EF2B-ADE6-790EE8F347D2\" dataid=\"C9029B14-FD42-753D-DB03-790EE8F644EE\" master=\"CA1569CB-6F46-4D30-D361-790EE8F4D3AB\" behaviour=\"0\" geometry=\"0\" styleclass=\".lanescope-link\" x=\"194.3\" y=\"76\" points=\"-1,-33 70.7,-33 70.7,-16.9\" target=\"91085053-B47A-E7D3-E3B9-790EE8F4212C\"/>\n          <link id=\"65414C50-4715-5E4D-C168-791C8E3066D9\" dataid=\"1D9B6EF8-07A6-B3BC-5908-791C8E320063\" master=\"A20D6DC9-1343-DE79-2DB0-791C8E309118\" behaviour=\"0\" geometry=\"0\" styleclass=\".lanescope-link\" x=\"319\" y=\"95.1\" points=\"0,-18 0,4.5 1,4.5\" target=\"D5CF77A2-144F-76EC-6A33-791C8E300A83\"/>\n          <link id=\"90D33B27-8984-46C5-7A14-78BBA1B3F850\" dataid=\"ADB8BB46-470F-5A76-E8A9-78BBA1B5FC4F\" master=\"CE0EC47B-37B5-570C-49C9-78BBA1B3A53D\" behaviour=\"0\" geometry=\"0\" styleclass=\".lanescope-link\" x=\"199\" y=\"646.6\" points=\"10,-258.1 75.2,-258.1 75.2,-278\" target=\"7B7B9A8B-D411-00A0-F197-78BBA1B34ACE\"/>\n          <link id=\"0E1B5F88-FF9E-A34A-B200-791D3C25C633\" dataid=\"415C366D-E775-E492-E58B-791D3C26D4BF\" master=\"CD533CC0-B94F-7C71-41E9-791D3C25D13E\" behaviour=\"0\" geometry=\"0\" styleclass=\".lanescope-link\" x=\"194\" y=\"161\" points=\"-3,-34 96.25,-34 96.25,-27\" target=\"03BD6C7A-E8A6-9001-AB6B-791D3C259EA0\"/>\n          <link id=\"C26EA719-5AEF-C6B5-E9E9-A30693CD1103\" dataid=\"D95B500F-EC0F-D9E9-09B7-A30693CFAF76\" master=\"7E5D8390-5384-DFC7-C725-A30693CD2B2E\" behaviour=\"0\" geometry=\"0\" styleclass=\".lanescope-link\" x=\"318.25\" y=\"164.6\" points=\"0,0 0,26 7,26\" target=\"E0E06F92-DC3C-1015-B713-A30693CD4390\"/>\n        </links>\n        <sprites id=\"97820F67-3B85-C08C-9115-78B2A5818D9B\">\n          <sprite id=\"DFF1519B-E662-2239-5408-78B34E1F7CF0\" dataid=\"351984ED-F889-2812-A3AE-A374742878D4\" annotation=\"673445AD-AD67-80DD-7777-78B418040B76\" dx=\"NaN\" dy=\"NaN\" box=\"264,14.1,119.85,63\" spriteid=\"Experimental Object\">\n            <anchor id=\"91085053-B47A-E7D3-E3B9-790EE8F4212C\" dx=\"1\" dy=\"45\" target=\"19E83F7B-906F-EF2B-ADE6-790EE8F347D2\"/>\n            <anchor id=\"A20D6DC9-1343-DE79-2DB0-791C8E309118\" dx=\"55\" dy=\"63\" target=\"65414C50-4715-5E4D-C168-791C8E3066D9\"/>\n            <anchor id=\"83AFD6A0-8F17-9AD5-95BA-78B4180F0C3E\" dx=\"0\" dy=\"0\" target=\"673445AD-AD67-80DD-7777-78B418040B76\"/>\n          </sprite>\n          <sprite id=\"00A2C59A-C7D7-9598-559F-790EDD07191D\" dataid=\"AFF848DE-524C-9E99-F339-A3747429F068\" annotation=\"F496DCDB-716C-1E16-AFA9-790EEDA21105\" dx=\"NaN\" dy=\"NaN\" box=\"166.3,32,25.05,28.3\" spriteid=\"Constant Specification\">\n            <anchor id=\"CA1569CB-6F46-4D30-D361-790EE8F4D3AB\" dx=\"27\" dy=\"11\" target=\"19E83F7B-906F-EF2B-ADE6-790EE8F347D2\"/>\n            <anchor id=\"1B38143D-FEB5-7CD8-723F-790EEDA8F038\" dx=\"0\" dy=\"0\" target=\"F496DCDB-716C-1E16-AFA9-790EEDA21105\"/>\n          </sprite>\n          <sprite id=\"F2E9789C-0676-7E11-E301-78B5C7270EEA\" dataid=\"FAC2994A-502B-1051-9174-A3747428E64E\" annotation=\"5FFB6DF2-80E2-5A7D-E885-78B5CF6385A7\" dx=\"NaN\" dy=\"NaN\" box=\"261.25,101.6,119.5,62.75\" spriteid=\"Activity\">\n            <anchor id=\"7F669E25-5DBB-24BA-C8ED-78B5CF69A57B\" dx=\"0\" dy=\"0\" target=\"5FFB6DF2-80E2-5A7D-E885-78B5CF6385A7\"/>\n            <anchor id=\"7E5D8390-5384-DFC7-C725-A30693CD2B2E\" dx=\"57\" dy=\"63\" target=\"C26EA719-5AEF-C6B5-E9E9-A30693CD1103\"/>\n            <anchor id=\"03BD6C7A-E8A6-9001-AB6B-791D3C259EA0\" dx=\"29\" dy=\"32.4\" target=\"0E1B5F88-FF9E-A34A-B200-791D3C25C633\"/>\n            <anchor id=\"D5CF77A2-144F-76EC-6A33-791C8E300A83\" dx=\"58.75\" dy=\"-2\" target=\"65414C50-4715-5E4D-C168-791C8E3066D9\"/>\n          </sprite>\n          <sprite id=\"B979AC95-52F7-E99F-79C7-78B70D0DE64F\" dataid=\"D84D96C3-6695-A603-EB7A-A37474290E13\" annotation=\"FB0B50E2-DA94-D8CF-0902-78B71855BE92\" dx=\"NaN\" dy=\"NaN\" box=\"248.2,360.6,162,59\" spriteid=\"Activity\">\n            <anchor id=\"7B7B9A8B-D411-00A0-F197-78BBA1B34ACE\" dx=\"26\" dy=\"8\" target=\"90D33B27-8984-46C5-7A14-78BBA1B3F850\"/>\n            <anchor id=\"355D3AC9-6EEF-37E6-64FC-78B70D12FDBA\" dx=\"81\" dy=\"29.523505976095617\" target=\"EF7593BD-93E0-C222-8253-78B70D12D0D0\"/>\n            <anchor id=\"8EE5990B-5120-4953-F518-78B7185CEFD1\" dx=\"0\" dy=\"0\" target=\"FB0B50E2-DA94-D8CF-0902-78B71855BE92\"/>\n            <anchor id=\"D9BFFCD3-90A0-0B39-E6A9-78B7A5817E8D\" dx=\"81\" dy=\"29.5\" target=\"C51B735D-D39F-97CB-FF4D-78B7A581BDEE\"/>\n          </sprite>\n          <sprite id=\"4FA20054-2D27-18F6-2330-78B690D31E41\" dataid=\"C0842DBC-CBB6-00D4-50DB-A3747429B74E\" annotation=\"BBAEDB4C-FBB7-DB45-BEFB-78B69ACDEAA7\" dx=\"NaN\" dy=\"NaN\" box=\"268.05,278.4,119.85,63\" spriteid=\"Experimental Object\">\n            <anchor id=\"7D5F4DCC-1B6D-E820-C9F7-78B69AD3AACD\" dx=\"0\" dy=\"0\" target=\"BBAEDB4C-FBB7-DB45-BEFB-78B69ACDEAA7\"/>\n            <anchor id=\"9EFDB32A-4680-9E77-19D2-78B70D12112D\" dx=\"59.9\" dy=\"31.5\" target=\"EF7593BD-93E0-C222-8253-78B70D12D0D0\"/>\n            <anchor id=\"7DBF3BF1-41EE-1958-9CE5-78B690D81DC3\" dx=\"68.95\" dy=\"31.5\" target=\"8B76C99A-EADD-CB84-1C5C-78B690D8E45E\"/>\n          </sprite>\n          <sprite id=\"2F5159C8-6BEA-DDE8-0619-78B63B8C42B3\" dataid=\"4D561282-A1B7-3541-95A0-A37474282BE7\" annotation=\"318BE034-16DC-698F-0C77-78B6472499AA\" dx=\"NaN\" dy=\"NaN\" box=\"267.25,191.6,119.5,62.75\" spriteid=\"Activity\">\n            <anchor id=\"E0E06F92-DC3C-1015-B713-A30693CD4390\" dx=\"58\" dy=\"-1\" target=\"C26EA719-5AEF-C6B5-E9E9-A30693CD1103\"/>\n            <anchor id=\"D7125A79-A71C-855D-F380-78B690D88CED\" dx=\"59.75\" dy=\"10\" target=\"8B76C99A-EADD-CB84-1C5C-78B690D8E45E\"/>\n            <anchor id=\"1F5E5889-B55D-9566-77F9-78B64729C8A5\" dx=\"0\" dy=\"0\" target=\"318BE034-16DC-698F-0C77-78B6472499AA\"/>\n          </sprite>\n          <sprite id=\"D90CD077-51BE-C12E-678F-78BB84F3525C\" dataid=\"840DB5A1-60EE-88A2-ED6B-A3747429C661\" annotation=\"33DB63C2-D005-5A44-56B7-78BBF17F66D0\" dx=\"NaN\" dy=\"NaN\" box=\"183,350.9,25.049999999999997,76.3\" spriteid=\"Parameter Specification\">\n            <anchor id=\"D1B5C0BD-099B-2232-E4BF-78BBF185F70D\" dx=\"0\" dy=\"0\" target=\"33DB63C2-D005-5A44-56B7-78BBF17F66D0\"/>\n            <anchor id=\"CE0EC47B-37B5-570C-49C9-78BBA1B3A53D\" dx=\"26\" dy=\"37.6\" target=\"90D33B27-8984-46C5-7A14-78BBA1B3F850\"/>\n          </sprite>\n          <sprite id=\"866C1DBF-FC2E-C8FB-5971-78B7A57BD34E\" dataid=\"26816B63-D91B-BC97-5C92-A3747429CBA5\" annotation=\"36956BDF-7695-4B12-2222-78B7AC89A75B\" dx=\"NaN\" dy=\"NaN\" box=\"272.25,459.6,121,62.75\" spriteid=\"Activity\">\n            <anchor id=\"99BE2DEB-B71C-B38F-22B9-78B81A0CDD82\" dx=\"60.5\" dy=\"31.35\" target=\"1F980322-F1E9-DB4F-C9CE-78B81A0CA554\"/>\n            <anchor id=\"7B26B4EB-2384-1FB6-91AB-78B7AC8F4802\" dx=\"0\" dy=\"0\" target=\"36956BDF-7695-4B12-2222-78B7AC89A75B\"/>\n            <anchor id=\"AC4529D3-491B-1465-5B77-78BC9CD0F029\" dx=\"4\" dy=\"38.4\" target=\"39ABBD3A-FB0E-4A36-6088-78BC9CD0A43E\"/>\n            <anchor id=\"CADD2A6B-A27D-71CF-9CAC-78B7A581CE74\" dx=\"60.50000000000001\" dy=\"31.4\" target=\"C51B735D-D39F-97CB-FF4D-78B7A581BDEE\"/>\n          </sprite>\n          <sprite id=\"D465C8EB-57E1-D1B6-435D-78BC55090D20\" dataid=\"DDFC3023-804A-9230-3338-A37474291080\" annotation=\"378DB40B-FE53-C180-C2FB-78BC5904D3D6\" dx=\"NaN\" dy=\"NaN\" box=\"186,460.95,25.049999999999997,76.3\" spriteid=\"Parameter Specification\">\n            <anchor id=\"4549DB9F-3D8F-FC2F-7927-78BC9CD0DAFA\" dx=\"27\" dy=\"27\" target=\"39ABBD3A-FB0E-4A36-6088-78BC9CD0A43E\"/>\n            <anchor id=\"2FC1C6A2-0685-49E7-50CB-78BC590AC4BB\" dx=\"0\" dy=\"0\" target=\"378DB40B-FE53-C180-C2FB-78BC5904D3D6\"/>\n          </sprite>\n          <sprite id=\"14C70219-FB94-D44F-0821-791D2F328CB4\" dataid=\"DD283FC0-E363-F0E7-E4E4-A37474290ADE\" annotation=\"85C48DD1-E4E2-A81E-5D93-791D3FF3B2A7\" dx=\"NaN\" dy=\"NaN\" box=\"166,91,25.049999999999997,76.3\" spriteid=\"Parameter Specification\">\n            <anchor id=\"CD533CC0-B94F-7C71-41E9-791D3C25D13E\" dx=\"25\" dy=\"36\" target=\"0E1B5F88-FF9E-A34A-B200-791D3C25C633\"/>\n            <anchor id=\"D1EE648D-09CD-068B-59BA-791D3FFA1F18\" dx=\"0\" dy=\"0\" target=\"85C48DD1-E4E2-A81E-5D93-791D3FF3B2A7\"/>\n          </sprite>\n          <sprite id=\"753B260A-35F5-C45D-42E3-78B81A04B708\" dataid=\"610C4F04-85A6-00D0-A28C-A374742928CA\" selected=\"true\" annotation=\"53B5F940-2CB5-03D3-F34B-78B842B5A4BA\" dx=\"NaN\" dy=\"NaN\" box=\"299,547.45,64,63.1\" spriteid=\"Measurement Specification\">\n            <anchor id=\"F430C836-941D-6C50-A0E7-78B842BD391A\" dx=\"0\" dy=\"0\" target=\"53B5F940-2CB5-03D3-F34B-78B842B5A4BA\"/>\n            <anchor id=\"726CD328-14D6-F79C-B6C0-78B81A0C8D5A\" dx=\"32\" dy=\"31.55\" target=\"1F980322-F1E9-DB4F-C9CE-78B81A0CA554\"/>\n          </sprite>\n        </sprites>\n        <annotations id=\"90825723-95AD-BE89-0ABB-78B2A581DD4C\">\n          <annotation id=\"673445AD-AD67-80DD-7777-78B418040B76\" master=\"83AFD6A0-8F17-9AD5-95BA-78B4180F0C3E\" dx=\"8.899999999999977\" dy=\"21\" box=\"272.9,35.1,100,16\" spriteid=\"annotation\"><![CDATA[Cell-Line]]></annotation>\n          <annotation id=\"F496DCDB-716C-1E16-AFA9-790EEDA21105\" master=\"1B38143D-FEB5-7CD8-723F-790EEDA8F038\" dx=\"-37.5\" dy=\"28.30000000000001\" box=\"128.8,60.3,100,16\" spriteid=\"annotation\"><![CDATA[cell-type]]></annotation>\n          <annotation id=\"FB0B50E2-DA94-D8CF-0902-78B71855BE92\" master=\"8EE5990B-5120-4953-F518-78B7185CEFD1\" dx=\"-0.8499999999999659\" dy=\"15.549999999999956\" box=\"247.35,376.15,155,20\" spriteid=\"annotation\"><![CDATA[Immunoprecipitation]]></annotation>\n          <annotation id=\"BBAEDB4C-FBB7-DB45-BEFB-78B69ACDEAA7\" master=\"7D5F4DCC-1B6D-E820-C9F7-78B69AD3AACD\" dx=\"8.899999999999977\" dy=\"16\" box=\"276.95,294.4,100,30\" spriteid=\"annotation\"><![CDATA[Lysate]]></annotation>\n          <annotation id=\"318BE034-16DC-698F-0C77-78B6472499AA\" master=\"1F5E5889-B55D-9566-77F9-78B64729C8A5\" dx=\"5.75\" dy=\"15.75\" box=\"273,207.35,100,23.25\" spriteid=\"annotation\"><![CDATA[Cell Lysing]]></annotation>\n          <annotation id=\"33DB63C2-D005-5A44-56B7-78BBF17F66D0\" master=\"D1B5C0BD-099B-2232-E4BF-78BBF185F70D\" dx=\"-141\" dy=\"3.3000000000000114\" box=\"42,354.2,127.5,19.700000000000003\" spriteid=\"annotation\"><![CDATA[immunoprecipitate]]></annotation>\n          <annotation id=\"36956BDF-7695-4B12-2222-78B7AC89A75B\" master=\"7B26B4EB-2384-1FB6-91AB-78B7AC8F4802\" dx=\"4.800000000000011\" dy=\"12.75\" box=\"277.05,472.35,106.95,36.65\" spriteid=\"annotation\"><![CDATA[Western\rBlot]]></annotation>\n          <annotation id=\"53B5F940-2CB5-03D3-F34B-78B842B5A4BA\" master=\"F430C836-941D-6C50-A0E7-78B842BD391A\" dx=\"-108\" dy=\"10.100000000000025\" box=\"191,557.55,100,40.45\" spriteid=\"annotation\"><![CDATA[protein-concentration]]></annotation>\n          <annotation id=\"378DB40B-FE53-C180-C2FB-78BC5904D3D6\" master=\"2FC1C6A2-0685-49E7-50CB-78BC590AC4BB\" dx=\"-112.5\" dy=\"1.3000000000000114\" box=\"73.5,462.25,100,46.7\" spriteid=\"annotation\"><![CDATA[primary-antibody]]></annotation>\n          <annotation id=\"5FFB6DF2-80E2-5A7D-E885-78B5CF6385A7\" master=\"7F669E25-5DBB-24BA-C8ED-78B5CF69A57B\" dx=\"6.75\" dy=\"7.75\" box=\"268,109.35,100,35.25\" spriteid=\"annotation\"><![CDATA[Triple Transfection]]></annotation>\n          <annotation id=\"85C48DD1-E4E2-A81E-5D93-791D3FF3B2A7\" master=\"D1EE648D-09CD-068B-59BA-791D3FFA1F18\" dx=\"-108.5\" dy=\"12.300000000000011\" box=\"57.5,103.3,100,35.7\" spriteid=\"annotation\"><![CDATA[promoter-construct]]></annotation>\n        </annotations>\n      </lane>\n      <links id=\"B7F89C45-B289-8DEA-7D19-78B2A58131B8\"/>\n      <annotations id=\"649A418C-9F74-BB70-D074-78B2A5813F09\"/>\n    </panel>\n    <links id=\"C73AA95D-2530-67D0-FA39-78B2A581D58C\"/>\n    <annotations id=\"06224632-CEE2-619F-86DD-78B2A5815401\"/>\n  </panels>\n</diagram>","uid":"46E1ACAB-7471-21FE-F468-CC523F2953E3","description":"","designUid":"56F20B78-C102-C3AE-D791-A374742851D5","type":"3Tfx_IP_WB","experimentData":{"610C4F04-85A6-00D0-A28C-A374742928CA":[{"DDFC3023-804A-9230-3338-A37474291080":"Sos-1","840DB5A1-60EE-88A2-ED6B-A3747429C661":"lysate","AFF848DE-524C-9E99-F339-A3747429F068":"Cos-7","610C4F04-85A6-00D0-A28C-A374742928CA":"6/7: high","mx_internal_uid":"65A6F3EF-3C37-85BA-147C-CC5E37BD083E","DD283FC0-E363-F0E7-E4E4-A37474290ADE":{"8E1C1B6C-5510-9872-B39F-A375B44F4D5E":"AbiWT","04C30481-BB3F-3DFA-2415-A3747429F847":"Sos-1","59EF80F9-3067-8522-0FAE-A37474299032":"myEps8"}},{"DDFC3023-804A-9230-3338-A37474291080":"Sos-1","840DB5A1-60EE-88A2-ED6B-A3747429C661":"lysate","AFF848DE-524C-9E99-F339-A3747429F068":"Cos-7","610C4F04-85A6-00D0-A28C-A374742928CA":"6/7: high","mx_internal_uid":"E2CB3D72-9A8A-4476-4CA4-CC5E37D7651A","DD283FC0-E363-F0E7-E4E4-A37474290ADE":{"8E1C1B6C-5510-9872-B39F-A375B44F4D5E":"Abi-Y407F","04C30481-BB3F-3DFA-2415-A3747429F847":"Sos-1","59EF80F9-3067-8522-0FAE-A37474299032":"myEps8"}},{"DDFC3023-804A-9230-3338-A37474291080":"Sos-1","840DB5A1-60EE-88A2-ED6B-A3747429C661":"control","AFF848DE-524C-9E99-F339-A3747429F068":"Cos-7","610C4F04-85A6-00D0-A28C-A374742928CA":"0/7: none","mx_internal_uid":"A4028846-279C-FED1-6823-CC5E37DA357D","DD283FC0-E363-F0E7-E4E4-A37474290ADE":{"8E1C1B6C-5510-9872-B39F-A375B44F4D5E":"AbiWT","04C30481-BB3F-3DFA-2415-A3747429F847":"Sos-1","59EF80F9-3067-8522-0FAE-A37474299032":"myEps8"}},{"DDFC3023-804A-9230-3338-A37474291080":"Sos-1","840DB5A1-60EE-88A2-ED6B-A3747429C661":"control","AFF848DE-524C-9E99-F339-A3747429F068":"Cos-7","610C4F04-85A6-00D0-A28C-A374742928CA":"0/7: none","mx_internal_uid":"9E0276AF-6339-0585-C5C9-CC5E37DE54C0","DD283FC0-E363-F0E7-E4E4-A37474290ADE":{"8E1C1B6C-5510-9872-B39F-A375B44F4D5E":"Abi-Y407F","04C30481-BB3F-3DFA-2415-A3747429F847":"Sos-1","59EF80F9-3067-8522-0FAE-A37474299032":"myEps8"}},{"DDFC3023-804A-9230-3338-A37474291080":"Sos-1","840DB5A1-60EE-88A2-ED6B-A3747429C661":"myc","AFF848DE-524C-9E99-F339-A3747429F068":"Cos-7","610C4F04-85A6-00D0-A28C-A374742928CA":"4/7: moderate","mx_internal_uid":"969B5BDA-55CF-1CAB-5324-CC5E37E23F77","DD283FC0-E363-F0E7-E4E4-A37474290ADE":{"8E1C1B6C-5510-9872-B39F-A375B44F4D5E":"AbiWT","04C30481-BB3F-3DFA-2415-A3747429F847":"Sos-1","59EF80F9-3067-8522-0FAE-A37474299032":"myEps8"}},{"DDFC3023-804A-9230-3338-A37474291080":"Sos-1","840DB5A1-60EE-88A2-ED6B-A3747429C661":"myc","AFF848DE-524C-9E99-F339-A3747429F068":"Cos-7","610C4F04-85A6-00D0-A28C-A374742928CA":"4/7: moderate","mx_internal_uid":"68D5E5FB-EFA9-AC49-E29D-CC5E37E5CD03","DD283FC0-E363-F0E7-E4E4-A37474290ADE":{"8E1C1B6C-5510-9872-B39F-A375B44F4D5E":"Abi-Y407F","04C30481-BB3F-3DFA-2415-A3747429F847":"Sos-1","59EF80F9-3067-8522-0FAE-A37474299032":"myEps8"}},{"DDFC3023-804A-9230-3338-A37474291080":"Eps8","840DB5A1-60EE-88A2-ED6B-A3747429C661":"lysate","AFF848DE-524C-9E99-F339-A3747429F068":"Cos-7","610C4F04-85A6-00D0-A28C-A374742928CA":"5/7: moderate/high","mx_internal_uid":"1880D410-AF12-5929-25D5-CC5E37EA5A39","DD283FC0-E363-F0E7-E4E4-A37474290ADE":{"8E1C1B6C-5510-9872-B39F-A375B44F4D5E":"AbiWT","04C30481-BB3F-3DFA-2415-A3747429F847":"Sos-1","59EF80F9-3067-8522-0FAE-A37474299032":"myEps8"}},{"DDFC3023-804A-9230-3338-A37474291080":"Eps8","840DB5A1-60EE-88A2-ED6B-A3747429C661":"lysate","AFF848DE-524C-9E99-F339-A3747429F068":"Cos-7","610C4F04-85A6-00D0-A28C-A374742928CA":"5/7: moderate/high","mx_internal_uid":"29BFBE33-CA81-B399-4D7B-CC5E37EF7A50","DD283FC0-E363-F0E7-E4E4-A37474290ADE":{"8E1C1B6C-5510-9872-B39F-A375B44F4D5E":"Abi-Y407F","04C30481-BB3F-3DFA-2415-A3747429F847":"Sos-1","59EF80F9-3067-8522-0FAE-A37474299032":"myEps8"}},{"DDFC3023-804A-9230-3338-A37474291080":"Eps8","840DB5A1-60EE-88A2-ED6B-A3747429C661":"control","AFF848DE-524C-9E99-F339-A3747429F068":"Cos-7","610C4F04-85A6-00D0-A28C-A374742928CA":"0/7: none","mx_internal_uid":"AA1827BD-5630-0ECE-11D3-CC5E37F38A41","DD283FC0-E363-F0E7-E4E4-A37474290ADE":{"8E1C1B6C-5510-9872-B39F-A375B44F4D5E":"AbiWT","04C30481-BB3F-3DFA-2415-A3747429F847":"Sos-1","59EF80F9-3067-8522-0FAE-A37474299032":"myEps8"}},{"DDFC3023-804A-9230-3338-A37474291080":"Eps8","840DB5A1-60EE-88A2-ED6B-A3747429C661":"control","AFF848DE-524C-9E99-F339-A3747429F068":"Cos-7","610C4F04-85A6-00D0-A28C-A374742928CA":"0/7: none","mx_internal_uid":"967132B2-2719-CE17-94BD-CC5E37F7CB3A","DD283FC0-E363-F0E7-E4E4-A37474290ADE":{"8E1C1B6C-5510-9872-B39F-A375B44F4D5E":"Abi-Y407F","04C30481-BB3F-3DFA-2415-A3747429F847":"Sos-1","59EF80F9-3067-8522-0FAE-A37474299032":"myEps8"}},{"DDFC3023-804A-9230-3338-A37474291080":"Eps8","840DB5A1-60EE-88A2-ED6B-A3747429C661":"myc","AFF848DE-524C-9E99-F339-A3747429F068":"Cos-7","610C4F04-85A6-00D0-A28C-A374742928CA":"7/7: very high","mx_internal_uid":"3FD02209-3542-FE9B-832C-CC5E37FB6C07","DD283FC0-E363-F0E7-E4E4-A37474290ADE":{"8E1C1B6C-5510-9872-B39F-A375B44F4D5E":"AbiWT","04C30481-BB3F-3DFA-2415-A3747429F847":"Sos-1","59EF80F9-3067-8522-0FAE-A37474299032":"myEps8"}},{"DDFC3023-804A-9230-3338-A37474291080":"Eps8","840DB5A1-60EE-88A2-ED6B-A3747429C661":"myc","AFF848DE-524C-9E99-F339-A3747429F068":"Cos-7","610C4F04-85A6-00D0-A28C-A374742928CA":"7/7: very high","mx_internal_uid":"B6294448-97D7-B818-F8E8-CC5E37FF185D","DD283FC0-E363-F0E7-E4E4-A37474290ADE":{"8E1C1B6C-5510-9872-B39F-A375B44F4D5E":"Abi-Y407F","04C30481-BB3F-3DFA-2415-A3747429F847":"Sos-1","59EF80F9-3067-8522-0FAE-A37474299032":"myEps8"}},{"DDFC3023-804A-9230-3338-A37474291080":"Abi1","840DB5A1-60EE-88A2-ED6B-A3747429C661":"lysate","AFF848DE-524C-9E99-F339-A3747429F068":"Cos-7","610C4F04-85A6-00D0-A28C-A374742928CA":"7/7: very high","mx_internal_uid":"62F5203C-5C8E-5BF5-9D0F-CC5E3803143C","DD283FC0-E363-F0E7-E4E4-A37474290ADE":{"8E1C1B6C-5510-9872-B39F-A375B44F4D5E":"AbiWT","04C30481-BB3F-3DFA-2415-A3747429F847":"Sos-1","59EF80F9-3067-8522-0FAE-A37474299032":"myEps8"}},{"DDFC3023-804A-9230-3338-A37474291080":"Abi1","840DB5A1-60EE-88A2-ED6B-A3747429C661":"lysate","AFF848DE-524C-9E99-F339-A3747429F068":"Cos-7","610C4F04-85A6-00D0-A28C-A374742928CA":"7/7: very high","mx_internal_uid":"21D9D0ED-0774-0C71-B957-CC5E3806C69F","DD283FC0-E363-F0E7-E4E4-A37474290ADE":{"8E1C1B6C-5510-9872-B39F-A375B44F4D5E":"Abi-Y407F","04C30481-BB3F-3DFA-2415-A3747429F847":"Sos-1","59EF80F9-3067-8522-0FAE-A37474299032":"myEps8"}},{"DD283FC0-E363-F0E7-E4E4-A37474290ADE":{"8E1C1B6C-5510-9872-B39F-A375B44F4D5E":"AbiWT","04C30481-BB3F-3DFA-2415-A3747429F847":"Sos-1","59EF80F9-3067-8522-0FAE-A37474299032":"myEps8"},"DDFC3023-804A-9230-3338-A37474291080":"Abi1","840DB5A1-60EE-88A2-ED6B-A3747429C661":"control","AFF848DE-524C-9E99-F339-A3747429F068":"Cos-7","610C4F04-85A6-00D0-A28C-A374742928CA":"0/7: none"},{"DD283FC0-E363-F0E7-E4E4-A37474290ADE":{"8E1C1B6C-5510-9872-B39F-A375B44F4D5E":"Abi-Y407F","04C30481-BB3F-3DFA-2415-A3747429F847":"Sos-1","59EF80F9-3067-8522-0FAE-A37474299032":"myEps8"},"DDFC3023-804A-9230-3338-A37474291080":"Abi1","840DB5A1-60EE-88A2-ED6B-A3747429C661":"control","AFF848DE-524C-9E99-F339-A3747429F068":"Cos-7","610C4F04-85A6-00D0-A28C-A374742928CA":"0/7: none"},{"DD283FC0-E363-F0E7-E4E4-A37474290ADE":{"8E1C1B6C-5510-9872-B39F-A375B44F4D5E":"AbiWT","04C30481-BB3F-3DFA-2415-A3747429F847":"Sos-1","59EF80F9-3067-8522-0FAE-A37474299032":"myEps8"},"DDFC3023-804A-9230-3338-A37474291080":"Abi1","840DB5A1-60EE-88A2-ED6B-A3747429C661":"myc","AFF848DE-524C-9E99-F339-A3747429F068":"Cos-7","610C4F04-85A6-00D0-A28C-A374742928CA":"7/7: very high"},{"DD283FC0-E363-F0E7-E4E4-A37474290ADE":{"8E1C1B6C-5510-9872-B39F-A375B44F4D5E":"Abi-Y407F","04C30481-BB3F-3DFA-2415-A3747429F847":"Sos-1","59EF80F9-3067-8522-0FAE-A37474299032":"myEps8"},"DDFC3023-804A-9230-3338-A37474291080":"Abi1","840DB5A1-60EE-88A2-ED6B-A3747429C661":"myc","AFF848DE-524C-9E99-F339-A3747429F068":"Cos-7","610C4F04-85A6-00D0-A28C-A374742928CA":"7/7: very high"},{"DD283FC0-E363-F0E7-E4E4-A37474290ADE":{"8E1C1B6C-5510-9872-B39F-A375B44F4D5E":"AbiWT","04C30481-BB3F-3DFA-2415-A3747429F847":"Sos-1","59EF80F9-3067-8522-0FAE-A37474299032":"myEps8"},"DDFC3023-804A-9230-3338-A37474291080":"p85","840DB5A1-60EE-88A2-ED6B-A3747429C661":"lysate","AFF848DE-524C-9E99-F339-A3747429F068":"Cos-7","610C4F04-85A6-00D0-A28C-A374742928CA":"6/7: high"},{"DD283FC0-E363-F0E7-E4E4-A37474290ADE":{"8E1C1B6C-5510-9872-B39F-A375B44F4D5E":"Abi-Y407F","04C30481-BB3F-3DFA-2415-A3747429F847":"Sos-1","59EF80F9-3067-8522-0FAE-A37474299032":"myEps8"},"DDFC3023-804A-9230-3338-A37474291080":"p85","840DB5A1-60EE-88A2-ED6B-A3747429C661":"lysate","AFF848DE-524C-9E99-F339-A3747429F068":"Cos-7","610C4F04-85A6-00D0-A28C-A374742928CA":"6/7: high"},{"DD283FC0-E363-F0E7-E4E4-A37474290ADE":{"8E1C1B6C-5510-9872-B39F-A375B44F4D5E":"AbiWT","04C30481-BB3F-3DFA-2415-A3747429F847":"Sos-1","59EF80F9-3067-8522-0FAE-A37474299032":"myEps8"},"DDFC3023-804A-9230-3338-A37474291080":"p85","840DB5A1-60EE-88A2-ED6B-A3747429C661":"control","AFF848DE-524C-9E99-F339-A3747429F068":"Cos-7","610C4F04-85A6-00D0-A28C-A374742928CA":"0/7: none"},{"DD283FC0-E363-F0E7-E4E4-A37474290ADE":{"8E1C1B6C-5510-9872-B39F-A375B44F4D5E":"Abi-Y407F","04C30481-BB3F-3DFA-2415-A3747429F847":"Sos-1","59EF80F9-3067-8522-0FAE-A37474299032":"myEps8"},"DDFC3023-804A-9230-3338-A37474291080":"p85","840DB5A1-60EE-88A2-ED6B-A3747429C661":"control","AFF848DE-524C-9E99-F339-A3747429F068":"Cos-7","610C4F04-85A6-00D0-A28C-A374742928CA":"0/7: none"},{"DD283FC0-E363-F0E7-E4E4-A37474290ADE":{"8E1C1B6C-5510-9872-B39F-A375B44F4D5E":"AbiWT","04C30481-BB3F-3DFA-2415-A3747429F847":"Sos-1","59EF80F9-3067-8522-0FAE-A37474299032":"myEps8"},"DDFC3023-804A-9230-3338-A37474291080":"p85","840DB5A1-60EE-88A2-ED6B-A3747429C661":"myc","AFF848DE-524C-9E99-F339-A3747429F068":"Cos-7","610C4F04-85A6-00D0-A28C-A374742928CA":"1/7: very low"},{"DD283FC0-E363-F0E7-E4E4-A37474290ADE":{"8E1C1B6C-5510-9872-B39F-A375B44F4D5E":"Abi-Y407F","04C30481-BB3F-3DFA-2415-A3747429F847":"Sos-1","59EF80F9-3067-8522-0FAE-A37474299032":"myEps8"},"DDFC3023-804A-9230-3338-A37474291080":"p85","840DB5A1-60EE-88A2-ED6B-A3747429C661":"myc","AFF848DE-524C-9E99-F339-A3747429F068":"Cos-7","610C4F04-85A6-00D0-A28C-A374742928CA":"0/7: none"}]}}